condition_index,conflict_fraction,copy_x1_full_similarity,copy_x2_full_similarity,dataset_index,dataset_signature,full_target_accuracy,function_collision,indices,lineage_count_median,log_volume_max,log_volume_median,log_volume_min,loss_mean,loss_median,modal_function_hex,modal_is_target,modal_probability,mux_cell_counts,parity_alt_full_similarity,sampling_protocol,target_cell_counts,target_function_mass,target_mass_replica_mean,target_name,threshold,train_hard_exact_mass,training_copy_x1_accuracy,training_copy_x2_accuracy,training_parity_alt_accuracy,unique_function_count,unseen_agreement_replica_mean,unseen_target_accuracy
0,0.375,0.5054497718811035,0.4924349784851074,0,b1674c8027723817,0.5002894401550293,0.442418698876816,"[1, 12, 25, 26, 27, 31, 34, 35, 36, 51, 52, 62, 80, 84, 98, 110, 120, 124, 134, 137, 138, 140, 149, 156, 161, 212, 213, 222, 225, 235, 242, 249]",710.5,-1.7535894400778878,-1.7701535667176698,-1.8610044665860077,0.6745320558547974,0.6755844354629517,0x0000000000000000000000000000000000000000000000000000000000000000,False,0.6651611328125,"[6, 6, 2, 4, 6, 1, 3, 4]",0.4990859031677246,uniform_random,"[12, 6, 7, 7]",0.0,0.0,parity2,0.68,0.0,0.5625,0.4375,0.375,2594,0.9302174530039946,0.4862850734165737
1,0.375,0.5490422248840332,0.578218936920166,0,b1674c8027723817,0.5643210411071777,0.045923385089198514,"[1, 12, 25, 26, 27, 31, 34, 35, 36, 51, 52, 62, 80, 84, 98, 110, 120, 124, 134, 137, 138, 140, 149, 156, 161, 212, 213, 222, 225, 235, 242, 249]",601.0,-2.2350853096678085,-2.2421101025779437,-2.2654810496467177,0.6730266809463501,0.6748318672180176,0xFFFFFFFFFFFFFFFFFFFFFFFFFFFFFFFFFFFFFFFFFFFFFFFFFFFFFFFFFFFFFFFF,False,0.2142333984375,"[6, 6, 2, 4, 6, 1, 3, 4]",0.4985318183898926,uniform_random,"[6, 6, 2, 4, 6, 1, 3, 4]",0.0,0.0,mux3,0.68,0.0,0.75,0.875,0.3125,6249,0.6222994509740953,0.5576171875
2,0.4375,0.5012111663818359,0.49901771545410156,1,58ad15a270c226c7,0.500645637512207,0.27526189305525883,"[4, 16, 18, 22, 37, 40, 48, 68, 87, 93, 94, 97, 106, 114, 115, 118, 130, 131, 136, 139, 152, 171, 173, 178, 188, 200, 213, 216, 226, 229, 238, 242]",473.0,-3.1308690429771358,-3.1660165917938725,-3.2218042472829977,0.6771687269210815,0.6778725385665894,0xFFFFFFFFFFFFFFFFFFFFFFFFFFFFFFFFFFFFFFFFFFFFFFFFFFFFFFFFFFFFFFFF,False,0.524658203125,"[4, 3, 4, 5, 5, 4, 3, 4]",0.5001020431518555,uniform_random,"[7, 9, 9, 7]",0.0,0.0,parity2,0.68,0.0,0.5,0.5,0.4375,3562,0.9142645466426669,0.4901668003627232
3,0.4375,0.5772333145141602,0.5805158615112305,1,58ad15a270c226c7,0.5792827606201172,0.024254690027545475,"[4, 16, 18, 22, 37, 40, 48, 68, 87, 93, 94, 97, 106, 114, 115, 118, 130, 131, 136, 139, 152, 171, 173, 178, 188, 200, 213, 216, 226, 229, 238, 242]",523.0,-2.5717973986482336,-2.6502349001400582,-2.6998747008908355,0.6742217540740967,0.6757967472076416,0x0000000000000000000000000000000000000000000000000000000000000000,False,0.1556396484375,"[4, 3, 4, 5, 5, 4, 3, 4]",0.4977073669433594,uniform_random,"[4, 3, 4, 5, 5, 4, 3, 4]",0.0,0.0,mux3,0.68,0.0,0.78125,0.78125,0.28125,6750,0.5840486112114474,0.5746983119419643
4,0.46875,0.5086531639099121,0.49825620651245117,2,ce3fbc86d8d7ac0f,0.5002179145812988,0.44485876385857953,"[17, 24, 35, 40, 46, 55, 56, 66, 79, 81, 85, 97, 98, 101, 103, 111, 121, 123, 128, 131, 134, 137, 145, 146, 147, 178, 201, 202, 214, 215, 217, 249]",692.5,-1.7884323556656816,-1.8464268667248915,-1.9229146545942597,0.6749171018600464,0.6759442687034607,0xFFFFFFFFFFFFFFFFFFFFFFFFFFFFFFFFFFFFFFFFFFFFFFFFFFFFFFFFFFFFFFFF,False,0.6669921875,"[2, 5, 4, 7, 7, 1, 5, 1]",0.5001997947692871,uniform_random,"[7, 11, 8, 6]",0.0,0.0,parity2,0.68,0.0,0.5625,0.46875,0.46875,2589,0.9183896360464558,0.485802241734096
5,0.46875,0.5306591987609863,0.5462260246276855,2,ce3fbc86d8d7ac0f,0.5385146141052246,0.17549296674703943,"[17, 24, 35, 40, 46, 55, 56, 66, 79, 81, 85, 97, 98, 101, 103, 111, 121, 123, 128, 131, 134, 137, 145, 146, 147, 178, 201, 202, 214, 215, 217, 249]",670.5,-1.8940408516807816,-1.9102482802942355,-1.9152726063050651,0.6724817156791687,0.6743417382240295,0xFFFFFFFFFFFFFFFFFFFFFFFFFFFFFFFFFFFFFFFFFFFFFFFFFFFFFFFFFFFFFFFF,False,0.4189453125,"[2, 5, 4, 7, 7, 1, 5, 1]",0.5006613731384277,uniform_random,"[2, 5, 4, 7, 7, 1, 5, 1]",0.0,0.0,mux3,0.68,0.0,0.71875,0.8125,0.25,4612,0.7662922080957979,0.5288619995117188
6,0.53125,0.5180191993713379,0.5435271263122559,3,c6350c79ea7d662f,0.4990267753601074,0.15038427633034734,"[15, 16, 30, 40, 45, 63, 64, 66, 77, 86, 101, 105, 106, 110, 113, 124, 126, 130, 144, 161, 164, 174, 188, 190, 207, 209, 210, 219, 220, 231, 235, 252]",466.0,-3.127197472949714,-3.168602668330806,-3.1998669761863314,0.6766178607940674,0.6775084137916565,0xFFFFFFFFFFFFFFFFFFFFFFFFFFFFFFFFFFFFFFFFFFFFFFFFFFFFFFFFFFFFFFFF,False,0.3878173828125,"[3, 3, 4, 7, 2, 5, 5, 3]",0.5032668113708496,uniform_random,"[6, 11, 7, 8]",0.0,0.0,parity2,0.68,0.0,0.53125,0.625,0.53125,4810,0.797659132866477,0.4863706316266741
7,0.53125,0.5414752960205078,0.5281352996826172,3,c6350c79ea7d662f,0.5350790023803711,0.18597703462641924,"[15, 16, 30, 40, 45, 63, 64, 66, 77, 86, 101, 105, 106, 110, 113, 124, 126, 130, 144, 161, 164, 174, 188, 190, 207, 209, 210, 219, 220, 231, 235, 252]",640.5,-2.0041482750979935,-2.0174573023292104,-2.0528301165043863,0.6736243963241577,0.6751786470413208,0xFFFFFFFFFFFFFFFFFFFFFFFFFFFFFFFFFFFFFFFFFFFFFFFFFFFFFFFFFFFFFFFF,False,0.4312744140625,"[3, 3, 4, 7, 2, 5, 5, 3]",0.4999074935913086,uniform_random,"[3, 3, 4, 7, 2, 5, 5, 3]",0.0,0.0,mux3,0.68,0.0,0.78125,0.6875,0.15625,4480,0.7966562660201844,0.5262031555175781
8,0.5,0.48271846771240234,0.5087566375732422,4,999d074f63d85a28,0.4990425109863281,0.44992193222744475,"[3, 7, 10, 28, 69, 70, 73, 84, 110, 119, 130, 138, 142, 143, 145, 155, 156, 166, 176, 179, 181, 186, 190, 197, 202, 204, 210, 219, 221, 248, 249, 252]",675.5,-1.8071510461027915,-1.8471160846475296,-1.9525615396303408,0.6747990846633911,0.6758327484130859,0xFFFFFFFFFFFFFFFFFFFFFFFFFFFFFFFFFFFFFFFFFFFFFFFFFFFFFFFFFFFFFFFF,False,0.6707763671875,"[4, 0, 4, 2, 7, 6, 6, 3]",0.49951839447021484,uniform_random,"[4, 6, 13, 9]",0.0,0.0,parity2,0.68,0.0,0.3125,0.5625,0.5,2537,0.9289294771376421,0.48492649623325895
9,0.5,0.5257124900817871,0.5053210258483887,4,999d074f63d85a28,0.5150742530822754,0.3457336761098309,"[3, 7, 10, 28, 69, 70, 73, 84, 110, 119, 130, 138, 142, 143, 145, 155, 156, 166, 176, 179, 181, 186, 190, 197, 202, 204, 210, 219, 221, 248, 249, 252]",853.5,-1.2049643878247442,-1.210112414052976,-1.2763040941978872,0.6663587093353271,0.6683206558227539,0x0000000000000000000000000000000000000000000000000000000000000000,False,0.5880126953125,"[4, 0, 4, 2, 7, 6, 6, 3]",0.4997725486755371,uniform_random,"[4, 0, 4, 2, 7, 6, 6, 3]",0.0,0.0,mux3,0.68,0.0,0.875,0.625,0.3125,3265,0.8823714641310414,0.494605473109654
10,0.5,0.5007004737854004,0.5280823707580566,5,60086b80022888b1,0.5004515647888184,0.16681251716823342,"[1, 7, 12, 18, 42, 43, 55, 82, 84, 93, 100, 104, 111, 112, 115, 118, 155, 167, 177, 178, 184, 199, 200, 202, 204, 214, 219, 228, 229, 238, 251, 255]",542.5,-2.5402865744604735,-2.6025888594502353,-2.682072386916766,0.6754157543182373,0.676624059677124,0x0000000000000000000000000000000000000000000000000000000000000000,False,0.408447265625,"[4, 3, 3, 6, 1, 4, 6, 5]",0.496920108795166,uniform_random,"[7, 9, 5, 11]",0.0,0.0,parity2,0.68,0.0,0.5,0.625,0.5,4625,0.8053533232081451,0.487128666469029
11,0.5,0.525047779083252,0.515174388885498,5,60086b80022888b1,0.5200161933898926,0.33448654582773774,"[1, 7, 12, 18, 42, 43, 55, 82, 84, 93, 100, 104, 111, 112, 115, 118, 155, 167, 177, 178, 184, 199, 200, 202, 204, 214, 219, 228, 229, 238, 251, 255]",849.0,-1.2232383464604468,-1.2594612386549981,-1.3314531119353241,0.6678262948989868,0.6696587800979614,0xFFFFFFFFFFFFFFFFFFFFFFFFFFFFFFFFFFFFFFFFFFFFFFFFFFFFFFFFFFFFFFFF,False,0.578369140625,"[4, 3, 3, 6, 1, 4, 6, 5]",0.4997677803039551,uniform_random,"[4, 3, 3, 6, 1, 4, 6, 5]",0.0,0.0,mux3,0.68,0.0,0.8125,0.6875,0.1875,3336,0.8772268599446897,0.5033166067940849
12,0.53125,0.5240645408630371,0.47959089279174805,6,651a6b4b9f13fb6f,0.5102477073669434,0.14332723821305396,"[7, 17, 21, 22, 30, 46, 48, 58, 68, 69, 70, 71, 82, 86, 88, 99, 105, 134, 136, 140, 141, 149, 154, 169, 175, 183, 193, 197, 201, 204, 227, 237]",300.0,-5.538769968172955,-5.607903401005936,-5.6327883126071585,0.6787312030792236,0.6790972352027893,0xFFFFFFFFFFFFFFFFFFFFFFFFFFFFFFFFFFFFFFFFFFFFFFFFFFFFFFFFFFFFFFFF,False,0.37841796875,"[5, 3, 7, 2, 6, 3, 4, 2]",0.5070919990539551,uniform_random,"[8, 9, 9, 6]",0.0,0.0,parity2,0.68,0.0,0.53125,0.4375,0.53125,4326,0.9105693980332853,0.5002376011439732
13,0.53125,0.5118379592895508,0.5188627243041992,6,651a6b4b9f13fb6f,0.5156726837158203,0.33152603896425953,"[7, 17, 21, 22, 30, 46, 48, 58, 68, 69, 70, 71, 82, 86, 88, 99, 105, 134, 136, 140, 141, 149, 154, 169, 175, 183, 193, 197, 201, 204, 227, 237]",862.0,-1.1224332621754463,-1.1947521975568451,-1.2001891078424305,0.6654549837112427,0.667532205581665,0x0000000000000000000000000000000000000000000000000000000000000000,False,0.5758056640625,"[5, 3, 7, 2, 6, 3, 4, 2]",0.49900341033935547,uniform_random,"[5, 3, 7, 2, 6, 3, 4, 2]",0.0,0.0,mux3,0.68,0.0,0.6875,0.78125,0.25,3377,0.8735303232529896,0.4949215480259487
14,0.5625,0.5008950233459473,0.4823164939880371,7,f12319a0b53a94f6,0.5005679130554199,0.4378832152381425,"[6, 27, 43, 53, 56, 57, 58, 62, 68, 70, 79, 83, 87, 89, 113, 114, 130, 133, 142, 144, 162, 196, 211, 212, 220, 222, 226, 229, 231, 242, 243, 250]",720.5,-1.627576768573523,-1.6746010054255485,-1.7065830679535723,0.6738333106040955,0.6749258041381836,0x0000000000000000000000000000000000000000000000000000000000000000,False,0.6617431640625,"[2, 6, 6, 2, 4, 1, 5, 6]",0.5019984245300293,uniform_random,"[8, 8, 5, 11]",0.0,0.0,parity2,0.68,0.0,0.5,0.3125,0.5625,2631,0.9320278211651265,0.4862687247140067
15,0.5625,0.5121250152587891,0.5326251983642578,7,f12319a0b53a94f6,0.5228414535522461,0.308601618773654,"[6, 27, 43, 53, 56, 57, 58, 62, 68, 70, 79, 83, 87, 89, 113, 114, 130, 133, 142, 144, 162, 196, 211, 212, 220, 222, 226, 229, 231, 242, 243, 250]",761.0,-1.4955434673201797,-1.548929523275096,-1.589226643126281,0.6712886095046997,0.6728922128677368,0xFFFFFFFFFFFFFFFFFFFFFFFFFFFFFFFFFFFFFFFFFFFFFFFFFFFFFFFFFFFFFFFF,False,0.5555419921875,"[2, 6, 6, 2, 4, 1, 5, 6]",0.4986276626586914,uniform_random,"[2, 6, 6, 2, 4, 1, 5, 6]",0.0,0.0,mux3,0.68,0.0,0.625,0.8125,0.3125,3533,0.8595576353204235,0.5099143981933594
16,0.5,0.5168604850769043,0.5077977180480957,0,6293e349a9faad3b,0.5015349388122559,5.836007126724454e-05,"[8, 21, 23, 31, 36, 40, 48, 51, 64, 73, 79, 80, 101, 103, 104, 110, 128, 131, 136, 146, 160, 170, 180, 185, 198, 209, 210, 220, 230, 244, 250, 253]",340.0,-4.476892032667829,-4.596044672810491,-4.647391728546024,0.677056074142456,0.6778926253318787,0x0000000000000000000000000000000000000000000000000000000000000000,False,0.0074462890625,"[4, 4, 4, 4, 4, 4, 4, 4]",0.4996466636657715,cell_balanced,"[8, 8, 8, 8]",0.0,0.0,parity2,0.68,0.0,0.5,0.5,0.5,8099,0.5919992773154665,0.48656136648995535
17,0.5,0.5898714065551758,0.596771240234375,0,6293e349a9faad3b,0.5938568115234375,0.0020126773096996705,"[8, 21, 23, 31, 36, 40, 48, 51, 64, 73, 79, 80, 101, 103, 104, 110, 128, 131, 136, 146, 160, 170, 180, 185, 198, 209, 210, 220, 230, 244, 250, 253]",460.5,-3.0274952997070734,-3.0773613429168645,-3.103549522533179,0.6751999855041504,0.6765136122703552,0xFFFFFFFFFFFFFFFFFFFFFFFFFFFFFFFFFFFFFFFFFFFFFFFFFFFFFFFFFFFFFFFF,False,0.03955078125,"[4, 4, 4, 4, 4, 4, 4, 4]",0.4978666305541992,cell_balanced,"[4, 4, 4, 4, 4, 4, 4, 4]",0.0,0.0,mux3,0.68,0.0,0.75,0.75,0.25,7606,0.5500339207491827,0.5912900652204242
18,0.5,0.5087642669677734,0.49138832092285156,1,c9b4a81f93ef801a,0.5015964508056641,4.768953729703333e-07,"[0, 4, 7, 21, 33, 41, 42, 50, 65, 75, 81, 90, 101, 106, 110, 122, 135, 145, 148, 154, 167, 176, 178, 181, 205, 213, 220, 222, 224, 232, 236, 239]",292.0,-5.402526714383103,-5.409019749778076,-5.457721137556975,0.6775412559509277,0.6782417297363281,0xFFFFFFFFFFFFFFFFFFFFFFFFFFFFFFFFFFFFFFFFFFFFFFFFFFFFFFFFFFFFFFFF,False,0.0006103515625,"[4, 4, 4, 4, 4, 4, 4, 4]",0.5000019073486328,cell_balanced,"[8, 8, 8, 8]",0.0,0.0,parity2,0.68,0.0,0.5,0.5,0.5,8183,0.6134339608852608,0.4864768981933594
19,0.5,0.5640254020690918,0.5681853294372559,1,c9b4a81f93ef801a,0.5661358833312988,0.005393507832529606,"[0, 4, 7, 21, 33, 41, 42, 50, 65, 75, 81, 90, 101, 106, 110, 122, 135, 145, 148, 154, 167, 176, 178, 181, 205, 213, 220, 222, 224, 232, 236, 239]",547.5,-2.4953289406124624,-2.5089053370076675,-2.5600153453470393,0.673643946647644,0.6753695607185364,0xFFFFFFFFFFFFFFFFFFFFFFFFFFFFFFFFFFFFFFFFFFFFFFFFFFFFFFFFFFFFFFFF,False,0.06298828125,"[4, 4, 4, 4, 4, 4, 4, 4]",0.4987826347351074,cell_balanced,"[4, 4, 4, 4, 4, 4, 4, 4]",0.0,0.0,mux3,0.68,0.0,0.75,0.75,0.25,7249,0.5334356476901356,0.5590733119419643
20,0.5,0.504401683807373,0.4975094795227051,2,92402e067f850060,0.5018877983093262,4.4708941215968747e-07,"[1, 8, 20, 30, 40, 44, 55, 59, 66, 70, 84, 88, 98, 105, 118, 120, 132, 150, 152, 158, 173, 175, 176, 189, 193, 200, 211, 212, 226, 229, 233, 240]",226.5,-7.45071283564137,-7.487790975705895,-7.566607796306065,0.6784148216247559,0.6788882613182068,0x5555555555555555555555555555555555555555555555555555555555555555,False,0.00048828125,"[4, 4, 4, 4, 4, 4, 4, 4]",0.5001559257507324,cell_balanced,"[8, 8, 8, 8]",0.0,0.0,parity2,0.68,0.0,0.5,0.5,0.5,8182,0.6564198689031804,0.4886376517159598
21,0.5,0.5819911956787109,0.5869884490966797,2,92402e067f850060,0.5849189758300781,0.0034061357835581734,"[1, 8, 20, 30, 40, 44, 55, 59, 66, 70, 84, 88, 98, 105, 118, 120, 132, 150, 152, 158, 173, 175, 176, 189, 193, 200, 211, 212, 226, 229, 233, 240]",498.5,-2.785126356128977,-2.8331911344472607,-2.9308419664750787,0.6745100021362305,0.6760161519050598,0xFFFFFFFFFFFFFFFFFFFFFFFFFFFFFFFFFFFFFFFFFFFFFFFFFFFFFFFFFFFFFFFF,False,0.0487060546875,"[4, 4, 4, 4, 4, 4, 4, 4]",0.4975433349609375,cell_balanced,"[4, 4, 4, 4, 4, 4, 4, 4]",0.0,0.0,mux3,0.68,0.0,0.75,0.75,0.25,7429,0.5383748465751069,0.5809320722307477
22,0.5,0.502927303314209,0.5013718605041504,3,369096b35ac51fa1,0.5007882118225098,0.0001436647311073129,"[15, 16, 24, 26, 34, 46, 54, 56, 69, 71, 73, 74, 112, 115, 117, 125, 129, 139, 152, 159, 160, 164, 173, 187, 192, 194, 215, 220, 232, 244, 252, 255]",377.0,-3.9387054725698603,-4.033076464614265,-4.159194379483469,0.6764313578605652,0.6775000691413879,0xFFFFFFFFFFFFFFFFFFFFFFFFFFFFFFFFFFFFFFFFFFFFFFFFFFFFFFFFFFFFFFFF,False,0.010986328125,"[4, 4, 4, 4, 4, 4, 4, 4]",0.5000081062316895,cell_balanced,"[8, 8, 8, 8]",0.0,0.0,parity2,0.68,0.0,0.5,0.5,0.5,8045,0.5766839618351415,0.48516954694475445
23,0.5,0.5763716697692871,0.575319766998291,3,369096b35ac51fa1,0.576103687286377,0.004039929734235746,"[15, 16, 24, 26, 34, 46, 54, 56, 69, 71, 73, 74, 112, 115, 117, 125, 129, 139, 152, 159, 160, 164, 173, 187, 192, 194, 215, 220, 232, 244, 252, 255]",507.5,-2.7686299090265543,-2.78046376854072,-2.821022108413361,0.6743548512458801,0.6759152412414551,0xFFFFFFFFFFFFFFFFFFFFFFFFFFFFFFFFFFFFFFFFFFFFFFFFFFFFFFFFFFFFFFFF,False,0.0556640625,"[4, 4, 4, 4, 4, 4, 4, 4]",0.49753618240356445,cell_balanced,"[4, 4, 4, 4, 4, 4, 4, 4]",0.0,0.0,mux3,0.68,0.0,0.75,0.75,0.25,7386,0.5402365727171378,0.5710852486746651
24,0.5,0.5056033134460449,0.49805116653442383,4,7b2268760b066630,0.5014700889587402,3.7138227170064704e-05,"[0, 16, 17, 23, 33, 39, 51, 63, 69, 70, 78, 79, 100, 103, 106, 126, 130, 145, 146, 154, 163, 166, 183, 191, 207, 216, 220, 222, 233, 234, 237, 253]",350.0,-4.2913735535855215,-4.381558194617723,-4.444758066933797,0.6767975091934204,0.6777307987213135,0x0000000000000000000000000000000000000000000000000000000000000000,False,0.005859375,"[4, 4, 4, 4, 4, 4, 4, 4]",0.49987363815307617,cell_balanced,"[8, 8, 8, 8]",0.0,0.0,parity2,0.68,0.0,0.5,0.5,0.5,8103,0.585908244314892,0.48608616420200895
25,0.5,0.5740699768066406,0.5754842758178711,4,7b2268760b066630,0.5750055313110352,0.004190867119780857,"[0, 16, 17, 23, 33, 39, 51, 63, 69, 70, 78, 79, 100, 103, 106, 126, 130, 145, 146, 154, 163, 166, 183, 191, 207, 216, 220, 222, 233, 234, 237, 253]",507.0,-2.748448656889046,-2.7866629396584854,-2.81038068029562,0.6745174527168274,0.6760112047195435,0xFFFFFFFFFFFFFFFFFFFFFFFFFFFFFFFFFFFFFFFFFFFFFFFFFFFFFFFFFFFFFFFF,False,0.058837890625,"[4, 4, 4, 4, 4, 4, 4, 4]",0.4985237121582031,cell_balanced,"[4, 4, 4, 4, 4, 4, 4, 4]",0.0,0.0,mux3,0.68,0.0,0.75,0.75,0.25,7384,0.546094834908528,0.5698471069335938
26,0.5,0.5114755630493164,0.5080785751342773,5,a1c7eb317b0df480,0.5013599395751953,3.7495898699792454e-05,"[12, 15, 16, 22, 35, 39, 40, 63, 65, 69, 75, 85, 97, 101, 117, 124, 130, 134, 143, 148, 161, 164, 178, 185, 193, 202, 217, 221, 226, 249, 250, 254]",339.0,-4.610362967067513,-4.6233054550554105,-4.644104400431629,0.6770018935203552,0.6778833866119385,0x0000000000000000000000000000000000000000000000000000000000000000,False,0.006103515625,"[4, 4, 4, 4, 4, 4, 4, 4]",0.4998130798339844,cell_balanced,"[8, 8, 8, 8]",0.0,0.0,parity2,0.68,0.0,0.5,0.5,0.5,8117,0.5958962627844564,0.4861177716936384
27,0.5,0.5894021987915039,0.5926656723022461,5,a1c7eb317b0df480,0.5916328430175781,0.0027926396921926504,"[12, 15, 16, 22, 35, 39, 40, 63, 65, 69, 75, 85, 97, 101, 117, 124, 130, 134, 143, 148, 161, 164, 178, 185, 193, 202, 217, 221, 226, 249, 250, 254]",476.5,-3.00758368089214,-3.0778056145579935,-3.1068427521601074,0.6751096248626709,0.6764585375785828,0xFFFFFFFFFFFFFFFFFFFFFFFFFFFFFFFFFFFFFFFFFFFFFFFFFFFFFFFFFFFFFFFF,False,0.0482177734375,"[4, 4, 4, 4, 4, 4, 4, 4]",0.4981679916381836,cell_balanced,"[4, 4, 4, 4, 4, 4, 4, 4]",0.0,0.0,mux3,0.68,0.0,0.75,0.75,0.25,7541,0.5503385065821361,0.5888475690569196
28,0.5,0.564180850982666,0.5171408653259277,6,381f0eb2f9087f35,0.5261187553405762,4.768953729703333e-07,"[2, 12, 23, 24, 43, 55, 56, 60, 65, 71, 92, 93, 96, 99, 119, 126, 129, 142, 143, 152, 172, 177, 182, 184, 197, 202, 207, 217, 224, 241, 252, 255]",90.0,-17.57080715273444,-17.7725896410556,-17.85871769613178,0.6792125701904297,0.6794645190238953,0x00FF00FF00FF00FF00FF00FF00FF00FF00FF00FF00FF00FF00FF00FF00FF00FF,False,0.000732421875,"[4, 4, 4, 4, 4, 4, 4, 4]",0.49868154525756836,cell_balanced,"[8, 8, 8, 8]",0.0,0.0,parity2,0.68,0.0,0.5,0.5,0.5,8186,0.6954948078671723,0.5175301688058036
29,0.5,0.6028904914855957,0.6055798530578613,6,381f0eb2f9087f35,0.6045889854431152,0.0017646022978726652,"[2, 12, 23, 24, 43, 55, 56, 60, 65, 71, 92, 93, 96, 99, 119, 126, 129, 142, 143, 152, 172, 177, 182, 184, 197, 202, 207, 217, 224, 241, 252, 255]",445.0,-3.220749107611196,-3.2519544182921414,-3.290052484473947,0.6753971576690674,0.6766527891159058,0xFFFFFFFFFFFFFFFFFFFFFFFFFFFFFFFFFFFFFFFFFFFFFFFFFFFFFFFFFFFFFFFF,False,0.039794921875,"[4, 4, 4, 4, 4, 4, 4, 4]",0.49834585189819336,cell_balanced,"[4, 4, 4, 4, 4, 4, 4, 4]",0.0,0.0,mux3,0.68,0.0,0.75,0.75,0.25,7675,0.5597143759572071,0.6035515921456474
30,0.5,0.5267453193664551,0.4742894172668457,7,99ec5727040b68b9,0.5066695213317871,9.940287930350385e-05,"[13, 25, 26, 28, 33, 36, 42, 53, 68, 69, 86, 93, 97, 121, 123, 127, 129, 135, 147, 150, 162, 163, 170, 177, 199, 207, 214, 219, 227, 241, 243, 255]",133.0,-12.022088115505776,-12.118989520502613,-12.19382914004153,0.6790041327476501,0.6793185472488403,0x00FF00FF00FF00FF00FF00FF00FF00FF00FF00FF00FF00FF00FF00FF00FF00FF,False,0.010009765625,"[4, 4, 4, 4, 4, 4, 4, 4]",0.49896860122680664,cell_balanced,"[8, 8, 8, 8]",0.0,0.0,parity2,0.68,0.0,0.5,0.5,0.5,8103,0.7218116160189167,0.4947896684919085
31,0.5,0.5963497161865234,0.5986919403076172,7,99ec5727040b68b9,0.598170280456543,0.001655035585932731,"[13, 25, 26, 28, 33, 36, 42, 53, 68, 69, 86, 93, 97, 121, 123, 127, 129, 135, 147, 150, 162, 163, 170, 177, 199, 207, 214, 219, 227, 241, 243, 255]",455.5,-3.172451179295285,-3.2386318847345925,-3.2769787535220587,0.6753659844398499,0.6766605973243713,0xFFFFFFFFFFFFFFFFFFFFFFFFFFFFFFFFFFFFFFFFFFFFFFFFFFFFFFFFFFFFFFFF,False,0.03662109375,"[4, 4, 4, 4, 4, 4, 4, 4]",0.4978961944580078,cell_balanced,"[4, 4, 4, 4, 4, 4, 4, 4]",0.0,0.0,mux3,0.68,0.0,0.75,0.75,0.25,7681,0.551426181158273,0.5964186532156808
32,0.75,0.5133967399597168,0.5077567100524902,0,0a1fd335b9818c8b,0.5024065971374512,8.941788243193749e-07,"[17, 19, 34, 37, 47, 54, 58, 59, 69, 72, 83, 87, 88, 90, 102, 116, 134, 144, 162, 168, 176, 180, 183, 187, 193, 197, 198, 208, 218, 223, 226, 231]",239.5,-7.02273285695239,-7.101447939424554,-7.127836848462388,0.6782441139221191,0.6787844300270081,0x5555555555555555555555555555555555555555555555555555555555555555,False,0.0009765625,"[2, 6, 6, 2, 2, 6, 6, 2]",0.5006012916564941,conflict_enriched,"[8, 8, 8, 8]",0.0,0.0,parity2,0.68,0.0,0.5,0.5,0.75,8183,0.6535837563610483,0.4887782505580357
33,0.75,0.5855574607849121,0.5897364616394043,0,0a1fd335b9818c8b,0.5886130332946777,1.9522904330973018e-05,"[17, 19, 34, 37, 47, 54, 58, 59, 69, 72, 83, 87, 88, 90, 102, 116, 134, 144, 162, 168, 176, 180, 183, 187, 193, 197, 198, 208, 218, 223, 226, 231]",353.5,-4.268585800243553,-4.293452349356359,-4.36255075058663,0.676891028881073,0.6777749061584473,0xFFFFFFFFFFFFFFFFFFFFFFFFFFFFFFFFFFFFFFFFFFFFFFFFFFFFFFFFFFFFFFFF,False,0.004150390625,"[2, 6, 6, 2, 2, 6, 6, 2]",0.4984164237976074,conflict_enriched,"[2, 6, 6, 2, 2, 6, 6, 2]",0.0,0.0,mux3,0.68,0.0,0.625,0.625,0.125,8119,0.5797879353963253,0.5860933576311383
34,0.75,0.5093088150024414,0.5066432952880859,1,98cc2a02e7d0e9e2,0.5018091201782227,1.2816563148577707e-06,"[8, 13, 33, 45, 46, 55, 57, 63, 64, 68, 81, 82, 83, 85, 117, 122, 150, 158, 160, 162, 166, 171, 175, 190, 194, 196, 199, 213, 216, 217, 244, 255]",327.0,-4.935889321166428,-5.004850324649258,-5.0415020473355385,0.6773442029953003,0.6781112551689148,0x0000000000000000000000000000000000000000000000000000000000000000,False,0.0009765625,"[2, 6, 6, 2, 2, 6, 6, 2]",0.5005531311035156,conflict_enriched,"[8, 8, 8, 8]",0.0,0.0,parity2,0.68,0.0,0.5,0.5,0.75,8176,0.601040375524709,0.4869471958705357
35,0.75,0.5950145721435547,0.6014156341552734,1,98cc2a02e7d0e9e2,0.5996742248535156,5.424684867537541e-06,"[8, 13, 33, 45, 46, 55, 57, 63, 64, 68, 81, 82, 83, 85, 117, 122, 150, 158, 160, 162, 166, 171, 175, 190, 194, 196, 199, 213, 216, 217, 244, 255]",323.0,-4.838931833436691,-4.851951191250315,-4.993409845266143,0.6773145198822021,0.6780692338943481,0xFFFFFFFFFFFFFFFFFFFFFFFFFFFFFFFFFFFFFFFFFFFFFFFFFFFFFFFFFFFFFFFF,False,0.0018310546875,"[2, 6, 6, 2, 2, 6, 6, 2]",0.4975910186767578,conflict_enriched,"[2, 6, 6, 2, 2, 6, 6, 2]",0.0,0.0,mux3,0.68,0.0,0.625,0.625,0.125,8147,0.5939812570700086,0.5987794058663505
36,0.75,0.500758171081543,0.48706912994384766,2,ac77bde2e98598db,0.5012722015380859,4.4708941215968747e-07,"[5, 31, 37, 40, 48, 49, 52, 60, 66, 69, 83, 88, 90, 94, 102, 120, 147, 158, 163, 168, 174, 184, 189, 191, 198, 208, 209, 214, 218, 223, 224, 238]",264.5,-6.0767340414163575,-6.143058459527435,-6.15130306463815,0.6778867244720459,0.6785299777984619,0xCCCCCCCCCCCCCCCCCCCCCCCCCCCCCCCCCCCCCCCCCCCCCCCCCCCCCCCCCCCCCCCC,False,0.00048828125,"[2, 6, 6, 2, 2, 6, 6, 2]",0.5010337829589844,conflict_enriched,"[8, 8, 8, 8]",0.0,0.0,parity2,0.68,0.0,0.5,0.5,0.75,8182,0.6324585869287495,0.4858905247279576
37,0.75,0.5832638740539551,0.5932116508483887,2,ac77bde2e98598db,0.5892558097839355,7.731666234281528e-05,"[5, 31, 37, 40, 48, 49, 52, 60, 66, 69, 83, 88, 90, 94, 102, 120, 147, 158, 163, 168, 174, 184, 189, 191, 198, 208, 209, 214, 218, 223, 224, 238]",372.5,-4.002537524092951,-4.052872484815563,-4.067713834836253,0.676458477973938,0.6774784326553345,0x0000000000000000000000000000000000000000000000000000000000000000,False,0.0081787109375,"[2, 6, 6, 2, 2, 6, 6, 2]",0.4968714714050293,conflict_enriched,"[2, 6, 6, 2, 2, 6, 6, 2]",0.0,0.0,mux3,0.68,0.0,0.625,0.625,0.125,8049,0.5758946088846402,0.5861881801060268
38,0.75,0.5103068351745605,0.5037226676940918,3,6d403e216e3b7b94,0.5029215812683105,8.047609418874375e-07,"[8, 15, 32, 40, 43, 50, 55, 59, 68, 69, 73, 77, 87, 89, 116, 120, 133, 156, 163, 164, 170, 186, 187, 189, 197, 202, 212, 214, 221, 222, 244, 248]",203.0,-8.494328223669575,-8.609611207095519,-8.710573975090426,0.6786179542541504,0.6790156364440918,0xAAAAAAAAAAAAAAAAAAAAAAAAAAAAAAAAAAAAAAAAAAAAAAAAAAAAAAAAAAAAAAAA,False,0.0006103515625,"[2, 6, 6, 2, 2, 6, 6, 2]",0.5013928413391113,conflict_enriched,"[8, 8, 8, 8]",0.0,0.0,parity2,0.68,0.0,0.5,0.5,0.75,8180,0.6826616082639718,0.4897210257393973
39,0.75,0.5720114707946777,0.578132152557373,3,6d403e216e3b7b94,0.5757098197937012,0.0001079571900561592,"[8, 15, 32, 40, 43, 50, 55, 59, 68, 69, 73, 77, 87, 89, 116, 120, 133, 156, 163, 164, 170, 186, 187, 189, 197, 202, 212, 214, 221, 222, 244, 248]",403.0,-3.793338572832174,-3.8340153735882043,-3.860988184793595,0.6763913631439209,0.6774129867553711,0xFFFFFFFFFFFFFFFFFFFFFFFFFFFFFFFFFFFFFFFFFFFFFFFFFFFFFFFFFFFFFFFF,False,0.008544921875,"[2, 6, 6, 2, 2, 6, 6, 2]",0.49800920486450195,conflict_enriched,"[2, 6, 6, 2, 2, 6, 6, 2]",0.0,0.0,mux3,0.68,0.0,0.625,0.625,0.125,8030,0.5670202695713579,0.5708623613630023
40,0.75,0.5047531127929688,0.49365997314453125,4,c07d550b631777b8,0.5019502639770508,1.9969993743132706e-06,"[18, 21, 32, 35, 42, 47, 50, 52, 65, 67, 74, 75, 78, 90, 105, 113, 128, 154, 166, 168, 170, 174, 183, 187, 192, 198, 200, 206, 207, 221, 247, 249]",244.0,-6.539547829987064,-6.557687913994588,-6.607521394560481,0.6780797839164734,0.6786129474639893,0x0F0F0F0F0F0F0F0F0F0F0F0F0F0F0F0F0F0F0F0F0F0F0F0F0F0F0F0F0F0F0F0F,False,0.00146484375,"[2, 6, 6, 2, 2, 6, 6, 2]",0.5008211135864258,conflict_enriched,"[8, 8, 8, 8]",0.0,0.0,parity2,0.68,0.0,0.5,0.5,0.75,8180,0.6486287433475982,0.48854827880859375
41,0.75,0.6065363883972168,0.6182208061218262,4,c07d550b631777b8,0.6137127876281738,3.338267610792333e-06,"[18, 21, 32, 35, 42, 47, 50, 52, 65, 67, 74, 75, 78, 90, 105, 113, 128, 154, 166, 168, 170, 174, 183, 187, 192, 198, 200, 206, 207, 221, 247, 249]",319.5,-4.775353050999269,-4.851231359806665,-4.8674267909474285,0.6771838665008545,0.6780142188072205,0xFFFFFFFFFFFFFFFFFFFFFFFFFFFFFFFFFFFFFFFFFFFFFFFFFFFFFFFFFFFFFFFF,False,0.001708984375,"[2, 6, 6, 2, 2, 6, 6, 2]",0.49749326705932617,conflict_enriched,"[2, 6, 6, 2, 2, 6, 6, 2]",0.0,0.0,mux3,0.68,0.0,0.625,0.625,0.125,8161,0.6052124786962642,0.614814213344029
42,0.75,0.5275716781616211,0.48923206329345703,5,5396d0ca2e9c4a5d,0.5030202865600586,5.663132554022708e-07,"[26, 27, 32, 40, 48, 51, 55, 56, 66, 79, 80, 85, 89, 95, 104, 120, 128, 133, 161, 165, 181, 184, 185, 190, 203, 205, 209, 214, 219, 220, 241, 253]",202.5,-8.155434746403659,-8.163385871609428,-8.196348199668824,0.6785405874252319,0.6789772510528564,0x0000333300003333000033330000333300003333000033330000333300003333,False,0.0006103515625,"[2, 6, 6, 2, 2, 6, 6, 2]",0.501317024230957,conflict_enriched,"[8, 8, 8, 8]",0.0,0.0,parity2,0.68,0.0,0.5,0.5,0.75,8182,0.6675194841393274,0.49138968331473215
43,0.75,0.6388459205627441,0.6479105949401855,5,5396d0ca2e9c4a5d,0.6445116996765137,7.153430594555e-07,"[26, 27, 32, 40, 48, 51, 55, 56, 66, 79, 80, 85, 89, 95, 104, 120, 128, 133, 161, 165, 181, 184, 185, 190, 203, 205, 209, 214, 219, 220, 241, 253]",287.5,-5.521452371407388,-5.542188261187777,-5.680474319116948,0.6776501536369324,0.6783466339111328,0xFFFFFFFFFFFFFFFF0000000000000000FFFFFFFFFFFFFFFF0000000000000000,False,0.0006103515625,"[2, 6, 6, 2, 2, 6, 6, 2]",0.4973893165588379,conflict_enriched,"[2, 6, 6, 2, 2, 6, 6, 2]",0.0,0.0,mux3,0.68,0.0,0.625,0.625,0.125,8180,0.6159058857782744,0.6504805428641183
44,0.75,0.5154786109924316,0.5032296180725098,6,115d70ccbbe53f44,0.5023245811462402,2.3844768648516665e-07,"[11, 22, 35, 43, 51, 53, 54, 59, 66, 67, 76, 78, 85, 91, 97, 124, 140, 147, 166, 172, 175, 179, 187, 188, 193, 202, 211, 216, 222, 223, 228, 249]",219.5,-7.572365129518539,-7.624444154532645,-7.760889105983797,0.6784563064575195,0.6788681745529175,0x0000FFFF0000FFFF0000FFFF0000FFFF0000FFFF0000FFFF0000FFFF0000FFFF,False,0.00048828125,"[2, 6, 6, 2, 2, 6, 6, 2]",0.5011429786682129,conflict_enriched,"[8, 8, 8, 8]",0.0,0.0,parity2,0.68,0.0,0.5,0.5,0.75,8187,0.6544006989784089,0.4889095851353237
45,0.75,0.6046695709228516,0.6136922836303711,6,115d70ccbbe53f44,0.6099882125854492,2.5335066689048955e-06,"[11, 22, 35, 43, 51, 53, 54, 59, 66, 67, 76, 78, 85, 91, 97, 124, 140, 147, 166, 172, 175, 179, 187, 188, 193, 202, 211, 216, 222, 223, 228, 249]",335.5,-4.743720513428489,-4.7677980112140546,-4.796850921911873,0.6771461963653564,0.677936315536499,0x0000000000000000000000000000000000000000000000000000000000000000,False,0.00146484375,"[2, 6, 6, 2, 2, 6, 6, 2]",0.4976997375488281,conflict_enriched,"[2, 6, 6, 2, 2, 6, 6, 2]",0.0,0.0,mux3,0.68,0.0,0.625,0.625,0.125,8166,0.5953638994050664,0.6105324881417411
46,0.75,0.4970221519470215,0.4830937385559082,7,7f4875de86af6e6e,0.5012469291687012,1.1922384324258332e-06,"[8, 30, 35, 36, 42, 56, 60, 63, 69, 75, 78, 79, 81, 89, 114, 123, 141, 156, 161, 163, 179, 182, 183, 189, 200, 201, 205, 209, 212, 216, 243, 251]",304.0,-5.306365353917717,-5.327833658620391,-5.39064151990506,0.6775828003883362,0.6783065795898438,0xFFFFFFFFFFFFFFFFFFFFFFFFFFFFFFFFFFFFFFFFFFFFFFFFFFFFFFFFFFFFFFFF,False,0.000732421875,"[2, 6, 6, 2, 2, 6, 6, 2]",0.5009760856628418,conflict_enriched,"[8, 8, 8, 8]",0.0,0.0,parity2,0.68,0.0,0.5,0.5,0.75,8175,0.6124139216450523,0.48624420166015625
47,0.75,0.6003551483154297,0.6092338562011719,7,7f4875de86af6e6e,0.6059722900390625,2.2056410999877914e-06,"[8, 30, 35, 36, 42, 56, 60, 63, 69, 75, 78, 79, 81, 89, 114, 123, 141, 156, 161, 163, 179, 182, 183, 189, 200, 201, 205, 209, 212, 216, 243, 251]",355.0,-4.606038274081004,-4.6267937241000086,-4.636474594644743,0.6769795417785645,0.6778996586799622,0x0000000000000000000000000000000000000000000000000000000000000000,False,0.001220703125,"[2, 6, 6, 2, 2, 6, 6, 2]",0.4972105026245117,conflict_enriched,"[2, 6, 6, 2, 2, 6, 6, 2]",0.0,0.0,mux3,0.68,0.0,0.625,0.625,0.125,8169,0.5909101486339166,0.6059090750558036
0,0.375,0.5594353675842285,0.42998743057250977,0,b1674c8027723817,0.4891676902770996,1.579715922964229e-06,"[1, 12, 25, 26, 27, 31, 34, 35, 36, 51, 52, 62, 80, 84, 98, 110, 120, 124, 134, 137, 138, 140, 149, 156, 161, 212, 213, 222, 225, 235, 242, 249]",56.5,-34.8321440313266,-35.05332146954339,-35.181537801027424,0.5983073115348816,0.598821759223938,0x0000111111115555000011111111555500000000000011110000000000001111,False,0.000732421875,"[6, 6, 2, 4, 6, 1, 3, 4]",0.4829373359680176,uniform_random,"[12, 6, 7, 7]",0.0,0.0,parity2,0.6,0.0,0.5625,0.4375,0.375,8160,0.8776582255600734,0.4659745352608817
1,0.375,0.6431736946105957,0.7341094017028809,0,b1674c8027723817,0.6862549781799316,1.344248832560127e-05,"[1, 12, 25, 26, 27, 31, 34, 35, 36, 51, 52, 62, 80, 84, 98, 110, 120, 124, 134, 137, 138, 140, 149, 156, 161, 212, 213, 222, 225, 235, 242, 249]",112.5,-16.554686608296798,-16.58423300251118,-16.61488146832281,0.5951153039932251,0.5965598821640015,0xFFFFFFFFFFFFFFFFFFFFFFFF00000000FFFFFFFFFFFFFFFFFFFFFFFF00000000,False,0.0030517578125,"[6, 6, 2, 4, 6, 1, 3, 4]",0.5084347724914551,uniform_random,"[6, 6, 2, 4, 6, 1, 3, 4]",0.0,0.0,mux3,0.6,0.0,0.75,0.875,0.3125,8125,0.7587942527671429,0.6672025408063617
2,0.4375,0.47158193588256836,0.4717373847961426,1,58ad15a270c226c7,0.5085997581481934,1.880756127151752e-05,"[4, 16, 18, 22, 37, 40, 48, 68, 87, 93, 94, 97, 106, 114, 115, 118, 130, 131, 136, 139, 152, 171, 173, 178, 188, 200, 213, 216, 226, 229, 238, 242]",39.0,-47.76017729701144,-48.023006520042934,-48.116673519088394,0.5986346006393433,0.599053144454956,0xFFEEFFEEFFEEFFEEFFEEFFEEFFEEFFEEFFEEFFEEFFEEFFEEFFEEFFEEFFEEFFEE,False,0.00390625,"[4, 3, 4, 5, 5, 4, 3, 4]",0.4947237968444824,uniform_random,"[7, 9, 9, 7]",0.0,0.0,parity2,0.6,0.0,0.5,0.5,0.4375,8106,0.8781311372725943,0.4840082441057478
3,0.4375,0.7143855094909668,0.7150397300720215,1,58ad15a270c226c7,0.7150149345397949,7.451490202661458e-07,"[4, 16, 18, 22, 37, 40, 48, 68, 87, 93, 94, 97, 106, 114, 115, 118, 130, 131, 136, 139, 152, 171, 173, 178, 188, 200, 213, 216, 226, 229, 238, 242]",96.0,-19.611741500498542,-19.691330104247378,-19.82790924226936,0.5957484245300293,0.5970582962036133,0xFFFFFFFF000000000000000000000000FFFFFFFF000000000000000000000000,False,0.0006103515625,"[4, 3, 4, 5, 5, 4, 3, 4]",0.49282407760620117,uniform_random,"[4, 3, 4, 5, 5, 4, 3, 4]",0.0,0.0,mux3,0.6,0.0001220703125,0.78125,0.78125,0.28125,8178,0.7524067127111445,0.7004977634974888
4,0.46875,0.5809745788574219,0.49214744567871094,2,ce3fbc86d8d7ac0f,0.5022201538085938,2.1758351391771456e-06,"[17, 24, 35, 40, 46, 55, 56, 66, 79, 81, 85, 97, 98, 101, 103, 111, 121, 123, 128, 131, 134, 137, 145, 146, 147, 178, 201, 202, 214, 215, 217, 249]",50.0,-36.42381756725539,-36.56679173952697,-36.781957872249656,0.5984020233154297,0.5988675355911255,0x88FFEEFF88FFEEFF88FFEEFF88FFEEFF88FFEEFF88FFEEFF88FFEEFF88FFEEFF,False,0.0008544921875,"[2, 5, 4, 7, 7, 1, 5, 1]",0.49997901916503906,uniform_random,"[7, 11, 8, 6]",0.0,0.0,parity2,0.6,0.0,0.5625,0.46875,0.46875,8159,0.8434226314074263,0.4705750601632254
5,0.46875,0.5998439788818359,0.6473541259765625,2,ce3fbc86d8d7ac0f,0.6155195236206055,2.5931185905261874e-05,"[17, 24, 35, 40, 46, 55, 56, 66, 79, 81, 85, 97, 98, 101, 103, 111, 121, 123, 128, 131, 134, 137, 145, 146, 147, 178, 201, 202, 214, 215, 217, 249]",106.5,-17.0818286513782,-17.141682771309647,-17.15518096279576,0.5957590937614441,0.5970618724822998,0xFFFFFFFFFFFFFFFFFFFFFFFFFFFFFFFFFFFFFFFFFFFFFFFFFFFFFFFFFFFFFFFF,False,0.003173828125,"[2, 5, 4, 7, 7, 1, 5, 1]",0.5357856750488281,uniform_random,"[2, 5, 4, 7, 7, 1, 5, 1]",0.0,0.0,mux3,0.6,0.0,0.71875,0.8125,0.25,7996,0.8190856817520891,0.5948916843959263
6,0.53125,0.5775408744812012,0.7106633186340332,3,c6350c79ea7d662f,0.4983038902282715,5.365072945916249e-07,"[15, 16, 30, 40, 45, 63, 64, 66, 77, 86, 101, 105, 106, 110, 113, 124, 126, 130, 144, 161, 164, 174, 188, 190, 207, 209, 210, 219, 220, 231, 235, 252]",60.5,-35.03803400832925,-35.3029456626963,-35.35069115663248,0.5979268550872803,0.5985857248306274,0x55FFFFFF005555FF55FFFFFF005555FF55FFFFFF005555FF55FFFFFF005555FF,False,0.00048828125,"[3, 3, 4, 7, 2, 5, 5, 3]",0.5116763114929199,uniform_random,"[6, 11, 7, 8]",0.0,0.0,parity2,0.6,0.0,0.53125,0.625,0.53125,8178,0.8308638472127452,0.4647745404924665
7,0.53125,0.689690113067627,0.6117100715637207,3,c6350c79ea7d662f,0.6569561958312988,1.222044393236479e-06,"[15, 16, 30, 40, 45, 63, 64, 66, 77, 86, 101, 105, 106, 110, 113, 124, 126, 130, 144, 161, 164, 174, 188, 190, 207, 209, 210, 219, 220, 231, 235, 252]",93.0,-20.83866786005446,-20.95369396529742,-21.012569675154285,0.5965344905853271,0.5976006984710693,0xFFFFFFFFFFFFFFFFFFFFFFFFAAAAAAAAFFFFFFFFFFFFFFFFFFFFFFFFAAAAAAAA,False,0.000732421875,"[3, 3, 4, 7, 2, 5, 5, 3]",0.5068516731262207,uniform_random,"[3, 3, 4, 7, 2, 5, 5, 3]",0.0,0.0,mux3,0.6,0.0,0.78125,0.6875,0.15625,8168,0.8014046847841081,0.644683837890625
8,0.5,0.30625200271606445,0.603583812713623,4,999d074f63d85a28,0.4964728355407715,1.6125024798559394e-05,"[3, 7, 10, 28, 69, 70, 73, 84, 110, 119, 130, 138, 142, 143, 145, 155, 156, 166, 176, 179, 181, 186, 190, 197, 202, 204, 210, 219, 221, 248, 249, 252]",60.0,-32.51363272415988,-32.62466000846727,-32.736007758251404,0.598038911819458,0.5986456274986267,0xFCFFFCFFC0FCC0FCFFFFFFFFFFFFFFFFFCFFFCFFC0FCC0FCFFFFFFFFFFFFFFFF,False,0.003173828125,"[4, 0, 4, 2, 7, 6, 6, 3]",0.4981875419616699,uniform_random,"[4, 6, 13, 9]",0.0,0.0,parity2,0.6,0.0,0.3125,0.5625,0.5,8113,0.8593189868584906,0.46195874895368305
9,0.5,0.5347442626953125,0.5070743560791016,4,999d074f63d85a28,0.521611213684082,0.2695670469589336,"[3, 7, 10, 28, 69, 70, 73, 84, 110, 119, 130, 138, 142, 143, 145, 155, 156, 166, 176, 179, 181, 186, 190, 197, 202, 204, 210, 219, 221, 248, 249, 252]",123.5,-14.062907172512187,-14.156187980074167,-14.185495049895163,0.5958929061889648,0.5971032977104187,0x0000000000000000000000000000000000000000000000000000000000000000,False,0.5191650390625,"[4, 0, 4, 2, 7, 6, 6, 3]",0.4998464584350586,uniform_random,"[4, 0, 4, 2, 7, 6, 6, 3]",0.0,0.0,mux3,0.6,0.0,0.875,0.625,0.3125,3412,0.9353424350201555,0.499488285609654
10,0.5,0.5270724296569824,0.6289210319519043,5,60086b80022888b1,0.5078091621398926,5.961192162129166e-07,"[1, 7, 12, 18, 42, 43, 55, 82, 84, 93, 100, 104, 111, 112, 115, 118, 155, 167, 177, 178, 184, 199, 200, 202, 204, 214, 219, 228, 229, 238, 251, 255]",71.0,-27.344586669902064,-27.465658342512313,-27.66611686258974,0.5973061323165894,0.5980980396270752,0x33330000000000003333000000000000FFFF333333330000FFFF333333330000,False,0.00048828125,"[4, 3, 3, 6, 1, 4, 6, 5]",0.46887731552124023,uniform_random,"[7, 9, 5, 11]",0.0,0.0,parity2,0.6,0.0,0.5,0.625,0.5,8179,0.8291297825809234,0.4709565298897879
11,0.5,0.5642423629760742,0.5453977584838867,5,60086b80022888b1,0.5531597137451172,0.01598905000534123,"[1, 7, 12, 18, 42, 43, 55, 82, 84, 93, 100, 104, 111, 112, 115, 118, 155, 167, 177, 178, 184, 199, 200, 202, 204, 214, 219, 228, 229, 238, 251, 255]",123.5,-14.844533672297153,-14.97762711245405,-15.133770100361419,0.5959699153900146,0.5971148014068604,0xFFFFFFFFFFFFFFFFFFFFFFFFFFFFFFFFFFFFFFFFFFFFFFFFFFFFFFFFFFFFFFFF,False,0.125244140625,"[4, 3, 3, 6, 1, 4, 6, 5]",0.49227428436279297,uniform_random,"[4, 3, 3, 6, 1, 4, 6, 5]",0.0,0.0,mux3,0.6,0.0,0.8125,0.6875,0.1875,5997,0.8939864764086108,0.5367671421595982
12,0.53125,0.7154831886291504,0.4674057960510254,6,651a6b4b9f13fb6f,0.6995100975036621,0.006789142141527286,"[7, 17, 21, 22, 30, 46, 48, 58, 68, 69, 70, 71, 82, 86, 88, 99, 105, 134, 136, 140, 141, 149, 154, 169, 175, 183, 193, 197, 201, 204, 227, 237]",29.5,-62.54226201797841,-62.711063209704626,-63.04340387508103,0.5984382033348083,0.5989153385162354,0xFFFFFFFFFFFFFFFFFFFFFFFFFFFFFFFFFFFFFFFFFFFFFFFF0000000000000000,False,0.081787109375,"[5, 3, 7, 2, 6, 3, 4, 2]",0.5193963050842285,uniform_random,"[8, 9, 9, 6]",0.0,0.0,parity2,0.6,0.0,0.53125,0.4375,0.53125,6593,0.9189920318260622,0.6866122654506138
13,0.53125,0.5187640190124512,0.5275721549987793,6,651a6b4b9f13fb6f,0.5230984687805176,0.18503847472645282,"[7, 17, 21, 22, 30, 46, 48, 58, 68, 69, 70, 71, 82, 86, 88, 99, 105, 134, 136, 140, 141, 149, 154, 169, 175, 183, 193, 197, 201, 204, 227, 237]",143.0,-13.270840587823251,-13.353902292345026,-13.446693635919916,0.5959435701370239,0.5971872806549072,0x0000000000000000000000000000000000000000000000000000000000000000,False,0.4298095703125,"[5, 3, 7, 2, 6, 3, 4, 2]",0.5006613731384277,uniform_random,"[5, 3, 7, 2, 6, 3, 4, 2]",0.0,0.0,mux3,0.6,0.0,0.6875,0.78125,0.25,3558,0.9391610452190216,0.5008250645228794
14,0.5625,0.5294270515441895,0.3527207374572754,7,f12319a0b53a94f6,0.5124163627624512,4.39637921957026e-05,"[6, 27, 43, 53, 56, 57, 58, 62, 68, 70, 79, 83, 87, 89, 113, 114, 130, 133, 142, 144, 162, 196, 211, 212, 220, 222, 226, 229, 231, 242, 243, 250]",65.5,-29.752028860633537,-29.79618671448103,-29.855423783060573,0.5978606939315796,0.5985251069068909,0x000000000000000000000000000000000000000000FF00FF0000000000FF00FF,False,0.0052490234375,"[2, 6, 6, 2, 4, 1, 5, 6]",0.5837864875793457,uniform_random,"[8, 8, 5, 11]",0.0,0.0,parity2,0.6,0.0,0.5,0.3125,0.5625,8032,0.880927934659252,0.48539951869419645
15,0.5625,0.5466289520263672,0.6172666549682617,7,f12319a0b53a94f6,0.5942831039428711,0.0005288769686240996,"[6, 27, 43, 53, 56, 57, 58, 62, 68, 70, 79, 83, 87, 89, 113, 114, 130, 133, 142, 144, 162, 196, 211, 212, 220, 222, 226, 229, 231, 242, 243, 250]",112.0,-17.132882415411924,-17.220770139959765,-17.41350072347713,0.5960067510604858,0.5972376465797424,0xFFFFFFFFFFFFFFFFFFFFFFFFFFFFFFFFFFFFFFFFFFFFFFFFFFFFFFFFFFFFFFFF,False,0.02197265625,"[2, 6, 6, 2, 4, 1, 5, 6]",0.46617698669433594,uniform_random,"[2, 6, 6, 2, 4, 1, 5, 6]",0.0,0.0,mux3,0.6,0.0,0.625,0.8125,0.3125,7600,0.8490975006101387,0.5774824959891183
16,0.5,0.535006046295166,0.5108504295349121,0,6293e349a9faad3b,0.5013318061828613,0.00024041487989866927,"[8, 21, 23, 31, 36, 40, 48, 51, 64, 73, 79, 80, 101, 103, 104, 110, 128, 131, 136, 146, 160, 170, 180, 185, 198, 209, 210, 220, 230, 244, 250, 253]",51.0,-40.034832547201034,-40.11902124651006,-40.23517107295326,0.598198652267456,0.5987292528152466,0x0000FFFF0000FFFF0000FFFF0000FFFF0000FFFF0000FFFF0000FFFF0000FFFF,False,0.0152587890625,"[4, 4, 4, 4, 4, 4, 4, 4]",0.5000367164611816,cell_balanced,"[8, 8, 8, 8]",0.0,0.0,parity2,0.6,0.0,0.5,0.5,0.5,7923,0.8677566212048391,0.46662793840680805
17,0.5,0.7242326736450195,0.7340793609619141,0,6293e349a9faad3b,0.7300510406494141,3.2488497283603957e-06,"[8, 21, 23, 31, 36, 40, 48, 51, 64, 73, 79, 80, 101, 103, 104, 110, 128, 131, 136, 146, 160, 170, 180, 185, 198, 209, 210, 220, 230, 244, 250, 253]",81.0,-23.51190671765305,-23.573373100807572,-23.71846212619114,0.5966389179229736,0.5976831912994385,0xFFFFFFFFFFFFFFFFFFFFFFFF00000000FFFFFFFFFFFFFFFFFFFFFFFF00000000,False,0.001708984375,"[4, 4, 4, 4, 4, 4, 4, 4]",0.5001192092895508,cell_balanced,"[4, 4, 4, 4, 4, 4, 4, 4]",0.0,0.0,mux3,0.6,0.0,0.75,0.75,0.25,8169,0.766408889539427,0.7238044738769531
18,0.5,0.5556044578552246,0.5080809593200684,1,c9b4a81f93ef801a,0.5029597282409668,2.6527305121474788e-06,"[0, 4, 7, 21, 33, 41, 42, 50, 65, 75, 81, 90, 101, 106, 110, 122, 135, 145, 148, 154, 167, 176, 178, 181, 205, 213, 220, 222, 224, 232, 236, 239]",40.5,-47.91478164029375,-48.115843893256795,-48.17069228524198,0.5985356569290161,0.5989727973937988,0xEFFF8CCEEFFF8CCECEEF088CCEEF088CEFFF8CCEEFFF8CCECEEF088CCEEF088C,False,0.0009765625,"[4, 4, 4, 4, 4, 4, 4, 4]",0.5001091957092285,cell_balanced,"[8, 8, 8, 8]",0.0,0.0,parity2,0.6,0.0,0.5,0.5,0.5,8153,0.8722071357794672,0.47343662806919645
19,0.5,0.6677660942077637,0.6820082664489746,1,c9b4a81f93ef801a,0.6752276420593262,5.067013337809791e-07,"[0, 4, 7, 21, 33, 41, 42, 50, 65, 75, 81, 90, 101, 106, 110, 122, 135, 145, 148, 154, 167, 176, 178, 181, 205, 213, 220, 222, 224, 232, 236, 239]",102.0,-18.760999363571518,-18.850184350228503,-18.921873985321657,0.5957642793655396,0.5970812439918518,0xFF55FFFF5500FF555500FF5500005500FF55FFFF5500FF555500FF5500005500,False,0.0006103515625,"[4, 4, 4, 4, 4, 4, 4, 4]",0.5000615119934082,cell_balanced,"[4, 4, 4, 4, 4, 4, 4, 4]",0.0,0.0,mux3,0.6,0.0,0.75,0.75,0.25,8183,0.7304335953643711,0.6581437247140067
20,0.5,0.6185297966003418,0.5197405815124512,2,92402e067f850060,0.6111798286437988,0.0,"[1, 8, 20, 30, 40, 44, 55, 59, 66, 70, 84, 88, 98, 105, 118, 120, 132, 150, 152, 158, 173, 175, 176, 189, 193, 200, 211, 212, 226, 229, 233, 240]",18.0,-72.48887260168799,-72.6295699456305,-72.73464052699427,0.5985549688339233,0.5989898443222046,0xFDD55450F5545040FDF5D554F5F55554F5555440555050000000000000000000,False,0.0001220703125,"[4, 4, 4, 4, 4, 4, 4, 4]",0.49996519088745117,cell_balanced,"[8, 8, 8, 8]",0.0,0.0,parity2,0.6,0.0,0.5,0.5,0.5,8192,0.7863034624989844,0.591041019984654
21,0.5,0.7077803611755371,0.725043773651123,2,92402e067f850060,0.7171511650085449,4.590117964839458e-06,"[1, 8, 20, 30, 40, 44, 55, 59, 66, 70, 84, 88, 98, 105, 118, 120, 132, 150, 152, 158, 173, 175, 176, 189, 193, 200, 211, 212, 226, 229, 233, 240]",88.0,-21.25554924282476,-21.436368212502206,-21.742395759958036,0.5962721109390259,0.5974047183990479,0xFFFFFFFF0F0F0F0F0F0F0F0F00000000FFFFFFFF0F0F0F0F0F0F0F0F00000000,False,0.002197265625,"[4, 4, 4, 4, 4, 4, 4, 4]",0.49940919876098633,cell_balanced,"[4, 4, 4, 4, 4, 4, 4, 4]",0.0,0.0,mux3,0.6,0.0,0.75,0.75,0.25,8174,0.7627338859605493,0.7105396815708706
22,0.5,0.48923254013061523,0.5196661949157715,3,369096b35ac51fa1,0.500795841217041,0.0010075606992430717,"[15, 16, 24, 26, 34, 46, 54, 56, 69, 71, 73, 74, 112, 115, 117, 125, 129, 139, 152, 159, 160, 164, 173, 187, 192, 194, 215, 220, 232, 244, 252, 255]",61.0,-31.48250672719738,-31.60841377062941,-31.70603329311632,0.5975260138511658,0.5982452630996704,0xAAAAAAAAAAAAAAAAAAAAAAAAAAAAAAAAAAAAAAAAAAAAAAAAAAAAAAAAAAAAAAAA,False,0.0316162109375,"[4, 4, 4, 4, 4, 4, 4, 4]",0.4999861717224121,cell_balanced,"[8, 8, 8, 8]",0.0,0.0,parity2,0.6,0.0,0.5,0.5,0.5,7723,0.8836121323203682,0.4649603707449777
23,0.5,0.7001571655273438,0.6946992874145508,3,369096b35ac51fa1,0.6981687545776367,7.749549810767916e-07,"[15, 16, 24, 26, 34, 46, 54, 56, 69, 71, 73, 74, 112, 115, 117, 125, 129, 139, 152, 159, 160, 164, 173, 187, 192, 194, 215, 220, 232, 244, 252, 255]",93.0,-20.306567701392538,-20.42568909753715,-20.530181289271518,0.5959603786468506,0.5971616506576538,0xF5FFF5FF50F550F550F550F500500050F5FFF5FF50F550F550F550F500500050,False,0.00048828125,"[4, 4, 4, 4, 4, 4, 4, 4]",0.4994535446166992,cell_balanced,"[4, 4, 4, 4, 4, 4, 4, 4]",0.0,0.0,mux3,0.6,0.0001220703125,0.75,0.75,0.25,8177,0.7516147768732907,0.6835981096540179
24,0.5,0.5193924903869629,0.4965071678161621,4,7b2268760b066630,0.5014920234680176,9.567713420217311e-06,"[0, 16, 17, 23, 33, 39, 51, 63, 69, 70, 78, 79, 100, 103, 106, 126, 130, 145, 146, 154, 163, 166, 183, 191, 207, 216, 220, 222, 233, 234, 237, 253]",51.0,-37.549472064667256,-37.80770754248496,-37.851896788296,0.5981497764587402,0.5987026691436768,0x40C4C4DC40C4C4DC40C4C4DC40C4C4DC40C4C4DC40C4C4DC40C4C4DC40C4C4DC,False,0.0029296875,"[4, 4, 4, 4, 4, 4, 4, 4]",0.500032901763916,cell_balanced,"[8, 8, 8, 8]",0.0,0.0,parity2,0.6,0.0,0.5,0.5,0.5,8147,0.8495337929327311,0.4714175633021763
25,0.5,0.6802511215209961,0.7111139297485352,4,7b2268760b066630,0.6961174011230469,1.579715922964229e-06,"[0, 16, 17, 23, 33, 39, 51, 63, 69, 70, 78, 79, 100, 103, 106, 126, 130, 145, 146, 154, 163, 166, 183, 191, 207, 216, 220, 222, 233, 234, 237, 253]",96.5,-21.097928485783576,-21.16508178898773,-21.343181259372408,0.5963257551193237,0.5973920226097107,0xFFFFFFFFFFFFFFFFFFFFFFFF00000000FFFFFFFFFFFFFFFFFFFFFFFF00000000,False,0.0008544921875,"[4, 4, 4, 4, 4, 4, 4, 4]",0.5035419464111328,cell_balanced,"[4, 4, 4, 4, 4, 4, 4, 4]",0.0,0.0,mux3,0.6,0.0,0.75,0.75,0.25,8171,0.757923428915294,0.6841316223144531
26,0.5,0.5008339881896973,0.5211195945739746,5,a1c7eb317b0df480,0.502108097076416,1.4604920797216458e-06,"[12, 15, 16, 22, 35, 39, 40, 63, 65, 69, 75, 85, 97, 101, 117, 124, 130, 134, 143, 148, 161, 164, 178, 185, 193, 202, 217, 221, 226, 249, 250, 254]",46.5,-41.663965756514905,-41.853266754013006,-41.92072202824317,0.5983991622924805,0.5988612174987793,0x20FBB2FF20FBB2FF20FBB2FF20FBB2FF00B220FB00B220FB00B220FB00B220FB,False,0.0006103515625,"[4, 4, 4, 4, 4, 4, 4, 4]",0.5008339881896973,cell_balanced,"[8, 8, 8, 8]",0.0,0.0,parity2,0.6,0.0,0.5,0.5,0.5,8166,0.8643852029960547,0.47263336181640625
27,0.5,0.7222023010253906,0.7313318252563477,5,a1c7eb317b0df480,0.7276420593261719,7.36207232022952e-06,"[12, 15, 16, 22, 35, 39, 40, 63, 65, 69, 75, 85, 97, 101, 117, 124, 130, 134, 143, 148, 161, 164, 178, 185, 193, 202, 217, 221, 226, 249, 250, 254]",85.5,-23.55750123418386,-23.676764699361737,-23.873978699248102,0.5966415405273438,0.597659707069397,0xFFFFFFFFFFFFFFFFFFFFFFFF00000000FFFFFFFFFFFFFFFFFFFFFFFF00000000,False,0.002685546875,"[4, 4, 4, 4, 4, 4, 4, 4]",0.5026845932006836,cell_balanced,"[4, 4, 4, 4, 4, 4, 4, 4]",0.0,0.0,mux3,0.6,0.0,0.75,0.75,0.25,8162,0.7714415366605201,0.7212262834821429
28,0.5,0.6526894569396973,0.5089421272277832,6,381f0eb2f9087f35,0.6947855949401855,0.0006956115133988524,"[2, 12, 23, 24, 43, 55, 56, 60, 65, 71, 92, 93, 96, 99, 119, 126, 129, 142, 143, 152, 172, 177, 182, 184, 197, 202, 207, 217, 224, 241, 252, 255]",20.0,-85.42602124607741,-85.7852666295486,-86.07142848446287,0.5986373424530029,0.5990550518035889,0xFFFFFFFFFFFFFFFFFFFFFFFFFFFFFFFFFFFFFFFFFFFFFFFF0000000000000000,False,0.0263671875,"[4, 4, 4, 4, 4, 4, 4, 4]",0.49885988235473633,cell_balanced,"[8, 8, 8, 8]",0.0,0.0,parity2,0.6,0.0001220703125,0.5,0.5,0.5,7899,0.78248720410664,0.6877937316894531
29,0.5,0.7389345169067383,0.7436637878417969,6,381f0eb2f9087f35,0.7426977157592773,8.551330156574288e-05,"[2, 12, 23, 24, 43, 55, 56, 60, 65, 71, 92, 93, 96, 99, 119, 126, 129, 142, 143, 152, 172, 177, 182, 184, 197, 202, 207, 217, 224, 241, 252, 255]",76.0,-25.03659836270068,-25.239855503243206,-25.36175994363368,0.5968087315559387,0.5977572202682495,0xFFFFFFFFFFFFFFFFFFFFFFFF00000000FFFFFFFFFFFFFFFFFFFFFFFF00000000,False,0.0091552734375,"[4, 4, 4, 4, 4, 4, 4, 4]",0.5000429153442383,cell_balanced,"[4, 4, 4, 4, 4, 4, 4, 4]",0.0,0.0,mux3,0.6,0.0,0.75,0.75,0.25,8091,0.7768017365999187,0.7396229335239956
30,0.5,0.6094269752502441,0.4519200325012207,7,99ec5727040b68b9,0.6068730354309082,2.980596081064583e-08,"[13, 25, 26, 28, 33, 36, 42, 53, 68, 69, 86, 93, 97, 121, 123, 127, 129, 135, 147, 150, 162, 163, 170, 177, 199, 207, 214, 219, 227, 241, 243, 255]",22.5,-76.20553579388746,-76.40073267423712,-76.76446454128619,0.5985840559005737,0.5990127325057983,0xFFFFFFFFFFFFFFFFFFFFFFFFFFFFFFFFFFFFFFFFFFFFFFFF0000000000000000,False,0.000244140625,"[4, 4, 4, 4, 4, 4, 4, 4]",0.49836301803588867,cell_balanced,"[8, 8, 8, 8]",0.0,0.0,parity2,0.6,0.0,0.5,0.5,0.5,8191,0.7069278647557034,0.5918333871023995
31,0.5,0.7403998374938965,0.7412829399108887,7,99ec5727040b68b9,0.7421250343322754,5.0670133378097915e-05,"[13, 25, 26, 28, 33, 36, 42, 53, 68, 69, 86, 93, 97, 121, 123, 127, 129, 135, 147, 150, 162, 163, 170, 177, 199, 207, 214, 219, 227, 241, 243, 255]",74.5,-25.238126296766044,-25.298007189983508,-25.367472703645248,0.5968866348266602,0.5977975130081177,0xFFFFFFFFFFFFFFFFFFFFFFFF00000000FFFFFFFFFFFFFFFFFFFFFFFF00000000,False,0.007080078125,"[4, 4, 4, 4, 4, 4, 4, 4]",0.4996981620788574,cell_balanced,"[4, 4, 4, 4, 4, 4, 4, 4]",0.0,0.0,mux3,0.6,0.0,0.75,0.75,0.25,8118,0.7683550006505192,0.7406943184988839
32,0.75,0.579491138458252,0.49908971786499023,0,0a1fd335b9818c8b,0.5771737098693848,0.0,"[17, 19, 34, 37, 47, 54, 58, 59, 69, 72, 83, 87, 88, 90, 102, 116, 134, 144, 162, 168, 176, 180, 183, 187, 193, 197, 198, 208, 218, 223, 226, 231]",19.5,-68.46057296774063,-68.57688134851963,-68.89082632820609,0.5985873341560364,0.5990285873413086,0xFFF3F130FFF1F030F7F77171F7F77171F7F15110F7F110100000000000000000,False,0.0001220703125,"[2, 6, 6, 2, 2, 6, 6, 2]",0.5254120826721191,conflict_enriched,"[8, 8, 8, 8]",0.0,0.0,parity2,0.6,0.0,0.5,0.5,0.75,8192,0.7949242635451788,0.559112548828125
33,0.75,0.7115631103515625,0.697789192199707,0,0a1fd335b9818c8b,0.7074689865112305,3.844968944573312e-06,"[17, 19, 34, 37, 47, 54, 58, 59, 69, 72, 83, 87, 88, 90, 102, 116, 134, 144, 162, 168, 176, 180, 183, 187, 193, 197, 198, 208, 218, 223, 226, 231]",48.0,-39.97453018611244,-40.28288300536441,-40.47632734313968,0.5983141660690308,0.5988345146179199,0xFCFCFFFFC0C0FCFCC0C0FCFC0000C0C0FCFCFFFFC0C0FCFCC0C0FCFC0000C0C0,False,0.001708984375,"[2, 6, 6, 2, 2, 6, 6, 2]",0.49951648712158203,conflict_enriched,"[2, 6, 6, 2, 2, 6, 6, 2]",0.0,0.0,mux3,0.6,0.0,0.625,0.625,0.125,8161,0.8497633871791568,0.7113979884556362
34,0.75,0.4899444580078125,0.515202522277832,1,98cc2a02e7d0e9e2,0.5051670074462891,3.993998748626541e-06,"[8, 13, 33, 45, 46, 55, 57, 63, 64, 68, 81, 82, 83, 85, 117, 122, 150, 158, 160, 162, 166, 171, 175, 190, 194, 196, 199, 213, 216, 217, 244, 255]",41.5,-46.8204754356092,-47.305955997217566,-47.57497294483736,0.5985819101333618,0.5990080833435059,0x44DD44DD44DD44DD44DD44DD44DD44DD44DD44DD44DD44DD44DD44DD44DD44DD,False,0.0015869140625,"[2, 6, 6, 2, 2, 6, 6, 2]",0.502446174621582,conflict_enriched,"[8, 8, 8, 8]",0.0,0.0,parity2,0.6,0.0,0.5,0.5,0.75,8155,0.8624717610705481,0.47576141357421875
35,0.75,0.7155604362487793,0.7233176231384277,1,98cc2a02e7d0e9e2,0.7229828834533691,7.749549810767916e-07,"[8, 13, 33, 45, 46, 55, 57, 63, 64, 68, 81, 82, 83, 85, 117, 122, 150, 158, 160, 162, 166, 171, 175, 190, 194, 196, 199, 213, 216, 217, 244, 255]",40.0,-43.139081826554545,-43.41443189879628,-43.545158227159135,0.5982629060745239,0.5987851619720459,0xFFFFBBBBBBBB2222BBBB222222220000FFFFBBBBBBBB2222BBBB222222220000,False,0.0008544921875,"[2, 6, 6, 2, 2, 6, 6, 2]",0.496340274810791,conflict_enriched,"[2, 6, 6, 2, 2, 6, 6, 2]",0.0,0.0,mux3,0.6,0.0,0.625,0.625,0.125,8182,0.8442802857816889,0.7220393589564732
36,0.75,0.4960184097290039,0.5048103332519531,2,ac77bde2e98598db,0.5076923370361328,0.0007659535809119766,"[5, 31, 37, 40, 48, 49, 52, 60, 66, 69, 83, 88, 90, 94, 102, 120, 147, 158, 163, 168, 174, 184, 189, 191, 198, 208, 209, 214, 218, 223, 224, 238]",34.0,-56.98372044825871,-57.16422903722047,-57.24166430851026,0.5987918376922607,0.5991672277450562,0xCF0CCF0CCF0CCF0CCF0CCF0CCF0CCF0CCF0CCF0CCF0CCF0CCF0CCF0CCF0CCF0C,False,0.027587890625,"[2, 6, 6, 2, 2, 6, 6, 2]",0.5032110214233398,conflict_enriched,"[8, 8, 8, 8]",0.0,0.0,parity2,0.6,0.0,0.5,0.5,0.75,7823,0.8835476628983127,0.4726802280970982
37,0.75,0.6680502891540527,0.6754488945007324,2,ac77bde2e98598db,0.6729540824890137,8.375474987791478e-06,"[5, 31, 37, 40, 48, 49, 52, 60, 66, 69, 83, 88, 90, 94, 102, 120, 147, 158, 163, 168, 174, 184, 189, 191, 198, 208, 209, 214, 218, 223, 224, 238]",61.0,-31.538319188939997,-31.80104309494974,-31.917275723068688,0.5974702835083008,0.59825599193573,0x77FF77FF11771177117711770011001177FF77FF117711771177117700110011,False,0.0029296875,"[2, 6, 6, 2, 2, 6, 6, 2]",0.4992079734802246,conflict_enriched,"[2, 6, 6, 2, 2, 6, 6, 2]",0.0,0.0,mux3,0.6,0.0,0.625,0.625,0.125,8165,0.8257117398211641,0.6609507969447544
38,0.75,0.5908355712890625,0.5303630828857422,3,6d403e216e3b7b94,0.6018047332763672,3.5767152972775e-07,"[8, 15, 32, 40, 43, 50, 55, 59, 68, 69, 73, 77, 87, 89, 116, 120, 133, 156, 163, 164, 170, 186, 187, 189, 197, 202, 212, 214, 221, 222, 244, 248]",22.0,-71.26029460501383,-71.52468762393005,-72.23348727606886,0.5985358953475952,0.5989784002304077,0xBBBBBBBBBBBBBBBBBBBBBBBBBBBBBBBBBBBBBBBBBBBBBBBB2222222222222222,False,0.0006103515625,"[2, 6, 6, 2, 2, 6, 6, 2]",0.5255451202392578,conflict_enriched,"[8, 8, 8, 8]",0.0,0.0,parity2,0.6,0.0,0.5,0.5,0.75,8186,0.7747867846989783,0.5797375270298549
39,0.75,0.6718463897705078,0.6524944305419922,3,6d403e216e3b7b94,0.6637401580810547,7.749549810767916e-07,"[8, 15, 32, 40, 43, 50, 55, 59, 68, 69, 73, 77, 87, 89, 116, 120, 133, 156, 163, 164, 170, 186, 187, 189, 197, 202, 212, 214, 221, 222, 244, 248]",59.0,-32.5666976986263,-32.60360195098146,-32.93482692500592,0.5978178977966309,0.5985003709793091,0xFFFF55FF55FF005555FF005500550000FFFF55FF55FF005555FF005500550000,False,0.0008544921875,"[2, 6, 6, 2, 2, 6, 6, 2]",0.49866676330566406,conflict_enriched,"[2, 6, 6, 2, 2, 6, 6, 2]",0.0,0.0,mux3,0.6,0.0,0.625,0.625,0.125,8182,0.8204777840252191,0.6567431858607701
40,0.75,0.5333170890808105,0.48453283309936523,4,c07d550b631777b8,0.5579276084899902,0.0,"[18, 21, 32, 35, 42, 47, 50, 52, 65, 67, 74, 75, 78, 90, 105, 113, 128, 154, 166, 168, 170, 174, 183, 187, 192, 198, 200, 206, 207, 221, 247, 249]",22.0,-65.39332261406545,-65.57826457418561,-65.96773606551885,0.5985445976257324,0.5990076065063477,0xEFCF0F0F0F0F0F0FFFEFEF8F0F0F0F0F0F0A0F0A0F0808000000000000000000,False,0.0001220703125,"[2, 6, 6, 2, 2, 6, 6, 2]",0.5239338874816895,conflict_enriched,"[8, 8, 8, 8]",0.0,0.0,parity2,0.6,0.0,0.5,0.5,0.75,8192,0.8008234616525258,0.5357845851353237
41,0.75,0.7120223045349121,0.7300534248352051,4,c07d550b631777b8,0.7232308387756348,7.43360662617507e-05,"[18, 21, 32, 35, 42, 47, 50, 52, 65, 67, 74, 75, 78, 90, 105, 113, 128, 154, 166, 168, 170, 174, 183, 187, 192, 198, 200, 206, 207, 221, 247, 249]",48.0,-41.070246904361305,-41.21598927998619,-41.27355241227709,0.5981423854827881,0.5987005233764648,0xFFFFFFFF333333333333333300000000FFFFFFFF333333333333333300000000,False,0.0081787109375,"[2, 6, 6, 2, 2, 6, 6, 2]",0.49968481063842773,conflict_enriched,"[2, 6, 6, 2, 2, 6, 6, 2]",0.0,0.0,mux3,0.6,0.0,0.625,0.625,0.125,8067,0.8712068251983112,0.726304190499442
42,0.75,0.6269779205322266,0.4690408706665039,5,5396d0ca2e9c4a5d,0.5833120346069336,0.0,"[26, 27, 32, 40, 48, 51, 55, 56, 66, 79, 80, 85, 89, 95, 104, 120, 128, 133, 161, 165, 181, 184, 185, 190, 203, 205, 209, 214, 219, 220, 241, 253]",25.5,-69.73076794495671,-70.02827369343265,-70.33550678928897,0.5985409021377563,0.5990011096000671,0xF7FF73F777FF337773F773F777FF737773F7337373FF33730000000000000000,False,0.0001220703125,"[2, 6, 6, 2, 2, 6, 6, 2]",0.5266685485839844,conflict_enriched,"[8, 8, 8, 8]",0.0,0.0,parity2,0.6,0.0,0.5,0.5,0.75,8192,0.7848755112828443,0.564835684640067
43,0.75,0.7645840644836426,0.7330441474914551,5,5396d0ca2e9c4a5d,0.7562928199768066,2.7898379318764498e-05,"[26, 27, 32, 40, 48, 51, 55, 56, 66, 79, 80, 85, 89, 95, 104, 120, 128, 133, 161, 165, 181, 184, 185, 190, 203, 205, 209, 214, 219, 220, 241, 253]",35.5,-50.013662690536414,-50.05255736482938,-50.24522144115745,0.5985175967216492,0.5989542007446289,0xFFFFFFFF555555555555555500000000FFFFFFFF555555555555555500000000,False,0.0040283203125,"[2, 6, 6, 2, 2, 6, 6, 2]",0.49249887466430664,conflict_enriched,"[2, 6, 6, 2, 2, 6, 6, 2]",0.0,0.0,mux3,0.6,0.0,0.625,0.625,0.125,8083,0.8577274155056029,0.7630914960588727
44,0.75,0.6112217903137207,0.4931340217590332,6,115d70ccbbe53f44,0.6129631996154785,0.0,"[11, 22, 35, 43, 51, 53, 54, 59, 66, 67, 76, 78, 85, 91, 97, 124, 140, 147, 166, 172, 175, 179, 187, 188, 193, 202, 211, 216, 222, 223, 228, 249]",17.5,-73.14565049503994,-73.48613030574826,-73.58928445267605,0.5986183881759644,0.5990420579910278,0xF7F7F7F7F575F7F575757775757577757775F777F775F7770000000000000000,False,0.0001220703125,"[2, 6, 6, 2, 2, 6, 6, 2]",0.5310053825378418,conflict_enriched,"[8, 8, 8, 8]",0.0,0.0,parity2,0.6,0.0,0.5,0.5,0.75,8192,0.7269301815486867,0.5953445434570312
45,0.75,0.7063088417053223,0.7301249504089355,6,115d70ccbbe53f44,0.7208991050720215,6.050610044561104e-06,"[11, 22, 35, 43, 51, 53, 54, 59, 66, 67, 76, 78, 85, 91, 97, 124, 140, 147, 166, 172, 175, 179, 187, 188, 193, 202, 211, 216, 222, 223, 228, 249]",46.0,-40.75290933418763,-41.01501546464779,-41.07172082118377,0.598176121711731,0.5987353920936584,0xFFFF3F3F3F3F03033F3F030303030000FFFF3F3F3F3F03033F3F030303030000,False,0.002197265625,"[2, 6, 6, 2, 2, 6, 6, 2]",0.4976487159729004,conflict_enriched,"[2, 6, 6, 2, 2, 6, 6, 2]",0.0,0.0,mux3,0.6,0.0,0.625,0.625,0.125,8147,0.8534096520763523,0.7246589660644531
46,0.75,0.4689059257507324,0.41768693923950195,7,7f4875de86af6e6e,0.5103869438171387,4.768953729703333e-07,"[8, 30, 35, 36, 42, 56, 60, 63, 69, 75, 78, 79, 81, 89, 114, 123, 141, 156, 161, 163, 179, 182, 183, 189, 200, 201, 205, 209, 212, 216, 243, 251]",36.0,-53.74872536509139,-53.79323647280694,-53.933653696606484,0.5987770557403564,0.5991591811180115,0xA8EAA8EAA8EAA8EAA8EAA8EAA8EAA8EAA8EAA8EAA8EAA8EAA8EAA8EAA8EAA8EA,False,0.00048828125,"[2, 6, 6, 2, 2, 6, 6, 2]",0.503608226776123,conflict_enriched,"[8, 8, 8, 8]",0.0,0.0,parity2,0.6,0.0,0.5,0.5,0.75,8180,0.875049748401747,0.48518153599330355
47,0.75,0.6974515914916992,0.7217216491699219,7,7f4875de86af6e6e,0.7111215591430664,2.7123424337687704e-06,"[8, 30, 35, 36, 42, 56, 60, 63, 69, 75, 78, 79, 81, 89, 114, 123, 141, 156, 161, 163, 179, 182, 183, 189, 200, 201, 205, 209, 212, 216, 243, 251]",48.5,-36.348393125407206,-36.42246369729756,-36.56529432734547,0.5977483987808228,0.5984674096107483,0x7F7F7F7F1717171717171717010101017F7F7F7F171717171717171701010101,False,0.0013427734375,"[2, 6, 6, 2, 2, 6, 6, 2]",0.49808692932128906,conflict_enriched,"[2, 6, 6, 2, 2, 6, 6, 2]",0.0,0.0,mux3,0.6,0.0,0.625,0.625,0.125,8161,0.8429220389800691,0.7068279811314174
0,0.375,0.5562562942504883,0.4222536087036133,0,b1674c8027723817,0.5540742874145508,5.961192162129166e-08,"[1, 12, 25, 26, 27, 31, 34, 35, 36, 51, 52, 62, 80, 84, 98, 110, 120, 124, 134, 137, 138, 140, 149, 156, 161, 212, 213, 222, 225, 235, 242, 249]",14.5,-102.13612951604041,-102.67454631358375,-103.08320360586919,0.49846577644348145,0.4989476501941681,0x1100111111117777000011111111777711001111111155110000000000001111,False,0.000244140625,"[6, 6, 2, 4, 6, 1, 3, 4]",0.46920299530029297,uniform_random,"[12, 6, 7, 7]",0.0,0.0,parity2,0.5,0.0,0.5625,0.4375,0.375,8190,0.8658794344773519,0.5227301461356026
1,0.375,0.6654295921325684,0.8043665885925293,0,b1674c8027723817,0.7288756370544434,0.00017925304831522401,"[1, 12, 25, 26, 27, 31, 34, 35, 36, 51, 52, 62, 80, 84, 98, 110, 120, 124, 134, 137, 138, 140, 149, 156, 161, 212, 213, 222, 225, 235, 242, 249]",51.0,-38.74583503185939,-38.9085388130557,-39.02689214905222,0.49594786763191223,0.4971744418144226,0xFFFFFFFFFFFFFFFFFFFFFFFF00000000FFFFFFFFFFFFFFFFFFFFFFFF00000000,False,0.0133056640625,"[6, 6, 2, 4, 6, 1, 3, 4]",0.5094056129455566,uniform_random,"[6, 6, 2, 4, 6, 1, 3, 4]",0.0,0.0,mux3,0.5,0.0,0.75,0.875,0.3125,8018,0.8384677946330432,0.7078606741768974
2,0.4375,0.5168519020080566,0.4699368476867676,1,58ad15a270c226c7,0.6015734672546387,7.451490202661458e-07,"[4, 16, 18, 22, 37, 40, 48, 68, 87, 93, 94, 97, 106, 114, 115, 118, 130, 131, 136, 139, 152, 171, 173, 178, 188, 200, 213, 216, 226, 229, 238, 242]",9.5,-121.09367266106301,-121.89249972837965,-122.89437528957022,0.4985508918762207,0.4990155100822449,0xFFEEFFEEFFEEFFEEFFEEFFEEFFEEFFEEFFEEFFEEFFEEFFEEEE88EE88EE88EE88,False,0.0008544921875,"[4, 3, 4, 5, 5, 4, 3, 4]",0.49440622329711914,uniform_random,"[7, 9, 9, 7]",0.0,0.0,parity2,0.5,0.0,0.5,0.5,0.4375,8182,0.8905321747237218,0.571974618094308
3,0.4375,0.7504000663757324,0.7294449806213379,1,58ad15a270c226c7,0.7401289939880371,3.5767152972775e-07,"[4, 16, 18, 22, 37, 40, 48, 68, 87, 93, 94, 97, 106, 114, 115, 118, 130, 131, 136, 139, 152, 171, 173, 178, 188, 200, 213, 216, 226, 229, 238, 242]",44.5,-44.850785206477646,-44.981543653998656,-45.05520492193199,0.4963609278202057,0.4974578320980072,0xFFFFFFFF3F3F3F3F0303030300000000FFFFFFFF3F3F3F3F0303030300000000,False,0.0003662109375,"[4, 3, 4, 5, 5, 4, 3, 4]",0.4966282844543457,uniform_random,"[4, 3, 4, 5, 5, 4, 3, 4]",0.0,0.0,mux3,0.5,0.0001220703125,0.78125,0.78125,0.28125,8182,0.8366367761517564,0.7206715175083706
4,0.46875,0.6539406776428223,0.4893307685852051,2,ce3fbc86d8d7ac0f,0.5914483070373535,2.980596081064583e-08,"[17, 24, 35, 40, 46, 55, 56, 66, 79, 81, 85, 97, 98, 101, 103, 111, 121, 123, 128, 131, 134, 137, 145, 146, 147, 178, 201, 202, 214, 215, 217, 249]",13.0,-106.45950500433688,-106.76429328788439,-107.52039193103116,0.4984632432460785,0.49892884492874146,0x88FFEEFF88FFEEFF88FFAAFF88FFEEFF88FFEEFF88FFEEFF008800EE00EE88FF,False,0.000244140625,"[2, 5, 4, 7, 7, 1, 5, 1]",0.5213065147399902,uniform_random,"[7, 11, 8, 6]",0.0,0.0,parity2,0.5,0.0,0.5625,0.46875,0.46875,8191,0.8452780374354866,0.5635757446289062
5,0.46875,0.6481456756591797,0.7393951416015625,2,ce3fbc86d8d7ac0f,0.6807270050048828,1.2309861814796729e-05,"[17, 24, 35, 40, 46, 55, 56, 66, 79, 81, 85, 97, 98, 101, 103, 111, 121, 123, 128, 131, 134, 137, 145, 146, 147, 178, 201, 202, 214, 215, 217, 249]",44.0,-43.30533757824433,-43.41083651536964,-43.51058316977927,0.4967523217201233,0.49772095680236816,0xFFFFFFFFFFFFFFFFFFFFFFFF00000000FFFFFFFFFFFFFFFFFFFFFFFF00000000,False,0.0030517578125,"[2, 5, 4, 7, 7, 1, 5, 1]",0.53271484375,uniform_random,"[2, 5, 4, 7, 7, 1, 5, 1]",0.0,0.0,mux3,0.5,0.0,0.71875,0.8125,0.25,8111,0.8646800573443375,0.6598330906459263
6,0.53125,0.5843901634216309,0.6963696479797363,3,c6350c79ea7d662f,0.5284867286682129,8.941788243193749e-07,"[15, 16, 30, 40, 45, 63, 64, 66, 77, 86, 101, 105, 106, 110, 113, 124, 126, 130, 144, 161, 164, 174, 188, 190, 207, 209, 210, 219, 220, 231, 235, 252]",17.5,-99.41393595495069,-99.52343237240905,-100.11527226995038,0.4986557364463806,0.499070942401886,0x55FF55FF00550055005555FF0000005555FFFFFF005555FF55FF55FF00550055,False,0.00048828125,"[3, 3, 4, 7, 2, 5, 5, 3]",0.5105061531066895,uniform_random,"[6, 11, 7, 8]",0.0,0.0,parity2,0.5,0.0,0.53125,0.625,0.53125,8170,0.897435822634298,0.4932191031319754
7,0.53125,0.7754683494567871,0.6414313316345215,3,c6350c79ea7d662f,0.7142930030822754,1.1326265108045415e-06,"[15, 16, 30, 40, 45, 63, 64, 66, 77, 86, 101, 105, 106, 110, 113, 124, 126, 130, 144, 161, 164, 174, 188, 190, 207, 209, 210, 219, 220, 231, 235, 252]",36.0,-52.10782440762998,-52.216615915095375,-52.35925072001544,0.4971705377101898,0.4980449378490448,0xFFFFFFFFFFAFFFAFAF0AAF0A0A000A00FFFFFFFFFFAFFFAFAF0AAF0A0A000A00,False,0.0009765625,"[3, 3, 4, 7, 2, 5, 5, 3]",0.5021357536315918,uniform_random,"[3, 3, 4, 7, 2, 5, 5, 3]",0.0,0.0,mux3,0.5,0.0,0.78125,0.6875,0.15625,8175,0.8619130432951,0.6961915152413505
8,0.5,0.19792604446411133,0.6131453514099121,4,999d074f63d85a28,0.5323367118835449,5.841968318886583e-06,"[3, 7, 10, 28, 69, 70, 73, 84, 110, 119, 130, 138, 142, 143, 145, 155, 156, 166, 176, 179, 181, 186, 190, 197, 202, 204, 210, 219, 221, 248, 249, 252]",12.5,-99.71548670533501,-100.07709174385523,-100.46875352073337,0.4985179901123047,0.4989611506462097,0xC0FCC0FC00C000C0FFFFFFFFFFFFFFFFC0FCC0FC00C000C0FFFFFFFFFCFFFCFF,False,0.0023193359375,"[4, 0, 4, 2, 7, 6, 6, 3]",0.48273801803588867,uniform_random,"[4, 6, 13, 9]",0.0,0.0,parity2,0.5,0.0,0.3125,0.5625,0.5,8155,0.8786377420611104,0.4947951180594308
9,0.5,0.7366113662719727,0.5373954772949219,4,999d074f63d85a28,0.6532077789306641,3.159431845928458e-06,"[3, 7, 10, 28, 69, 70, 73, 84, 110, 119, 130, 138, 142, 143, 145, 155, 156, 166, 176, 179, 181, 186, 190, 197, 202, 204, 210, 219, 221, 248, 249, 252]",47.5,-40.117977244882645,-40.29279767565886,-40.49716117157488,0.4965202212333679,0.4975762367248535,0xFFFFFFFFFFFFFFFF0000000000000000FFFFFFFFFFFFFFFF0000000000000000,False,0.0013427734375,"[4, 0, 4, 2, 7, 6, 6, 3]",0.5005779266357422,uniform_random,"[4, 0, 4, 2, 7, 6, 6, 3]",0.0,0.0,mux3,0.5,0.0001220703125,0.875,0.625,0.3125,8161,0.8129366634362774,0.630652836390904
10,0.5,0.5560593605041504,0.6520485877990723,5,60086b80022888b1,0.5094170570373535,1.836047185935783e-05,"[1, 7, 12, 18, 42, 43, 55, 82, 84, 93, 100, 104, 111, 112, 115, 118, 155, 167, 177, 178, 184, 199, 200, 202, 204, 214, 219, 228, 229, 238, 251, 255]",25.5,-76.1278401650196,-76.31078991009915,-76.617826049564,0.49848437309265137,0.49895089864730835,0x377F0001011300001337000000010000FFFF1337377F00017FFF011313370000,False,0.004150390625,"[4, 3, 3, 6, 1, 4, 6, 5]",0.47418737411499023,uniform_random,"[7, 9, 5, 11]",0.0,0.0,parity2,0.5,0.0,0.5,0.625,0.5,8111,0.9079216041221515,0.4629903520856585
11,0.5,0.7411026954650879,0.6359429359436035,5,60086b80022888b1,0.6846728324890137,4.14302855267977e-06,"[1, 7, 12, 18, 42, 43, 55, 82, 84, 93, 100, 104, 111, 112, 115, 118, 155, 167, 177, 178, 184, 199, 200, 202, 204, 214, 219, 228, 229, 238, 251, 255]",49.0,-42.165872719444934,-42.580711422829374,-42.741834649496965,0.4966963827610016,0.49769890308380127,0xFFFFFFFFFFFFFFFFCCCCFFFF0000CCCCFFFFFFFFFFFFFFFFCCCCFFFF0000CCCC,False,0.0010986328125,"[4, 3, 3, 6, 1, 4, 6, 5]",0.49504804611206055,uniform_random,"[4, 3, 3, 6, 1, 4, 6, 5]",0.0,0.0,mux3,0.5,0.0,0.8125,0.6875,0.1875,8136,0.8603033400836481,0.6683327811104911
12,0.53125,0.7331027984619141,0.4832735061645508,6,651a6b4b9f13fb6f,0.7357120513916016,0.07131851078928092,"[7, 17, 21, 22, 30, 46, 48, 58, 68, 69, 70, 71, 82, 86, 88, 99, 105, 134, 136, 140, 141, 149, 154, 169, 175, 183, 193, 197, 201, 204, 227, 237]",15.0,-126.79158863638142,-127.2534420524328,-127.41110689594309,0.4984443187713623,0.4989073574542999,0xFFFFFFFFFFFFFFFFFFFFFFFFFFFFFFFFFFFFFFFFFFFFFFFF0000000000000000,False,0.26611328125,"[5, 3, 7, 2, 6, 3, 4, 2]",0.5073213577270508,uniform_random,"[8, 9, 9, 6]",0.0,0.0,parity2,0.5,0.0,0.53125,0.4375,0.53125,4293,0.9572161540656322,0.7242813110351562
13,0.53125,0.6184444427490234,0.6885337829589844,6,651a6b4b9f13fb6f,0.6525211334228516,1.508181617018679e-05,"[7, 17, 21, 22, 30, 46, 48, 58, 68, 69, 70, 71, 82, 86, 88, 99, 105, 134, 136, 140, 141, 149, 154, 169, 175, 183, 193, 197, 201, 204, 227, 237]",54.0,-41.372510950649435,-41.75229835110321,-41.84465228639102,0.49704137444496155,0.49786949157714844,0x03033F3F00000000000003030000000003033F3F000000000000030300000000,False,0.002197265625,"[5, 3, 7, 2, 6, 3, 4, 2]",0.5064659118652344,uniform_random,"[5, 3, 7, 2, 6, 3, 4, 2]",0.0,0.0,mux3,0.5,0.0,0.6875,0.78125,0.25,8098,0.8548534435107425,0.6326806204659599
14,0.5625,0.5590672492980957,0.28940343856811523,7,f12319a0b53a94f6,0.5321431159973145,3.010402041875229e-06,"[6, 27, 43, 53, 56, 57, 58, 62, 68, 70, 79, 83, 87, 89, 113, 114, 130, 133, 142, 144, 162, 196, 211, 212, 220, 222, 226, 229, 231, 242, 243, 250]",18.0,-90.07386833868547,-90.37050247791188,-90.6508290030488,0.4985697269439697,0.4990221858024597,0x00000000000F0FFF000000000000000F0000000F0FFFFFFF00000000000F0FFF,False,0.0010986328125,"[2, 6, 6, 2, 4, 1, 5, 6]",0.5980305671691895,uniform_random,"[8, 8, 5, 11]",0.0,0.0,parity2,0.5,0.0,0.5,0.3125,0.5625,8141,0.9046890058590003,0.4993444170270647
15,0.5625,0.5797710418701172,0.7653322219848633,7,f12319a0b53a94f6,0.7036676406860352,2.473894747283604e-06,"[6, 27, 43, 53, 56, 57, 58, 62, 68, 70, 79, 83, 87, 89, 113, 114, 130, 133, 142, 144, 162, 196, 211, 212, 220, 222, 226, 229, 231, 242, 243, 250]",41.0,-44.19311084672143,-44.43398876583349,-44.610151134852416,0.49669480323791504,0.4976871609687805,0xFFFFFFFFFFFF3333FFFFFFFF33330000FFFFFFFFFFFF3333FFFFFFFF33330000,False,0.001220703125,"[2, 6, 6, 2, 4, 1, 5, 6]",0.4367637634277344,uniform_random,"[2, 6, 6, 2, 4, 1, 5, 6]",0.0,0.0,mux3,0.5,0.0,0.625,0.8125,0.3125,8156,0.8605961455862223,0.682013920375279
16,0.5,0.5680289268493652,0.5108370780944824,0,6293e349a9faad3b,0.5650362968444824,4.411282199975583e-06,"[8, 21, 23, 31, 36, 40, 48, 51, 64, 73, 79, 80, 101, 103, 104, 110, 128, 131, 136, 146, 160, 170, 180, 185, 198, 209, 210, 220, 230, 244, 250, 253]",9.5,-112.59679106026465,-113.33775120542433,-113.65752231920837,0.49854403734207153,0.4989948272705078,0x0000FFFF0000FFFF0000FFFF0000FFFF0000FFFF0000FFFF00000F0F00000F0F,False,0.00146484375,"[4, 4, 4, 4, 4, 4, 4, 4]",0.5040879249572754,cell_balanced,"[8, 8, 8, 8]",0.0,0.0,parity2,0.5,0.0,0.5,0.5,0.5,8149,0.8768996218009724,0.53326416015625
17,0.5,0.7414946556091309,0.7535853385925293,0,6293e349a9faad3b,0.7487969398498535,2.801760316200708e-06,"[8, 21, 23, 31, 36, 40, 48, 51, 64, 73, 79, 80, 101, 103, 104, 110, 128, 131, 136, 146, 160, 170, 180, 185, 198, 209, 210, 220, 230, 244, 250, 253]",37.0,-56.42412710824007,-56.59595400772163,-56.720248638893466,0.4974299967288971,0.498178631067276,0xFFFFFFFF50F550F550F550F500000000FFFFFFFF50F550F550F550F500000000,False,0.00146484375,"[4, 4, 4, 4, 4, 4, 4, 4]",0.49887514114379883,cell_balanced,"[4, 4, 4, 4, 4, 4, 4, 4]",0.0,0.0,mux3,0.5,0.0,0.75,0.75,0.25,8163,0.8500689388660903,0.740760258265904
18,0.5,0.6135592460632324,0.5041670799255371,1,c9b4a81f93ef801a,0.6016411781311035,6.557311378342082e-07,"[0, 4, 7, 21, 33, 41, 42, 50, 65, 75, 81, 90, 101, 106, 110, 122, 135, 145, 148, 154, 167, 176, 178, 181, 205, 213, 220, 222, 224, 232, 236, 239]",9.0,-118.28167615349435,-118.84851738943405,-119.62861555351084,0.4984055757522583,0.4988930821418762,0xCFFF0CCFCFFF0CCFCFFF0CCFCFFF0CCFCFFF0CCFCFFF0CCF0CCF000C0CCF000C,False,0.0008544921875,"[4, 4, 4, 4, 4, 4, 4, 4]",0.5086665153503418,cell_balanced,"[8, 8, 8, 8]",0.0,0.0,parity2,0.5,0.0,0.5,0.5,0.5,8185,0.8680408224073488,0.5720819745744977
19,0.5,0.6832113265991211,0.7235813140869141,1,c9b4a81f93ef801a,0.7040185928344727,1.430686118911e-06,"[0, 4, 7, 21, 33, 41, 42, 50, 65, 75, 81, 90, 101, 106, 110, 122, 135, 145, 148, 154, 167, 176, 178, 181, 205, 213, 220, 222, 224, 232, 236, 239]",42.5,-45.40243717170397,-45.43863832995619,-45.55602802471059,0.4967498183250427,0.49776312708854675,0xFF55FFFF5500FF555500FF5500005500FF55FFFF5500FF555500FF5500005500,False,0.0009765625,"[4, 4, 4, 4, 4, 4, 4, 4]",0.5006828308105469,cell_balanced,"[4, 4, 4, 4, 4, 4, 4, 4]",0.0,0.0,mux3,0.5,0.0,0.75,0.75,0.25,8172,0.8312746327906231,0.6843534197126117
20,0.5,0.6362848281860352,0.5322160720825195,2,92402e067f850060,0.7277822494506836,0.0,"[1, 8, 20, 30, 40, 44, 55, 59, 66, 70, 84, 88, 98, 105, 118, 120, 132, 150, 152, 158, 173, 175, 176, 189, 193, 200, 211, 212, 226, 229, 233, 240]",8.5,-135.87131678362357,-136.03206944794823,-136.2003035945466,0.4983657896518707,0.49887192249298096,0xFD54D540D5545400FFFFFFD5FFFDFD55FDD5D554D55555400000000000000000,False,0.0001220703125,"[4, 4, 4, 4, 4, 4, 4, 4]",0.5100812911987305,cell_balanced,"[8, 8, 8, 8]",0.0,0.0,parity2,0.5,0.0068359375,0.5,0.5,0.5,8192,0.8484931374488036,0.7046476091657367
21,0.5,0.7236361503601074,0.7673792839050293,2,92402e067f850060,0.7465786933898926,0.00019233786511109756,"[1, 8, 20, 30, 40, 44, 55, 59, 66, 70, 84, 88, 98, 105, 118, 120, 132, 150, 152, 158, 173, 175, 176, 189, 193, 200, 211, 212, 226, 229, 233, 240]",41.5,-52.590955572711486,-52.78538942026196,-53.18535927412466,0.49736711382865906,0.4981507658958435,0xFFFFFFFF0F0F0F0F0F0F0F0F00000000FFFFFFFF0F0F0F0F0F0F0F0F00000000,False,0.0137939453125,"[4, 4, 4, 4, 4, 4, 4, 4]",0.4992194175720215,cell_balanced,"[4, 4, 4, 4, 4, 4, 4, 4]",0.0,0.0,mux3,0.5,0.0,0.75,0.75,0.25,8002,0.8701843154164999,0.7389804295131138
22,0.5,0.47246789932250977,0.5320591926574707,3,369096b35ac51fa1,0.5011944770812988,0.0001240226029330973,"[15, 16, 24, 26, 34, 46, 54, 56, 69, 71, 73, 74, 112, 115, 117, 125, 129, 139, 152, 159, 160, 164, 173, 187, 192, 194, 215, 220, 232, 244, 252, 255]",21.0,-79.52887088207663,-79.64945979568513,-79.71728484187332,0.49840033054351807,0.4988660514354706,0xAAAAAAAB2AAAAAAAAAAAAAAB2AAAAAAAAAAAAAAB2AAAAAAAAAAAAAAB2AAAAAAA,False,0.0045166015625,"[4, 4, 4, 4, 4, 4, 4, 4]",0.5000319480895996,cell_balanced,"[8, 8, 8, 8]",0.0,0.0,parity2,0.5,0.0,0.5,0.5,0.5,7057,0.9507760330041527,0.4601522173200335
23,0.5,0.7350926399230957,0.7129359245300293,3,369096b35ac51fa1,0.7248530387878418,8.762952478329874e-06,"[15, 16, 24, 26, 34, 46, 54, 56, 69, 71, 73, 74, 112, 115, 117, 125, 129, 139, 152, 159, 160, 164, 173, 187, 192, 194, 215, 220, 232, 244, 252, 255]",41.0,-47.62845853969345,-47.65529396350591,-47.68987703387966,0.49673134088516235,0.4976719617843628,0xFFFFFFFF555555555555555500000000FFFFFFFF555555555555555500000000,False,0.00244140625,"[4, 4, 4, 4, 4, 4, 4, 4]",0.4993777275085449,cell_balanced,"[4, 4, 4, 4, 4, 4, 4, 4]",0.0,0.0,mux3,0.5,0.0,0.75,0.75,0.25,8142,0.8488936692141416,0.7050056457519531
24,0.5,0.5668540000915527,0.4903292655944824,4,7b2268760b066630,0.5574498176574707,1.4902980405322915e-07,"[0, 16, 17, 23, 33, 39, 51, 63, 69, 70, 78, 79, 100, 103, 106, 126, 130, 145, 146, 154, 163, 166, 183, 191, 207, 216, 220, 222, 233, 234, 237, 253]",12.0,-102.69915537050849,-103.45265939782635,-103.90126517108575,0.49840009212493896,0.49889642000198364,0x44CCCCDD44CCCCDD44CCCCDD44CCCCDD44CCCCDD44CCCCDD004444CC004444CC,False,0.0003662109375,"[4, 4, 4, 4, 4, 4, 4, 4]",0.5050292015075684,cell_balanced,"[8, 8, 8, 8]",0.0,0.0,parity2,0.5,0.0,0.5,0.5,0.5,8188,0.861812018908878,0.5236663818359375
25,0.5,0.6850743293762207,0.7649664878845215,4,7b2268760b066630,0.7239651679992676,9.50810149859602e-06,"[0, 16, 17, 23, 33, 39, 51, 63, 69, 70, 78, 79, 100, 103, 106, 126, 130, 145, 146, 154, 163, 166, 183, 191, 207, 216, 220, 222, 233, 234, 237, 253]",43.5,-50.77557042510318,-50.934863449971104,-51.069714596813135,0.49703556299209595,0.4979427754878998,0xFFFFFFFFFF33FF33FF33FF3333003300FFFFFFFFFF33FF33FF33FF3333003300,False,0.0025634765625,"[4, 4, 4, 4, 4, 4, 4, 4]",0.5074124336242676,cell_balanced,"[4, 4, 4, 4, 4, 4, 4, 4]",0.0,0.0,mux3,0.5,0.0,0.75,0.75,0.25,8129,0.8556001796185974,0.7108306884765625
26,0.5,0.5269565582275391,0.5200281143188477,5,a1c7eb317b0df480,0.5855264663696289,0.0,"[12, 15, 16, 22, 35, 39, 40, 63, 65, 69, 75, 85, 97, 101, 117, 124, 130, 134, 143, 148, 161, 164, 178, 185, 193, 202, 217, 221, 226, 249, 250, 254]",11.0,-114.16153925553387,-114.28551209523272,-114.68187120270348,0.4985157251358032,0.49897271394729614,0x00B330FB00B330FB32FBB3FF32FBB3FF003220B3003220330000000000000000,False,0.0001220703125,"[4, 4, 4, 4, 4, 4, 4, 4]",0.5087261199951172,cell_balanced,"[8, 8, 8, 8]",0.0,0.0,parity2,0.5,0.0,0.5,0.5,0.5,8192,0.875964737976743,0.5545883178710938
27,0.5,0.7427034378051758,0.7520046234130859,5,a1c7eb317b0df480,0.7491855621337891,1.1713742598583812e-05,"[12, 15, 16, 22, 35, 39, 40, 63, 65, 69, 75, 85, 97, 101, 117, 124, 130, 134, 143, 148, 161, 164, 178, 185, 193, 202, 217, 221, 226, 249, 250, 254]",36.5,-57.256286637017446,-57.41463451223913,-57.84652508557371,0.49747610092163086,0.49825015664100647,0xFFFFFFFFFF0FFF0FFF0FFF0F00000000FFFFFFFFFF0FFF0FFF0FFF0F00000000,False,0.0025634765625,"[4, 4, 4, 4, 4, 4, 4, 4]",0.49982643127441406,cell_balanced,"[4, 4, 4, 4, 4, 4, 4, 4]",0.0,0.0,mux3,0.5,0.0,0.75,0.75,0.25,8105,0.8561302715905572,0.7406986781529018
28,0.5,0.49692392349243164,0.5007281303405762,6,381f0eb2f9087f35,0.8827948570251465,6.262232366316689e-05,"[2, 12, 23, 24, 43, 55, 56, 60, 65, 71, 92, 93, 96, 99, 119, 126, 129, 142, 143, 152, 172, 177, 182, 184, 197, 202, 207, 217, 224, 241, 252, 255]",2.5,-148.5193443390518,-150.00236741099107,-155.80534254323896,0.49830693006515503,0.4988228976726532,0x0000000000000000FFFFFFFFFFFFFFFFFFFFFFFFFFFFFFFF0000000000000000,True,0.0079345703125,"[4, 4, 4, 4, 4, 4, 4, 4]",0.49912405014038086,cell_balanced,"[8, 8, 8, 8]",0.0079345703125,0.0079345703125,parity2,0.5,0.1995849609375,0.5,0.5,0.5,8107,0.842482255952574,0.8749852861676898
29,0.5,0.7445363998413086,0.7545404434204102,6,381f0eb2f9087f35,0.7517728805541992,6.020804083750458e-06,"[2, 12, 23, 24, 43, 55, 56, 60, 65, 71, 92, 93, 96, 99, 119, 126, 129, 142, 143, 152, 172, 177, 182, 184, 197, 202, 207, 217, 224, 241, 252, 255]",30.5,-59.97675041862826,-60.17868466496104,-60.368934048345295,0.49748826026916504,0.498267263174057,0xFFFFFFFF0F0F0F0F0F0F0F0F00000000FFFFFFFF0F0F0F0F0F0F0F0F00000000,False,0.001708984375,"[4, 4, 4, 4, 4, 4, 4, 4]",0.49800777435302734,cell_balanced,"[4, 4, 4, 4, 4, 4, 4, 4]",0.0,0.0,mux3,0.5,0.0,0.75,0.75,0.25,8142,0.8409035862577844,0.7457727704729352
30,0.5,0.5690383911132812,0.4449014663696289,7,99ec5727040b68b9,0.7798786163330078,0.0,"[13, 25, 26, 28, 33, 36, 42, 53, 68, 69, 86, 93, 97, 121, 123, 127, 129, 135, 147, 150, 162, 163, 170, 177, 199, 207, 214, 219, 227, 241, 243, 255]",8.0,-138.93574534711837,-139.25159369657263,-140.33309678389566,0.4981768727302551,0.4987369179725647,0x0001011301131337077F1FFF1FFF7FFF60007300FE00FF000000000000000000,False,0.0001220703125,"[4, 4, 4, 4, 4, 4, 4, 4]",0.48953723907470703,cell_balanced,"[8, 8, 8, 8]",0.0,0.0,parity2,0.5,0.12353515625,0.5,0.5,0.5,8192,0.795671419751595,0.7585956028529576
31,0.5,0.7534475326538086,0.745854377746582,7,99ec5727040b68b9,0.7533302307128906,2.9209841594432916e-06,"[13, 25, 26, 28, 33, 36, 42, 53, 68, 69, 86, 93, 97, 121, 123, 127, 129, 135, 147, 150, 162, 163, 170, 177, 199, 207, 214, 219, 227, 241, 243, 255]",35.5,-61.69974189892153,-61.71658301774876,-61.80398221924642,0.49770402908325195,0.4983733892440796,0xFFFFFFFFFFFFFFFFFFFFFFFF00000000FFFFFFFFFFFFFFFFFFFFFFFF00000000,False,0.0010986328125,"[4, 4, 4, 4, 4, 4, 4, 4]",0.4962444305419922,cell_balanced,"[4, 4, 4, 4, 4, 4, 4, 4]",0.0,0.0,mux3,0.5,0.0,0.75,0.75,0.25,8160,0.8200806215674806,0.7506833757672992
32,0.75,0.5555229187011719,0.5021629333496094,0,0a1fd335b9818c8b,0.7003545761108398,0.0,"[17, 19, 34, 37, 47, 54, 58, 59, 69, 72, 83, 87, 88, 90, 102, 116, 134, 144, 162, 168, 176, 180, 183, 187, 193, 197, 198, 208, 218, 223, 226, 231]",9.0,-134.62440981584072,-134.8654455975584,-135.33834747199603,0.49839407205581665,0.498875230550766,0xFF77150157010000FFFFFF77FFFF7711FFFF7775FFFF55110000000000000000,False,0.0001220703125,"[2, 6, 6, 2, 2, 6, 6, 2]",0.560542106628418,conflict_enriched,"[8, 8, 8, 8]",0.0,0.0,parity2,0.5,0.001220703125,0.5,0.5,0.75,8192,0.7898665074152711,0.6777567182268415
33,0.75,0.7268075942993164,0.7388620376586914,0,0a1fd335b9818c8b,0.8078889846801758,5.961192162129166e-08,"[17, 19, 34, 37, 47, 54, 58, 59, 69, 72, 83, 87, 88, 90, 102, 116, 134, 144, 162, 168, 176, 180, 183, 187, 193, 197, 198, 208, 218, 223, 226, 231]",14.0,-106.39500345267109,-106.6967008123014,-107.31774195013857,0.4983662962913513,0.4988443851470947,0xFFFFFFFFC0C0FCFCC0C0FCFC00000000FFFFFFFFC0C0FCFCFCFCFFFF00000000,False,0.000244140625,"[2, 6, 6, 2, 2, 6, 6, 2]",0.42706775665283203,conflict_enriched,"[2, 6, 6, 2, 2, 6, 6, 2]",0.0,0.0,mux3,0.5,0.000244140625,0.625,0.625,0.125,8190,0.8744735488822384,0.8060793195452008
34,0.75,0.49230337142944336,0.5128655433654785,1,98cc2a02e7d0e9e2,0.5715117454528809,0.0,"[8, 13, 33, 45, 46, 55, 57, 63, 64, 68, 81, 82, 83, 85, 117, 122, 150, 158, 160, 162, 166, 171, 175, 190, 194, 196, 199, 213, 216, 217, 244, 255]",13.5,-110.1572413255017,-111.33931912670373,-112.00035930197788,0.4983285665512085,0.49884411692619324,0x4D4D454D454D04454D4D4D4D444D04045FFF055F4FFF055F044D0405040D0004,False,0.0001220703125,"[2, 6, 6, 2, 2, 6, 6, 2]",0.5281939506530762,conflict_enriched,"[8, 8, 8, 8]",0.0,0.0,parity2,0.5,0.0,0.5,0.5,0.75,8192,0.8499558370455635,0.5330761500767299
35,0.75,0.7198624610900879,0.7569241523742676,1,98cc2a02e7d0e9e2,0.8017573356628418,0.0,"[8, 13, 33, 45, 46, 55, 57, 63, 64, 68, 81, 82, 83, 85, 117, 122, 150, 158, 160, 162, 166, 171, 175, 190, 194, 196, 199, 213, 216, 217, 244, 255]",15.0,-104.10277569960093,-104.2119429438762,-104.66764696951336,0.49828746914863586,0.49883365631103516,0xFFFFFFFFFFFFBFBBBFBB020002000000FFFFFFFFF7003100FFBB220000000000,False,0.0001220703125,"[2, 6, 6, 2, 2, 6, 6, 2]",0.42965269088745117,conflict_enriched,"[2, 6, 6, 2, 2, 6, 6, 2]",0.0,0.0,mux3,0.5,0.0003662109375,0.625,0.625,0.125,8192,0.8752872409270808,0.7958886282784599
36,0.75,0.5316429138183594,0.50787353515625,2,ac77bde2e98598db,0.6317834854125977,0.0,"[5, 31, 37, 40, 48, 49, 52, 60, 66, 69, 83, 88, 90, 94, 102, 120, 147, 158, 163, 168, 174, 184, 189, 191, 198, 208, 209, 214, 218, 223, 224, 238]",10.0,-126.73279562171052,-127.96657050471964,-128.4490498923301,0.4984878897666931,0.498948872089386,0x8F0C8F088F0C0F00EF0FCF0CCF0CCF0CFF4FEF0FFFCFFF0F0400000004000400,False,0.0001220703125,"[2, 6, 6, 2, 2, 6, 6, 2]",0.5357561111450195,conflict_enriched,"[8, 8, 8, 8]",0.0,0.0,parity2,0.5,0.0,0.5,0.5,0.75,8192,0.8268648331675629,0.6046633039202008
37,0.75,0.6786231994628906,0.6939163208007812,2,ac77bde2e98598db,0.6883544921875,5.931386201318521e-06,"[5, 31, 37, 40, 48, 49, 52, 60, 66, 69, 83, 88, 90, 94, 102, 120, 147, 158, 163, 168, 174, 184, 189, 191, 198, 208, 209, 214, 218, 223, 224, 238]",25.5,-77.94693435846025,-78.07867949638211,-78.26215517496627,0.49825072288513184,0.4987940192222595,0x77FF71F711771071117710710011001077FF71F7117710711177107100110010,False,0.00146484375,"[2, 6, 6, 2, 2, 6, 6, 2]",0.5000171661376953,conflict_enriched,"[2, 6, 6, 2, 2, 6, 6, 2]",0.0,0.0,mux3,0.5,0.0,0.625,0.625,0.125,8102,0.9120339702366866,0.6707022530691964
38,0.75,0.5538115501403809,0.5586323738098145,3,6d403e216e3b7b94,0.7107844352722168,0.0,"[8, 15, 32, 40, 43, 50, 55, 59, 68, 69, 73, 77, 87, 89, 116, 120, 133, 156, 163, 164, 170, 186, 187, 189, 197, 202, 212, 214, 221, 222, 244, 248]",12.5,-135.63964972729346,-135.9624352502513,-136.36676761380315,0.4983524680137634,0.49885401129722595,0xBBBBBFBF22222BABFFBFFFFFABABBBBBBBBBBBBB22222B220000000000000000,False,0.0001220703125,"[2, 6, 6, 2, 2, 6, 6, 2]",0.5586256980895996,conflict_enriched,"[8, 8, 8, 8]",0.0,0.0,parity2,0.5,0.00732421875,0.5,0.5,0.75,8192,0.7847519368151659,0.6873806544712612
39,0.75,0.7209711074829102,0.6951465606689453,3,6d403e216e3b7b94,0.7413721084594727,0.0,"[8, 15, 32, 40, 43, 50, 55, 59, 68, 69, 73, 77, 87, 89, 116, 120, 133, 156, 163, 164, 170, 186, 187, 189, 197, 202, 212, 214, 221, 222, 244, 248]",18.0,-92.83653494209474,-93.2313270789898,-93.34834743682323,0.49847638607025146,0.49894797801971436,0xFFFF555FDFFF00450555000000000000FFFF5FFF5FFF00055FFF000100000000,False,0.0001220703125,"[2, 6, 6, 2, 2, 6, 6, 2]",0.46744251251220703,conflict_enriched,"[2, 6, 6, 2, 2, 6, 6, 2]",0.0,0.0,mux3,0.5,0.0,0.625,0.625,0.125,8192,0.8760919410524002,0.7348338535853794
40,0.75,0.5403499603271484,0.5123186111450195,4,c07d550b631777b8,0.6537513732910156,0.0,"[18, 21, 32, 35, 42, 47, 50, 52, 65, 67, 74, 75, 78, 90, 105, 113, 128, 154, 166, 168, 170, 174, 183, 187, 192, 198, 200, 206, 207, 221, 247, 249]",10.5,-129.54681461268478,-129.91599734350737,-131.02126292121716,0.49836793541908264,0.49886971712112427,0x0C000E080E008F0EFF0FFF8FFF0FFFEF0E008F0A0F08AF0A0000000000000000,False,0.0001220703125,"[2, 6, 6, 2, 2, 6, 6, 2]",0.5523233413696289,conflict_enriched,"[8, 8, 8, 8]",0.0,0.0,parity2,0.5,0.0020751953125,0.5,0.5,0.75,8192,0.8253207063298889,0.6249160766601562
41,0.75,0.7108287811279297,0.7731142044067383,4,c07d550b631777b8,0.7893199920654297,1.222044393236479e-06,"[18, 21, 32, 35, 42, 47, 50, 52, 65, 67, 74, 75, 78, 90, 105, 113, 128, 154, 166, 168, 170, 174, 183, 187, 192, 198, 200, 206, 207, 221, 247, 249]",14.0,-103.18284033904075,-103.23819072062645,-103.47419038373143,0.49834805727005005,0.4988850951194763,0xFFFFFFFF333333333333333300000000FFFFFFFF33333333FFFFFFFF00000000,False,0.0009765625,"[2, 6, 6, 2, 2, 6, 6, 2]",0.45188140869140625,conflict_enriched,"[2, 6, 6, 2, 2, 6, 6, 2]",0.0,0.0,mux3,0.5,0.0,0.625,0.625,0.125,8175,0.9024215007129472,0.7865186418805804
42,0.75,0.5654101371765137,0.47221994400024414,5,5396d0ca2e9c4a5d,0.7225451469421387,0.0,"[26, 27, 32, 40, 48, 51, 55, 56, 66, 79, 80, 85, 89, 95, 104, 120, 128, 133, 161, 165, 181, 184, 185, 190, 203, 205, 209, 214, 219, 220, 241, 253]",9.5,-133.96908272061793,-135.68375624766753,-136.19557242076615,0.49835634231567383,0.498863160610199,0x00000000000000113333333331333133130313133F333F330000000000000000,False,0.0001220703125,"[2, 6, 6, 2, 2, 6, 6, 2]",0.5619006156921387,conflict_enriched,"[8, 8, 8, 8]",0.0,0.0,parity2,0.5,0.013671875,0.5,0.5,0.75,8192,0.779391452018061,0.6999173845563617
43,0.75,0.7289376258850098,0.7695660591125488,5,5396d0ca2e9c4a5d,0.868441104888916,1.4902980405322915e-07,"[26, 27, 32, 40, 48, 51, 55, 56, 66, 79, 80, 85, 89, 95, 104, 120, 128, 133, 161, 165, 181, 184, 185, 190, 203, 205, 209, 214, 219, 220, 241, 253]",13.5,-114.36876545499234,-114.66605864306469,-114.75617581849505,0.4983401894569397,0.49886655807495117,0xFFFFFFFFFFFFFFFFFFFFFFFF00000000FFFFFFFF00000000FFFFFFFF00000000,False,0.000244140625,"[2, 6, 6, 2, 2, 6, 6, 2]",0.3803133964538574,conflict_enriched,"[2, 6, 6, 2, 2, 6, 6, 2]",0.0,0.0,mux3,0.5,0.00390625,0.625,0.625,0.125,8187,0.8692940690610771,0.8709117344447544
44,0.75,0.5274868011474609,0.49898529052734375,6,115d70ccbbe53f44,0.7767219543457031,0.0,"[11, 22, 35, 43, 51, 53, 54, 59, 66, 67, 76, 78, 85, 91, 97, 124, 140, 147, 166, 172, 175, 179, 187, 188, 193, 202, 211, 216, 222, 223, 228, 249]",8.5,-139.00672937172828,-139.58822786570911,-140.31815200770092,0.4983523488044739,0.4988599717617035,0x0000000000000000FCFCFFFF80C0F8FC10007131F7F1FFF70000000000000000,False,0.0001220703125,"[2, 6, 6, 2, 2, 6, 6, 2]",0.5626659393310547,conflict_enriched,"[8, 8, 8, 8]",0.0,0.0,parity2,0.5,0.009765625,0.5,0.5,0.75,8192,0.7662662146969828,0.7617487226213727
45,0.75,0.7039589881896973,0.7726807594299316,6,115d70ccbbe53f44,0.7897143363952637,5.365072945916249e-07,"[11, 22, 35, 43, 51, 53, 54, 59, 66, 67, 76, 78, 85, 91, 97, 124, 140, 147, 166, 172, 175, 179, 187, 188, 193, 202, 211, 216, 222, 223, 228, 249]",16.5,-104.63127356738988,-104.83786054871092,-105.29936544140409,0.4983636438846588,0.4988929033279419,0xFFFFFFFF3F3F03033F3F030300000000FFFFFFFF3F3F0303FFFF3F3F00000000,False,0.000732421875,"[2, 6, 6, 2, 2, 6, 6, 2]",0.4480290412902832,conflict_enriched,"[2, 6, 6, 2, 2, 6, 6, 2]",0.0,0.0,mux3,0.5,0.0,0.625,0.625,0.125,8184,0.8944357837999397,0.7890810285295758
46,0.75,0.5242190361022949,0.41039037704467773,7,7f4875de86af6e6e,0.6224875450134277,0.0,"[8, 30, 35, 36, 42, 56, 60, 63, 69, 75, 78, 79, 81, 89, 114, 123, 141, 156, 161, 163, 179, 182, 183, 189, 200, 201, 205, 209, 212, 216, 243, 251]",9.0,-122.24522079706978,-122.30471130654993,-123.13191165483444,0.4984462857246399,0.4989117980003357,0xA8A8A8AAA8AAAAEEAAAAAAAAAAEEAAAEEAEEAAAEEEFEEEFE000800000AAA000A,False,0.0001220703125,"[2, 6, 6, 2, 2, 6, 6, 2]",0.534456729888916,conflict_enriched,"[8, 8, 8, 8]",0.0,0.0,parity2,0.5,0.0001220703125,0.5,0.5,0.75,8192,0.8407109196865432,0.5945859636579242
47,0.75,0.7229208946228027,0.7648720741271973,7,7f4875de86af6e6e,0.7472853660583496,0.00023573534405139788,"[8, 30, 35, 36, 42, 56, 60, 63, 69, 75, 78, 79, 81, 89, 114, 123, 141, 156, 161, 163, 179, 182, 183, 189, 200, 201, 205, 209, 212, 216, 243, 251]",22.0,-88.09066777724783,-88.47576983176893,-88.56043139580635,0.49842286109924316,0.4988880157470703,0xFFFFFFFF171717171717171700000000FFFFFFFF171717171717171700000000,False,0.013916015625,"[2, 6, 6, 2, 2, 6, 6, 2]",0.49624204635620117,conflict_enriched,"[2, 6, 6, 2, 2, 6, 6, 2]",0.0,0.0,mux3,0.5,0.0,0.625,0.625,0.125,7684,0.9330193144684935,0.739250728062221
0,0.375,0.5138068199157715,0.41891050338745117,0,b1674c8027723817,0.6561026573181152,0.0,"[1, 12, 25, 26, 27, 31, 34, 35, 36, 51, 52, 62, 80, 84, 98, 110, 120, 124, 134, 137, 138, 140, 149, 156, 161, 212, 213, 222, 225, 235, 242, 249]",6.5,-164.6022400976808,-164.7910056837479,-165.16161382434703,0.3983380198478699,0.39884328842163086,0x00000101000011113737FFFFFFFFFFFF01000100000000000000000000000000,False,0.0001220703125,"[6, 6, 2, 4, 6, 1, 3, 4]",0.4350399971008301,uniform_random,"[12, 6, 7, 7]",0.0,0.0,parity2,0.4,0.0423583984375,0.5625,0.4375,0.375,8192,0.8686790154828672,0.6186060224260602
1,0.375,0.659327507019043,0.8329362869262695,0,b1674c8027723817,0.7395925521850586,3.8628525210596995e-05,"[1, 12, 25, 26, 27, 31, 34, 35, 36, 51, 52, 62, 80, 84, 98, 110, 120, 124, 134, 137, 138, 140, 149, 156, 161, 212, 213, 222, 225, 235, 242, 249]",33.0,-66.17934100360004,-66.45543754912492,-66.59528659299093,0.39691096544265747,0.3978356719017029,0xFFFFFFFFFFFFFFFFFFFFFFFF00000000FFFFFFFFFFFFFFFFFFFFFFFF00000000,False,0.0047607421875,"[6, 6, 2, 4, 6, 1, 3, 4]",0.5074434280395508,uniform_random,"[6, 6, 2, 4, 6, 1, 3, 4]",0.0,0.0,mux3,0.4,0.0,0.75,0.875,0.3125,7998,0.8812890282744796,0.7184159415108817
2,0.4375,0.4855027198791504,0.47031736373901367,1,58ad15a270c226c7,0.7057299613952637,2.611002167012575e-05,"[4, 16, 18, 22, 37, 40, 48, 68, 87, 93, 94, 97, 106, 114, 115, 118, 130, 131, 136, 139, 152, 171, 173, 178, 188, 200, 213, 216, 226, 229, 238, 242]",5.5,-185.54271275180636,-189.81896135361347,-192.40676232860454,0.39842361211776733,0.39890867471694946,0xEE88EE88EE88EE88FFEEFFEEFFEEFFEEFFEEFFEEFFEEFFEEEE88EE88EE88EE88,False,0.0050048828125,"[4, 3, 4, 5, 5, 4, 3, 4]",0.4983992576599121,uniform_random,"[7, 9, 9, 7]",0.0,0.0,parity2,0.4,0.093994140625,0.5,0.5,0.4375,8111,0.8805239462654475,0.671593257359096
3,0.4375,0.7654638290405273,0.7249031066894531,1,58ad15a270c226c7,0.7450418472290039,3.4872974148455623e-06,"[4, 16, 18, 22, 37, 40, 48, 68, 87, 93, 94, 97, 106, 114, 115, 118, 130, 131, 136, 139, 152, 171, 173, 178, 188, 200, 213, 216, 226, 229, 238, 242]",27.5,-75.32849503154252,-75.4991254119025,-75.75978300945789,0.39709633588790894,0.3980041742324829,0xFFFFFFFF033F033F033F033F00000000FFFFFFFF033F033F033F033F00000000,False,0.0010986328125,"[4, 3, 4, 5, 5, 4, 3, 4]",0.4984931945800781,uniform_random,"[4, 3, 4, 5, 5, 4, 3, 4]",0.0,0.0,mux3,0.4,0.000244140625,0.78125,0.78125,0.28125,8138,0.8859248627537468,0.7217995779854911
4,0.46875,0.6355118751525879,0.4959578514099121,2,ce3fbc86d8d7ac0f,0.6714577674865723,0.0,"[17, 24, 35, 40, 46, 55, 56, 66, 79, 81, 85, 97, 98, 101, 103, 111, 121, 123, 128, 131, 134, 137, 145, 146, 147, 178, 201, 202, 214, 215, 217, 249]",7.5,-171.88672302747466,-172.60864782009548,-173.39264765504936,0.3985152244567871,0.39898771047592163,0x0EFFCFFF004F00FF00FF0FFF00FF0FFFAFFFFFFF08FF8FFF0000000000000000,False,0.0001220703125,"[2, 5, 4, 7, 7, 1, 5, 1]",0.523897647857666,uniform_random,"[7, 11, 8, 6]",0.0,0.0,parity2,0.4,0.0018310546875,0.5625,0.46875,0.46875,8192,0.8490591513086442,0.6397312709263393
5,0.46875,0.6598854064941406,0.7950477600097656,2,ce3fbc86d8d7ac0f,0.7262868881225586,0.00011555771006287389,"[17, 24, 35, 40, 46, 55, 56, 66, 79, 81, 85, 97, 98, 101, 103, 111, 121, 123, 128, 131, 134, 137, 145, 146, 147, 178, 201, 202, 214, 215, 217, 249]",25.0,-79.0166787443296,-79.19293098775222,-79.42024660831966,0.3976389765739441,0.3983500897884369,0xFFFFFFFFFF00FF00FFFFFFFF00000000FFFFFFFFFF00FF00FFFFFFFF00000000,False,0.0078125,"[2, 5, 4, 7, 7, 1, 5, 1]",0.5034475326538086,uniform_random,"[2, 5, 4, 7, 7, 1, 5, 1]",0.0,0.0,mux3,0.4,0.0,0.71875,0.8125,0.25,7826,0.909851918675427,0.7054029192243304
6,0.53125,0.5979127883911133,0.6680183410644531,3,c6350c79ea7d662f,0.6411685943603516,2.980596081064583e-08,"[15, 16, 30, 40, 45, 63, 64, 66, 77, 86, 101, 105, 106, 110, 113, 124, 126, 130, 144, 161, 164, 174, 188, 190, 207, 209, 210, 219, 220, 231, 235, 252]",5.5,-167.319571369393,-168.10466515194918,-168.8416681015574,0.3984959125518799,0.3989543914794922,0x50F555FF0050005555FF55FF00550055F5FFFFFF50F555FF50F555FF00500055,False,0.000244140625,"[3, 3, 4, 7, 2, 5, 5, 3]",0.5255956649780273,uniform_random,"[6, 11, 7, 8]",0.0,0.0,parity2,0.4,0.0003662109375,0.53125,0.625,0.53125,8191,0.894007276345617,0.6062376839773995
7,0.53125,0.7891559600830078,0.6600046157836914,3,c6350c79ea7d662f,0.727325439453125,9.239847851300207e-06,"[15, 16, 30, 40, 45, 63, 64, 66, 77, 86, 101, 105, 106, 110, 113, 124, 126, 130, 144, 161, 164, 174, 188, 190, 207, 209, 210, 219, 220, 231, 235, 252]",23.0,-92.59383446851803,-92.7825417972507,-92.94525501496153,0.3978952467441559,0.39851075410842896,0xFFFFFFFFFFAFFFAFAF0AAF0A0A000A00FFFFFFFFFFAFFFAFAF0AAF0A0A000A00,False,0.0025634765625,"[3, 3, 4, 7, 2, 5, 5, 3]",0.5002422332763672,uniform_random,"[3, 3, 4, 7, 2, 5, 5, 3]",0.0,0.0,mux3,0.4,0.0,0.78125,0.6875,0.15625,8109,0.9081227344281593,0.7035293579101562
8,0.5,0.23966741561889648,0.637901782989502,4,999d074f63d85a28,0.6429781913757324,2.980596081064583e-08,"[3, 7, 10, 28, 69, 70, 73, 84, 110, 119, 130, 138, 142, 143, 145, 155, 156, 166, 176, 179, 181, 186, 190, 197, 202, 204, 210, 219, 221, 248, 249, 252]",7.0,-169.5001500622159,-170.73919252427007,-171.1861612653672,0.39861926436424255,0.39904436469078064,0x00FF00FF00000000FFFFFFFFFFFFFFFFF0FFF0FF00F000F0FFFFFFFF00FF00FF,False,0.000244140625,"[4, 0, 4, 2, 7, 6, 6, 3]",0.43755102157592773,uniform_random,"[4, 6, 13, 9]",0.0,0.0,parity2,0.4,0.0,0.3125,0.5625,0.5,8191,0.8595825132484072,0.6081504821777344
9,0.5,0.8758673667907715,0.5472407341003418,4,999d074f63d85a28,0.747866153717041,6.166853291722622e-05,"[3, 7, 10, 28, 69, 70, 73, 84, 110, 119, 130, 138, 142, 143, 145, 155, 156, 166, 176, 179, 181, 186, 190, 197, 202, 204, 210, 219, 221, 248, 249, 252]",27.5,-71.61283114282767,-71.81356219715626,-72.05202406558261,0.39721930027008057,0.39804625511169434,0xFFFFFFFFFFFFFFFF0000000000000000FFFFFFFFFFFFFFFF0000000000000000,False,0.00732421875,"[4, 0, 4, 2, 7, 6, 6, 3]",0.4866347312927246,uniform_random,"[4, 0, 4, 2, 7, 6, 6, 3]",0.0,0.0,mux3,0.4,0.0010986328125,0.875,0.625,0.3125,7989,0.879877046660557,0.7270066397530692
10,0.5,0.5961956977844238,0.6493220329284668,5,60086b80022888b1,0.6001791954040527,0.0,"[1, 7, 12, 18, 42, 43, 55, 82, 84, 93, 100, 104, 111, 112, 115, 118, 155, 167, 177, 178, 184, 199, 200, 202, 204, 214, 219, 228, 229, 238, 251, 255]",5.0,-148.47250841346607,-148.9009852093498,-149.58236905038032,0.39860954880714417,0.3990437090396881,0x33330000000000003333000000000000FFFFFFFFFFFF33333737000000000000,False,0.0001220703125,"[4, 3, 3, 6, 1, 4, 6, 5]",0.4835677146911621,uniform_random,"[7, 9, 5, 11]",0.0,0.0,parity2,0.4,0.0,0.5,0.625,0.5,8192,0.8979929750234719,0.5606166294642857
11,0.5,0.8059797286987305,0.6512470245361328,5,60086b80022888b1,0.7284479141235352,1.9135426840434623e-05,"[1, 7, 12, 18, 42, 43, 55, 82, 84, 93, 100, 104, 111, 112, 115, 118, 155, 167, 177, 178, 184, 199, 200, 202, 204, 214, 219, 228, 229, 238, 251, 255]",28.0,-76.2283324577291,-76.65559061433733,-77.00217986489989,0.39747780561447144,0.3982391357421875,0xFFFFFFFFFFCCFFFFCC00FFFF0000CC00FFFFFFFFFFCCFFFFCC00FFFF0000CC00,False,0.00244140625,"[4, 3, 3, 6, 1, 4, 6, 5]",0.49675559997558594,uniform_random,"[4, 3, 3, 6, 1, 4, 6, 5]",0.0,0.0,mux3,0.4,0.0,0.8125,0.6875,0.1875,8055,0.8960104830575029,0.7078862871442523
12,0.53125,0.6785712242126465,0.4759535789489746,6,651a6b4b9f13fb6f,0.7789959907531738,7.344188743743132e-05,"[7, 17, 21, 22, 30, 46, 48, 58, 68, 69, 70, 71, 82, 86, 88, 99, 105, 134, 136, 140, 141, 149, 154, 169, 175, 183, 193, 197, 201, 204, 227, 237]",10.0,-190.96825903237888,-191.41566365435915,-192.21946664224728,0.3984445035457611,0.39891690015792847,0xFFFFDDDDFFFFDDDDFFFFFFFFFFFFFFFFFFFFFFFFFFFFFFFF0000000000000000,False,0.00390625,"[5, 3, 7, 2, 6, 3, 4, 2]",0.5059142112731934,uniform_random,"[8, 9, 9, 6]",0.0,0.0,parity2,0.4,0.0206298828125,0.53125,0.4375,0.53125,7628,0.9183537950901103,0.7583972385951451
13,0.53125,0.6578550338745117,0.7891063690185547,6,651a6b4b9f13fb6f,0.7201290130615234,0.00024363392366621902,"[7, 17, 21, 22, 30, 46, 48, 58, 68, 69, 70, 71, 82, 86, 88, 99, 105, 134, 136, 140, 141, 149, 154, 169, 175, 183, 193, 197, 201, 204, 227, 237]",25.5,-82.47143185820063,-82.71465155531624,-82.92399306814714,0.3981054425239563,0.3986843526363373,0x3F3FFFFF0000030303033F3F000000003F3FFFFF0000030303033F3F00000000,False,0.01513671875,"[5, 3, 7, 2, 6, 3, 4, 2]",0.5090732574462891,uniform_random,"[5, 3, 7, 2, 6, 3, 4, 2]",0.0,0.0,mux3,0.4,0.0,0.6875,0.78125,0.25,7855,0.9070308066868669,0.7033740452357701
14,0.5625,0.584282398223877,0.32038259506225586,7,f12319a0b53a94f6,0.6244082450866699,5.663132554022708e-07,"[6, 27, 43, 53, 56, 57, 58, 62, 68, 70, 79, 83, 87, 89, 113, 114, 130, 133, 142, 144, 162, 196, 211, 212, 220, 222, 226, 229, 231, 242, 243, 250]",7.5,-156.77361515353937,-157.1646460984303,-157.59561393228614,0.3985041379928589,0.39896416664123535,0x000000000000000F00000000000000FF000F0FFF0FFFFFFF0000000F000F0FFF,False,0.00048828125,"[2, 6, 6, 2, 4, 1, 5, 6]",0.5665240287780762,uniform_random,"[8, 8, 5, 11]",0.0,0.0,parity2,0.4,0.0,0.5,0.3125,0.5625,8177,0.8997771394702859,0.59088134765625
15,0.5625,0.5909590721130371,0.8339810371398926,7,f12319a0b53a94f6,0.7514643669128418,1.687017381882554e-05,"[6, 27, 43, 53, 56, 57, 58, 62, 68, 70, 79, 83, 87, 89, 113, 114, 130, 133, 142, 144, 162, 196, 211, 212, 220, 222, 226, 229, 231, 242, 243, 250]",24.5,-78.15521554710602,-78.47321950919076,-78.87649301808179,0.39745408296585083,0.39824068546295166,0xFFFFFFFFFF777711FFFFFFFF77111100FFFFFFFF77111100FFFFFF7711000000,False,0.0025634765625,"[2, 6, 6, 2, 4, 1, 5, 6]",0.43555307388305664,uniform_random,"[2, 6, 6, 2, 4, 1, 5, 6]",0.0,0.0,mux3,0.4,0.0,0.625,0.8125,0.3125,8047,0.9065650717912128,0.7318409511021206
16,0.5,0.5300931930541992,0.5036706924438477,0,6293e349a9faad3b,0.6880178451538086,2.6825364729581247e-07,"[8, 21, 23, 31, 36, 40, 48, 51, 64, 73, 79, 80, 101, 103, 104, 110, 128, 131, 136, 146, 160, 170, 180, 185, 198, 209, 210, 220, 230, 244, 250, 253]",4.0,-178.26156669432473,-179.99488899610577,-183.38375081247014,0.3984653949737549,0.3989527225494385,0x0000AFAF0000AFAF0F0FFFFF0F0FFFFF0A0AFFFF0A0AFFFF00000F0F00000F0F,False,0.00048828125,"[4, 4, 4, 4, 4, 4, 4, 4]",0.508997917175293,cell_balanced,"[8, 8, 8, 8]",0.0,0.0,parity2,0.4,0.003173828125,0.5,0.5,0.5,8186,0.8732395005730293,0.6574020385742188
17,0.5,0.7430033683776855,0.7567296028137207,0,6293e349a9faad3b,0.7537760734558105,1.5528905582346478e-05,"[8, 21, 23, 31, 36, 40, 48, 51, 64, 73, 79, 80, 101, 103, 104, 110, 128, 131, 136, 146, 160, 170, 180, 185, 198, 209, 210, 220, 230, 244, 250, 253]",19.0,-105.23736153247738,-105.38730443872467,-105.62026839331199,0.3984699249267578,0.39893630146980286,0xFFFFFFFF50F5005050F5005000000000FFFFFFFFF5FF50F5F5FF50F500000000,False,0.003662109375,"[4, 4, 4, 4, 4, 4, 4, 4]",0.49608945846557617,cell_balanced,"[4, 4, 4, 4, 4, 4, 4, 4]",0.0,0.0,mux3,0.4,0.0,0.75,0.75,0.25,8101,0.8987383699041075,0.7421400887625558
18,0.5,0.623377799987793,0.5016279220581055,1,c9b4a81f93ef801a,0.7050571441650391,0.0,"[0, 4, 7, 21, 33, 41, 42, 50, 65, 75, 81, 90, 101, 106, 110, 122, 135, 145, 148, 154, 167, 176, 178, 181, 205, 213, 220, 222, 224, 232, 236, 239]",5.5,-181.24173402632502,-183.06034703016076,-184.60614249336962,0.398448646068573,0.3989289700984955,0x00080000000C0008CDFF0CCFCFFFCCFF8FAF8F8F8F8F0E0F0000000000000000,False,0.0001220703125,"[4, 4, 4, 4, 4, 4, 4, 4]",0.5100765228271484,cell_balanced,"[8, 8, 8, 8]",0.0,0.0,parity2,0.4,0.0238037109375,0.5,0.5,0.5,8192,0.8679398262406752,0.6758678981236049
19,0.5,0.6798839569091797,0.7561969757080078,1,c9b4a81f93ef801a,0.718684196472168,2.3546709040410205e-06,"[0, 4, 7, 21, 33, 41, 42, 50, 65, 75, 81, 90, 101, 106, 110, 122, 135, 145, 148, 154, 167, 176, 178, 181, 205, 213, 220, 222, 224, 232, 236, 239]",24.0,-81.71699720504105,-81.86560567542978,-81.9739517871768,0.39778509736061096,0.39842915534973145,0xFFF7FFFFF710FF71F710FF7110007100FFF7FFFFF710FF71F710FF7110007100,False,0.000732421875,"[4, 4, 4, 4, 4, 4, 4, 4]",0.5007858276367188,cell_balanced,"[4, 4, 4, 4, 4, 4, 4, 4]",0.0,0.0,mux3,0.4,0.0,0.75,0.75,0.25,8150,0.8937708870448955,0.6973893301827567
20,0.5,0.6223130226135254,0.5394721031188965,2,92402e067f850060,0.7965941429138184,1.3412682364790623e-06,"[1, 8, 20, 30, 40, 44, 55, 59, 66, 70, 84, 88, 98, 105, 118, 120, 132, 150, 152, 158, 173, 175, 176, 189, 193, 200, 211, 212, 226, 229, 233, 240]",6.5,-196.12727701464271,-196.3373984953114,-196.49715969962102,0.398367702960968,0.398847758769989,0xFDD4D440FDD4D440FFFDFDD4FFFDFDD4FFFDFDD4FFFDFDD40000000000000000,False,0.0010986328125,"[4, 4, 4, 4, 4, 4, 4, 4]",0.5170207023620605,cell_balanced,"[8, 8, 8, 8]",0.0,0.0,parity2,0.4,0.296142578125,0.5,0.5,0.5,8175,0.8939566499432015,0.7721677507672992
21,0.5,0.7174315452575684,0.7825570106506348,2,92402e067f850060,0.7553229331970215,0.00027636086863630814,"[1, 8, 20, 30, 40, 44, 55, 59, 66, 70, 84, 88, 98, 105, 118, 120, 132, 150, 152, 158, 173, 175, 176, 189, 193, 200, 211, 212, 226, 229, 233, 240]",21.5,-102.43369495535882,-102.84709787697753,-103.21167063569455,0.3985549807548523,0.39902347326278687,0xFFFFFFFF0F0F0F0F0F0F0F0F00000000FFFFFFFF0F0F0F0F0F0F0F0F00000000,False,0.01611328125,"[4, 4, 4, 4, 4, 4, 4, 4]",0.49466943740844727,cell_balanced,"[4, 4, 4, 4, 4, 4, 4, 4]",0.0,0.0,mux3,0.4,0.0,0.75,0.75,0.25,7777,0.9127647516507649,0.7449793134416852
22,0.5,0.47777557373046875,0.5347118377685547,3,369096b35ac51fa1,0.5493841171264648,2.2354470607984372e-06,"[15, 16, 24, 26, 34, 46, 54, 56, 69, 71, 73, 74, 112, 115, 117, 125, 129, 139, 152, 159, 160, 164, 173, 187, 192, 194, 215, 220, 232, 244, 252, 255]",5.0,-155.00579001140548,-155.84031072530632,-157.69411520978701,0.3986685276031494,0.3990873396396637,0x2AAAAAAB2A2AAAAAAAABABBBAAAAABABAAAAABAB2AAAAAAB2AAAAAAB2AAAAAAB,False,0.00048828125,"[4, 4, 4, 4, 4, 4, 4, 4]",0.5004262924194336,cell_balanced,"[8, 8, 8, 8]",0.0,0.0,parity2,0.4,0.0,0.5,0.5,0.5,8125,0.9435052663385265,0.5048092433384487
23,0.5,0.7514619827270508,0.7143678665161133,3,369096b35ac51fa1,0.7338409423828125,2.402360441338054e-05,"[15, 16, 24, 26, 34, 46, 54, 56, 69, 71, 73, 74, 112, 115, 117, 125, 129, 139, 152, 159, 160, 164, 173, 187, 192, 194, 215, 220, 232, 244, 252, 255]",25.0,-81.6063592534281,-81.84845930988408,-82.05664922267765,0.397465318441391,0.3982599377632141,0xFFFFFFFF55FF005555FF005500000000FFFFFFFF55FF005555FF005500000000,False,0.0040283203125,"[4, 4, 4, 4, 4, 4, 4, 4]",0.4990816116333008,cell_balanced,"[4, 4, 4, 4, 4, 4, 4, 4]",0.0,0.0,mux3,0.4,0.0001220703125,0.75,0.75,0.25,8063,0.901886779137704,0.7099135262625558
24,0.5,0.5673418045043945,0.49305057525634766,4,7b2268760b066630,0.6396694183349609,0.0,"[0, 16, 17, 23, 33, 39, 51, 63, 69, 70, 78, 79, 100, 103, 106, 126, 130, 145, 146, 154, 163, 166, 183, 191, 207, 216, 220, 222, 233, 234, 237, 253]",7.0,-165.06770377631855,-165.35952015931167,-165.9523418672836,0.3984045684337616,0.39888447523117065,0xC4FFC4FFC0FF40FFCCFFCCFFC4FFC4FFCCFFCCFFC4FFC4FF0000000000000000,False,0.0001220703125,"[4, 4, 4, 4, 4, 4, 4, 4]",0.5092277526855469,cell_balanced,"[8, 8, 8, 8]",0.0,0.0,parity2,0.4,0.0069580078125,0.5,0.5,0.5,8192,0.8394777605593333,0.6035940987723214
25,0.5,0.6817994117736816,0.7980866432189941,4,7b2268760b066630,0.7333884239196777,1.8062412251251373e-05,"[0, 16, 17, 23, 33, 39, 51, 63, 69, 70, 78, 79, 100, 103, 106, 126, 130, 145, 146, 154, 163, 166, 183, 191, 207, 216, 220, 222, 233, 234, 237, 253]",21.5,-91.39451823400043,-91.729565867138,-91.94349801706511,0.3980337381362915,0.3986361026763916,0xFFFFFFFF3F003F00FF03FF0300000000FFFFFFFFFF03FF03FF3FFF3F03000300,False,0.0028076171875,"[4, 4, 4, 4, 4, 4, 4, 4]",0.5134673118591309,cell_balanced,"[4, 4, 4, 4, 4, 4, 4, 4]",0.0,0.0,mux3,0.4,0.0,0.75,0.75,0.25,8038,0.9119539550380852,0.7195450919015067
26,0.5,0.4870166778564453,0.5285453796386719,5,a1c7eb317b0df480,0.7174949645996094,2.980596081064583e-08,"[12, 15, 16, 22, 35, 39, 40, 63, 65, 69, 75, 85, 97, 101, 117, 124, 130, 134, 143, 148, 161, 164, 178, 185, 193, 202, 217, 221, 226, 249, 250, 254]",7.5,-180.80448387792396,-181.89148930447374,-182.564053542238,0.3984522819519043,0.39895257353782654,0x003300B3003300B3B2FFFBFFB2FFFBFF20332033003300330032003200300032,False,0.000244140625,"[4, 4, 4, 4, 4, 4, 4, 4]",0.5082130432128906,cell_balanced,"[8, 8, 8, 8]",0.0,0.0,parity2,0.4,0.0013427734375,0.5,0.5,0.5,8191,0.8435998331336568,0.6911681038992745
27,0.5,0.7512149810791016,0.7486734390258789,5,a1c7eb317b0df480,0.7556695938110352,5.341228177267733e-05,"[12, 15, 16, 22, 35, 39, 40, 63, 65, 69, 75, 85, 97, 101, 117, 124, 130, 134, 143, 148, 161, 164, 178, 185, 193, 202, 217, 221, 226, 249, 250, 254]",21.0,-106.2056497991688,-106.77873981339943,-107.18042172395037,0.39844244718551636,0.3989242613315582,0xFFFFFFFFFF00FF00FF00FF0000000000FFFFFFFFFF00FF00FF00FF0000000000,False,0.0059814453125,"[4, 4, 4, 4, 4, 4, 4, 4]",0.4943265914916992,cell_balanced,"[4, 4, 4, 4, 4, 4, 4, 4]",0.0,0.0,mux3,0.4,0.0,0.75,0.75,0.25,7912,0.9083994569178777,0.7423646109444755
28,0.5,0.487246036529541,0.49906492233276367,6,381f0eb2f9087f35,0.969022274017334,0.024217223934806496,"[2, 12, 23, 24, 43, 55, 56, 60, 65, 71, 92, 93, 96, 99, 119, 126, 129, 142, 143, 152, 172, 177, 182, 184, 197, 202, 207, 217, 224, 241, 252, 255]",2.0,-205.0460056363771,-206.74607222434997,-216.0713561812686,0.3982713222503662,0.3988178074359894,0x0000000000000000FFFFFFFFFFFFFFFFFFFFFFFFFFFFFFFF0000000000000000,True,0.1551513671875,"[4, 4, 4, 4, 4, 4, 4, 4]",0.4984450340270996,cell_balanced,"[8, 8, 8, 8]",0.1551513671875,0.1551513671875,parity2,0.4,0.840087890625,0.5,0.5,0.5,5789,0.9421602209611517,0.9654181344168526
29,0.5,0.731013298034668,0.7688369750976562,6,381f0eb2f9087f35,0.7538108825683594,4.50070008240752e-06,"[2, 12, 23, 24, 43, 55, 56, 60, 65, 71, 92, 93, 96, 99, 119, 126, 129, 142, 143, 152, 172, 177, 182, 184, 197, 202, 207, 217, 224, 241, 252, 255]",18.5,-109.07664719300986,-109.54071865890008,-109.82418246109411,0.398410439491272,0.39889875054359436,0xFFFFFFFFCF0CCF0CCF0CCF0C00000000FFFFFFFFCF0CCF0CCF0CCF0C00000000,False,0.00146484375,"[4, 4, 4, 4, 4, 4, 4, 4]",0.49617481231689453,cell_balanced,"[4, 4, 4, 4, 4, 4, 4, 4]",0.0,0.0,mux3,0.4,0.0,0.75,0.75,0.25,8124,0.9020998622860478,0.7429139273507255
30,0.5,0.5825815200805664,0.4638328552246094,7,99ec5727040b68b9,0.8679523468017578,2.801760316200708e-06,"[13, 25, 26, 28, 33, 36, 42, 53, 68, 69, 86, 93, 97, 121, 123, 127, 129, 135, 147, 150, 162, 163, 170, 177, 199, 207, 214, 219, 227, 241, 243, 255]",6.0,-194.18224648701627,-194.73628378894227,-195.69253031748332,0.3982062339782715,0.3987739682197571,0x000000000000000000FF00FF00FF00FFFFFFFFFFFFFFFFFF0000000000000000,False,0.0010986328125,"[4, 4, 4, 4, 4, 4, 4, 4]",0.4875822067260742,cell_balanced,"[8, 8, 8, 8]",0.0001220703125,0.0001220703125,parity2,0.4,0.7265625,0.5,0.5,0.5,8139,0.8851257389176956,0.8505210876464844
31,0.5,0.7236337661743164,0.7763500213623047,7,99ec5727040b68b9,0.7767515182495117,8.166833262116958e-06,"[13, 25, 26, 28, 33, 36, 42, 53, 68, 69, 86, 93, 97, 121, 123, 127, 129, 135, 147, 150, 162, 163, 170, 177, 199, 207, 214, 219, 227, 241, 243, 255]",18.5,-115.62419338337196,-115.70389682015612,-115.94647196646854,0.39842867851257324,0.3989219069480896,0xFFFFFFFF888888888888888800000000FFFFFFFFEEEEEEEEEEEEEEEE00000000,False,0.0028076171875,"[4, 4, 4, 4, 4, 4, 4, 4]",0.47324371337890625,cell_balanced,"[4, 4, 4, 4, 4, 4, 4, 4]",0.0,0.0,mux3,0.4,0.0009765625,0.75,0.75,0.25,8152,0.8618323273997853,0.7664805821010044
32,0.75,0.48086977005004883,0.4780440330505371,0,0a1fd335b9818c8b,0.8338484764099121,0.0,"[17, 19, 34, 37, 47, 54, 58, 59, 69, 72, 83, 87, 88, 90, 102, 116, 134, 144, 162, 168, 176, 180, 183, 187, 193, 197, 198, 208, 218, 223, 226, 231]",3.5,-192.8156343614235,-194.09248631432342,-195.2358888960937,0.3982985019683838,0.39881616830825806,0x0000000000000000FFFFFFFFFFFFFFFF55555555FFFF55550000000000000000,False,0.0001220703125,"[2, 6, 6, 2, 2, 6, 6, 2]",0.5690646171569824,conflict_enriched,"[8, 8, 8, 8]",0.0,0.0,parity2,0.4,0.3355712890625,0.5,0.5,0.75,8192,0.8387919137179873,0.8146841866629464
33,0.75,0.7469077110290527,0.7316498756408691,0,0a1fd335b9818c8b,0.9088597297668457,5.961192162129166e-07,"[17, 19, 34, 37, 47, 54, 58, 59, 69, 72, 83, 87, 88, 90, 102, 116, 134, 144, 162, 168, 176, 180, 183, 187, 193, 197, 198, 208, 218, 223, 226, 231]",8.0,-165.5630693952578,-165.78722126768838,-166.43011440362605,0.39829221367836,0.3988299071788788,0xFFFFFFFFFFFFFFFF0000000000000000FFFFFFFF00000000FFFFFFFF00000000,True,0.0006103515625,"[2, 6, 6, 2, 2, 6, 6, 2]",0.3353734016418457,conflict_enriched,"[2, 6, 6, 2, 2, 6, 6, 2]",0.0006103515625,0.0006103515625,mux3,0.4,0.168701171875,0.625,0.625,0.125,8179,0.9029357066764461,0.9025399344308036
34,0.75,0.4640169143676758,0.5128917694091797,1,98cc2a02e7d0e9e2,0.6655464172363281,0.0,"[8, 13, 33, 45, 46, 55, 57, 63, 64, 68, 81, 82, 83, 85, 117, 122, 150, 158, 160, 162, 166, 171, 175, 190, 194, 196, 199, 213, 216, 217, 244, 255]",9.0,-168.56460516668662,-169.97869544413837,-170.85236472331806,0.3982819616794586,0.39879536628723145,0x00040000000400004DDD4CDD444D044404FF005F05FF005F0004000400040000,False,0.0001220703125,"[2, 6, 6, 2, 2, 6, 6, 2]",0.5384073257446289,conflict_enriched,"[8, 8, 8, 8]",0.0,0.0,parity2,0.4,0.0416259765625,0.5,0.5,0.75,8192,0.8463028393900562,0.6268964494977679
35,0.75,0.729464054107666,0.7567734718322754,1,98cc2a02e7d0e9e2,0.878324031829834,2.980596081064583e-07,"[8, 13, 33, 45, 46, 55, 57, 63, 64, 68, 81, 82, 83, 85, 117, 122, 150, 158, 160, 162, 166, 171, 175, 190, 194, 196, 199, 213, 216, 217, 244, 255]",10.0,-161.54221441704044,-161.84958237320035,-161.9247879709309,0.3982783555984497,0.39881429076194763,0xFFFFFFFFFFFFBBBBBBBB222200000000FFFFFFFF02000000FFFFBBBB00000000,False,0.0003662109375,"[2, 6, 6, 2, 2, 6, 6, 2]",0.3592238426208496,conflict_enriched,"[2, 6, 6, 2, 2, 6, 6, 2]",0.0,0.0,mux3,0.4,0.0677490234375,0.625,0.625,0.125,8183,0.894879195967858,0.8690436226981026
36,0.75,0.4896383285522461,0.4900550842285156,2,ac77bde2e98598db,0.7815752029418945,0.0,"[5, 31, 37, 40, 48, 49, 52, 60, 66, 69, 83, 88, 90, 94, 102, 120, 147, 158, 163, 168, 174, 184, 189, 191, 198, 208, 209, 214, 218, 223, 224, 238]",5.0,-186.78369852366848,-188.85602758178416,-189.26127979178014,0.398284375667572,0.3987938165664673,0x0000080000000800FF8AFFEFFF08FF8EDF4DDD44FFDFDFCD0000000000000000,False,0.0001220703125,"[2, 6, 6, 2, 2, 6, 6, 2]",0.5421295166015625,conflict_enriched,"[8, 8, 8, 8]",0.0,0.0,parity2,0.4,0.1383056640625,0.5,0.5,0.75,8192,0.8412232594327322,0.7582413809640067
37,0.75,0.6892566680908203,0.7155132293701172,2,ac77bde2e98598db,0.7425384521484375,1.78835764863875e-07,"[5, 31, 37, 40, 48, 49, 52, 60, 66, 69, 83, 88, 90, 94, 102, 120, 147, 158, 163, 168, 174, 184, 189, 191, 198, 208, 209, 214, 218, 223, 224, 238]",9.0,-141.52361144189462,-141.94633328754102,-142.42454758119436,0.3984641134738922,0.3989572525024414,0xF7FF71FF51F71075107700710010000077FF71FF1077007111F7107700110010,False,0.000244140625,"[2, 6, 6, 2, 2, 6, 6, 2]",0.46186161041259766,conflict_enriched,"[2, 6, 6, 2, 2, 6, 6, 2]",0.0,0.0,mux3,0.4,0.0,0.625,0.625,0.125,8186,0.9126978356471005,0.7229123796735492
38,0.75,0.4757218360900879,0.5283598899841309,3,6d403e216e3b7b94,0.8255171775817871,2.3844768648516665e-07,"[8, 15, 32, 40, 43, 50, 55, 59, 68, 69, 73, 77, 87, 89, 116, 120, 133, 156, 163, 164, 170, 186, 187, 189, 197, 202, 212, 214, 221, 222, 244, 248]",5.5,-194.23390876925933,-195.84926079123144,-197.03728594992106,0.3982774019241333,0.3988047242164612,0x0000000000000000FFFFFFFFFFFFFFFF33333333B3B3B3B30000000000000000,False,0.0003662109375,"[2, 6, 6, 2, 2, 6, 6, 2]",0.5604701042175293,conflict_enriched,"[8, 8, 8, 8]",0.0001220703125,0.0001220703125,parity2,0.4,0.389892578125,0.5,0.5,0.75,8185,0.832917907148323,0.8050079345703125
39,0.75,0.7480916976928711,0.7059288024902344,3,6d403e216e3b7b94,0.8395090103149414,5.961192162129166e-08,"[8, 15, 32, 40, 43, 50, 55, 59, 68, 69, 73, 77, 87, 89, 116, 120, 133, 156, 163, 164, 170, 186, 187, 189, 197, 202, 212, 214, 221, 222, 244, 248]",9.0,-155.48076894409917,-155.62703724788474,-155.71710139674428,0.3983631730079651,0.39887556433677673,0xFFFFFFFFFFFF555D0005000000000000FFFFFFFFDDDF0445DFFF455D44450000,False,0.000244140625,"[2, 6, 6, 2, 2, 6, 6, 2]",0.3925294876098633,conflict_enriched,"[2, 6, 6, 2, 2, 6, 6, 2]",0.0,0.0,mux3,0.4,0.0074462890625,0.625,0.625,0.125,8190,0.8881743249594355,0.831129891531808
40,0.75,0.49755430221557617,0.5053553581237793,4,c07d550b631777b8,0.7489790916442871,0.0,"[18, 21, 32, 35, 42, 47, 50, 52, 65, 67, 74, 75, 78, 90, 105, 113, 128, 154, 166, 168, 170, 174, 183, 187, 192, 198, 200, 206, 207, 221, 247, 249]",6.5,-190.2887620222678,-191.22287482414308,-192.54101874869593,0.39834457635879517,0.39884209632873535,0x0C0C8E8E00000C0CCFCFFFEF8F0ECFCF0E0ECF8F0C0C0F0E0000000000000000,False,0.0001220703125,"[2, 6, 6, 2, 2, 6, 6, 2]",0.5661072731018066,conflict_enriched,"[8, 8, 8, 8]",0.0,0.0,parity2,0.4,0.2852783203125,0.5,0.5,0.75,8192,0.8258199793602435,0.7182301112583706
41,0.75,0.7248139381408691,0.7689471244812012,4,c07d550b631777b8,0.8736958503723145,3.7853570229520205e-06,"[18, 21, 32, 35, 42, 47, 50, 52, 65, 67, 74, 75, 78, 90, 105, 113, 128, 154, 166, 168, 170, 174, 183, 187, 192, 198, 200, 206, 207, 221, 247, 249]",8.0,-163.0692874657782,-163.15028182201263,-163.50850767220567,0.3982907831668854,0.39881348609924316,0xFFFFFFFFF3F3F3F33333333300000000FFFFFFFF33333333FFFFFFFF00000000,False,0.001220703125,"[2, 6, 6, 2, 2, 6, 6, 2]",0.37360525131225586,conflict_enriched,"[2, 6, 6, 2, 2, 6, 6, 2]",0.0,0.0,mux3,0.4,0.15380859375,0.625,0.625,0.125,8144,0.9082437664742529,0.8629575456891742
42,0.75,0.5148730278015137,0.4775872230529785,5,5396d0ca2e9c4a5d,0.8650708198547363,3.278655689171041e-07,"[26, 27, 32, 40, 48, 51, 55, 56, 66, 79, 80, 85, 89, 95, 104, 120, 128, 133, 161, 165, 181, 184, 185, 190, 203, 205, 209, 214, 219, 220, 241, 253]",2.0,-191.46860014437848,-193.41260888212156,-194.64821756868196,0.398260235786438,0.39879196882247925,0x0000000000000000FFFFFFFFFFFFFFFFFFFFFFFFFFFFFFFF0000000000000000,True,0.0006103515625,"[2, 6, 6, 2, 2, 6, 6, 2]",0.5546078681945801,conflict_enriched,"[8, 8, 8, 8]",0.0006103515625,0.0006103515625,parity2,0.4,0.4713134765625,0.5,0.5,0.75,8187,0.845709026080298,0.8490911211286273
43,0.75,0.7469348907470703,0.7527132034301758,5,5396d0ca2e9c4a5d,0.9615726470947266,0.0020412016141954582,"[26, 27, 32, 40, 48, 51, 55, 56, 66, 79, 80, 85, 89, 95, 104, 120, 128, 133, 161, 165, 181, 184, 185, 190, 203, 205, 209, 214, 219, 220, 241, 253]",7.5,-171.9804999249536,-172.33767832149363,-172.76305094692108,0.3982754051685333,0.39882636070251465,0xFFFFFFFFFFFFFFFF0000000000000000FFFFFFFF00000000FFFFFFFF00000000,True,0.0435791015625,"[2, 6, 6, 2, 2, 6, 6, 2]",0.2881317138671875,conflict_enriched,"[2, 6, 6, 2, 2, 6, 6, 2]",0.0435791015625,0.0435791015625,mux3,0.4,0.3985595703125,0.625,0.625,0.125,6885,0.9410481231644728,0.9604072570800781
44,0.75,0.46184587478637695,0.4736142158508301,6,115d70ccbbe53f44,0.9055018424987793,2.566293225796606e-05,"[11, 22, 35, 43, 51, 53, 54, 59, 66, 67, 76, 78, 85, 91, 97, 124, 140, 147, 166, 172, 175, 179, 187, 188, 193, 202, 211, 216, 222, 223, 228, 249]",3.0,-195.9515269255952,-198.07084650720066,-199.80556380044638,0.39828038215637207,0.3988187313079834,0x0000000000000000FFFFFFFFFFFFFFFFFFFFFFFFFFFFFFFF0000000000000000,True,0.0048828125,"[2, 6, 6, 2, 2, 6, 6, 2]",0.5486054420471191,conflict_enriched,"[8, 8, 8, 8]",0.0048828125,0.0048828125,parity2,0.4,0.3980712890625,0.5,0.5,0.75,8099,0.8713038621090888,0.8958402361188617
45,0.75,0.7318053245544434,0.7589354515075684,6,115d70ccbbe53f44,0.8874526023864746,1.1922384324258332e-07,"[11, 22, 35, 43, 51, 53, 54, 59, 66, 67, 76, 78, 85, 91, 97, 124, 140, 147, 166, 172, 175, 179, 187, 188, 193, 202, 211, 216, 222, 223, 228, 249]",10.0,-165.46879176772745,-165.74116687254786,-166.11693738916006,0.39831069111824036,0.39883744716644287,0xFFFFFFFFFFFF0F0F0000000000000000FFFFFFFF0F0F0000FFFFFFFF00000000,False,0.000244140625,"[2, 6, 6, 2, 2, 6, 6, 2]",0.35947275161743164,conflict_enriched,"[2, 6, 6, 2, 2, 6, 6, 2]",0.0001220703125,0.0001220703125,mux3,0.4,0.0948486328125,0.625,0.625,0.125,8188,0.9079007552002686,0.8805814470563617
46,0.75,0.4920034408569336,0.40966224670410156,7,7f4875de86af6e6e,0.723052978515625,0.0,"[8, 30, 35, 36, 42, 56, 60, 63, 69, 75, 78, 79, 81, 89, 114, 123, 141, 156, 161, 163, 179, 182, 183, 189, 200, 201, 205, 209, 212, 216, 243, 251]",7.0,-183.55123255224626,-186.16600596076796,-186.73432579807843,0.3983915448188782,0.39889106154441833,0x002200200088008AFBFFFAFFA2FB20FA88EE88EEEEFFEEFF0000000000000000,False,0.0001220703125,"[2, 6, 6, 2, 2, 6, 6, 2]",0.552647590637207,conflict_enriched,"[8, 8, 8, 8]",0.0,0.0,parity2,0.4,0.0899658203125,0.5,0.5,0.75,8192,0.8331940178595282,0.6924896240234375
47,0.75,0.7055473327636719,0.7889184951782227,7,7f4875de86af6e6e,0.8148832321166992,1.8777755310706873e-06,"[8, 30, 35, 36, 42, 56, 60, 63, 69, 75, 78, 79, 81, 89, 114, 123, 141, 156, 161, 163, 179, 182, 183, 189, 200, 201, 205, 209, 212, 216, 243, 251]",7.5,-152.14624376064816,-152.7969736646806,-153.68159217832962,0.398397296667099,0.3989025950431824,0xFFFFFFFF571557155715571500000000FFFFFFFF150115017F577F5700000000,False,0.00048828125,"[2, 6, 6, 2, 2, 6, 6, 2]",0.42994117736816406,conflict_enriched,"[2, 6, 6, 2, 2, 6, 6, 2]",0.0,0.0,mux3,0.4,0.00244140625,0.625,0.625,0.125,8141,0.9210025378170064,0.8032793317522321
0,0.375,0.4866924285888672,0.42854976654052734,0,b1674c8027723817,0.7464885711669922,8.345669026980833e-07,"[1, 12, 25, 26, 27, 31, 34, 35, 36, 51, 52, 62, 80, 84, 98, 110, 120, 124, 134, 137, 138, 140, 149, 156, 161, 212, 213, 222, 225, 235, 242, 249]",4.0,-226.8515600132349,-226.91481270287667,-227.30254540799095,0.2984968423843384,0.29897540807724,0x00000000000055550000FFFFFFFFFFFF55555555555555550000000000000000,False,0.00048828125,"[6, 6, 2, 4, 6, 1, 3, 4]",0.4277772903442383,uniform_random,"[12, 6, 7, 7]",0.0,0.0,parity2,0.3,0.757080078125,0.5625,0.4375,0.375,8173,0.8899428222324004,0.7115037100655692
1,0.375,0.6478352546691895,0.8507494926452637,0,b1674c8027723817,0.7475714683532715,2.8554110456598706e-05,"[1, 12, 25, 26, 27, 31, 34, 35, 36, 51, 52, 62, 80, 84, 98, 110, 120, 124, 134, 137, 138, 140, 149, 156, 161, 212, 213, 222, 225, 235, 242, 249]",23.0,-103.95449448145604,-104.48721966254578,-104.53946520350017,0.2978448271751404,0.2984897494316101,0xFFFFFFFFC0FCC0FCFFFFFFFF00000000FFFFFFFFC0FCC0FCFFFFFFFF00000000,False,0.00244140625,"[6, 6, 2, 4, 6, 1, 3, 4]",0.5017733573913574,uniform_random,"[6, 6, 2, 4, 6, 1, 3, 4]",0.0,0.0,mux3,0.3,0.0,0.75,0.875,0.3125,7888,0.9115184464735182,0.725027356828962
2,0.4375,0.46912527084350586,0.471132755279541,1,58ad15a270c226c7,0.8222470283508301,3.5767152972775e-07,"[4, 16, 18, 22, 37, 40, 48, 68, 87, 93, 94, 97, 106, 114, 115, 118, 130, 131, 136, 139, 152, 171, 173, 178, 188, 200, 213, 216, 226, 229, 238, 242]",2.0,-248.26336542215074,-253.15885400313766,-258.478044180833,0.29848262667655945,0.29894083738327026,0x8800880088008800FFEEFFEEFFEEFFEEFFFFFFFFFFFFFFFFEE88EE88EE88EE88,False,0.00048828125,"[4, 3, 4, 5, 5, 4, 3, 4]",0.5005707740783691,uniform_random,"[7, 9, 9, 7]",0.0003662109375,0.0003662109375,parity2,0.3,0.790283203125,0.5,0.5,0.4375,8184,0.8751731253325861,0.7978286743164062
3,0.4375,0.7760648727416992,0.7180309295654297,1,58ad15a270c226c7,0.7468509674072266,2.36063209620315e-05,"[4, 16, 18, 22, 37, 40, 48, 68, 87, 93, 94, 97, 106, 114, 115, 118, 130, 131, 136, 139, 152, 171, 173, 178, 188, 200, 213, 216, 226, 229, 238, 242]",19.0,-116.49223972143875,-116.77146430842186,-116.90191290815983,0.297998309135437,0.2986021637916565,0xFFFFFFFF0303033F0303033F00000000FFFFFFFF0303033F0303033F00000000,False,0.002685546875,"[4, 3, 4, 5, 5, 4, 3, 4]",0.4993276596069336,uniform_random,"[4, 3, 4, 5, 5, 4, 3, 4]",0.0,0.0,mux3,0.3,0.00048828125,0.78125,0.78125,0.28125,7907,0.9248690711985214,0.7206971304757255
4,0.46875,0.6317873001098633,0.4692535400390625,2,ce3fbc86d8d7ac0f,0.7772932052612305,5.961192162129166e-08,"[17, 24, 35, 40, 46, 55, 56, 66, 79, 81, 85, 97, 98, 101, 103, 111, 121, 123, 128, 131, 134, 137, 145, 146, 147, 178, 201, 202, 214, 215, 217, 249]",3.0,-235.91868612858477,-238.02820651176364,-241.69649540959583,0.29852136969566345,0.2989557385444641,0x000000FF000F00FF000F00FF00FF0FFFFFFFFFFFFFFFFFFF000000000000000F,False,0.000244140625,"[2, 5, 4, 7, 7, 1, 5, 1]",0.48854827880859375,uniform_random,"[7, 11, 8, 6]",0.0,0.0,parity2,0.3,0.4259033203125,0.5625,0.46875,0.46875,8190,0.8675165596357053,0.748678479875837
5,0.46875,0.657261848449707,0.8317279815673828,2,ce3fbc86d8d7ac0f,0.7742538452148438,0.0004540043950677573,"[17, 24, 35, 40, 46, 55, 56, 66, 79, 81, 85, 97, 98, 101, 103, 111, 121, 123, 128, 131, 134, 137, 145, 146, 147, 178, 201, 202, 214, 215, 217, 249]",15.5,-132.1464591165102,-132.24792123617857,-132.77015944010805,0.298501193523407,0.29895588755607605,0xFFFFFFFFFFF0FFF0FFFFFFFF00000000FFFFFFFFFF00FF00FFFFFFFF00000000,False,0.01611328125,"[2, 5, 4, 7, 7, 1, 5, 1]",0.4656829833984375,uniform_random,"[2, 5, 4, 7, 7, 1, 5, 1]",0.0,0.0,mux3,0.3,0.0,0.71875,0.8125,0.25,6623,0.9464280964882461,0.753556387765067
6,0.53125,0.5824398994445801,0.6215605735778809,3,c6350c79ea7d662f,0.7565617561340332,2.6825364729581247e-07,"[15, 16, 30, 40, 45, 63, 64, 66, 77, 86, 101, 105, 106, 110, 113, 124, 126, 130, 144, 161, 164, 174, 188, 190, 207, 209, 210, 219, 220, 231, 235, 252]",3.0,-233.72581292689165,-234.59716933772685,-235.54007617509987,0.2985502779483795,0.2990017831325531,0x005550550000005555FFD5FF005550F5FFFFFFFFF5FFFFFF005555F500500055,False,0.000244140625,"[3, 3, 4, 7, 2, 5, 5, 3]",0.5312561988830566,uniform_random,"[6, 11, 7, 8]",0.0,0.0,parity2,0.3,0.341064453125,0.53125,0.625,0.53125,8183,0.8956938197902445,0.7254693167550224
7,0.53125,0.780632495880127,0.6701807975769043,3,c6350c79ea7d662f,0.7329192161560059,0.00019266573068001466,"[15, 16, 30, 40, 45, 63, 64, 66, 77, 86, 101, 105, 106, 110, 113, 124, 126, 130, 144, 161, 164, 174, 188, 190, 207, 209, 210, 219, 220, 231, 235, 252]",13.5,-151.64826963137605,-152.04641703195057,-152.38948857470734,0.2986513376235962,0.29905426502227783,0xFFFFFFFFFFAFAF0AAF0AAF0A0A000000FFFFFFFFFFAFAF0AAF0AAF0A0A000000,False,0.0098876953125,"[3, 3, 4, 7, 2, 5, 5, 3]",0.4922165870666504,uniform_random,"[3, 3, 4, 7, 2, 5, 5, 3]",0.0,0.0,mux3,0.3,0.0,0.78125,0.6875,0.15625,7298,0.9450266929454485,0.7032890319824219
8,0.5,0.34031009674072266,0.6266231536865234,4,999d074f63d85a28,0.8031949996948242,0.0,"[3, 7, 10, 28, 69, 70, 73, 84, 110, 119, 130, 138, 142, 143, 145, 155, 156, 166, 176, 179, 181, 186, 190, 197, 202, 204, 210, 219, 221, 248, 249, 252]",4.0,-236.73463020489552,-238.80349085490673,-239.42569076884897,0.2985485792160034,0.29899293184280396,0x0000000000000000FFFFFFFFFFFFFFFFE8FFE8FFE8FEE8FE0000000000000000,False,0.0001220703125,"[4, 0, 4, 2, 7, 6, 6, 3]",0.4095115661621094,uniform_random,"[4, 6, 13, 9]",0.0,0.0,parity2,0.3,0.137939453125,0.3125,0.5625,0.5,8192,0.8677002156518726,0.7806216648646763
9,0.5,0.9117937088012695,0.555455207824707,4,999d074f63d85a28,0.7946805953979492,6.90007992766451e-05,"[3, 7, 10, 28, 69, 70, 73, 84, 110, 119, 130, 138, 142, 143, 145, 155, 156, 166, 176, 179, 181, 186, 190, 197, 202, 204, 210, 219, 221, 248, 249, 252]",15.0,-112.83964788297449,-112.99081386159617,-113.22745312740643,0.2979375123977661,0.29856401681900024,0xFFFFFFFFFFFFFFFF0000000000000000FFFFFFFF0F0F0F0F0000000000000000,False,0.0047607421875,"[4, 0, 4, 2, 7, 6, 6, 3]",0.4550819396972656,uniform_random,"[4, 0, 4, 2, 7, 6, 6, 3]",0.0,0.0,mux3,0.3,0.0255126953125,0.875,0.625,0.3125,7557,0.925475932056119,0.7742533002580915
10,0.5,0.577974796295166,0.6351151466369629,5,60086b80022888b1,0.7292428016662598,0.0,"[1, 7, 12, 18, 42, 43, 55, 82, 84, 93, 100, 104, 111, 112, 115, 118, 155, 167, 177, 178, 184, 199, 200, 202, 204, 214, 219, 228, 229, 238, 251, 255]",3.0,-222.1733184918753,-222.7931953052996,-223.3236522867164,0.29861825704574585,0.2990579903125763,0x0000000000000000FFFF3F3F333F0000FFFFFFFFFFFFFF7F0101000000000000,False,0.0001220703125,"[4, 3, 3, 6, 1, 4, 6, 5]",0.49898862838745117,uniform_random,"[7, 9, 5, 11]",0.0,0.0,parity2,0.3,0.0081787109375,0.5,0.625,0.5,8192,0.8850403801079896,0.6998182024274554
11,0.5,0.8252115249633789,0.6619453430175781,5,60086b80022888b1,0.7445611953735352,8.163852666035893e-05,"[1, 7, 12, 18, 42, 43, 55, 82, 84, 93, 100, 104, 111, 112, 115, 118, 155, 167, 177, 178, 184, 199, 200, 202, 204, 214, 219, 228, 229, 238, 251, 255]",18.0,-125.09521195916622,-125.39241057809548,-125.69078245069858,0.2983989119529724,0.29886478185653687,0xFFFFFFFFFFCCFFFF0000FFCC00000000FFFFFFFFFFCCFFFF0000FFCC00000000,False,0.0054931640625,"[4, 3, 3, 6, 1, 4, 6, 5]",0.4984703063964844,uniform_random,"[4, 3, 3, 6, 1, 4, 6, 5]",0.0,0.0,mux3,0.3,0.0,0.8125,0.6875,0.1875,7623,0.9285264796227002,0.7223183768136161
12,0.53125,0.6276626586914062,0.4797019958496094,6,651a6b4b9f13fb6f,0.8296661376953125,7.540908085093395e-06,"[7, 17, 21, 22, 30, 46, 48, 58, 68, 69, 70, 71, 82, 86, 88, 99, 105, 134, 136, 140, 141, 149, 154, 169, 175, 183, 193, 197, 201, 204, 227, 237]",5.0,-256.76885560518986,-257.2720130603718,-258.05913114285164,0.29858630895614624,0.2990196645259857,0xFFFCCCC0FFFCCCC0FFFFFFFFFFFFFFFFFFFFFFFFFFFFFFFF0000000000000000,False,0.001220703125,"[5, 3, 7, 2, 6, 3, 4, 2]",0.5081596374511719,uniform_random,"[8, 9, 9, 6]",0.0,0.0,parity2,0.3,0.5552978515625,0.53125,0.4375,0.53125,8054,0.9138951905566222,0.8075828552246094
13,0.53125,0.6607174873352051,0.8185009956359863,6,651a6b4b9f13fb6f,0.7573237419128418,1.0134026675619582e-06,"[7, 17, 21, 22, 30, 46, 48, 58, 68, 69, 70, 71, 82, 86, 88, 99, 105, 134, 136, 140, 141, 149, 154, 169, 175, 183, 193, 197, 201, 204, 227, 237]",12.0,-149.75377992734832,-150.39909000778334,-150.51442920385182,0.29868245124816895,0.29909446835517883,0xFFFFFFFF0101171717177F7F00000000FFFFFFFF0000010117177F7F00000000,False,0.0003662109375,"[5, 3, 7, 2, 6, 3, 4, 2]",0.48612546920776367,uniform_random,"[5, 3, 7, 2, 6, 3, 4, 2]",0.0,0.0,mux3,0.3,0.0,0.6875,0.78125,0.25,8160,0.915949908060924,0.7362185886928013
14,0.5625,0.5812468528747559,0.3428168296813965,7,f12319a0b53a94f6,0.7273011207580566,0.0,"[6, 27, 43, 53, 56, 57, 58, 62, 68, 70, 79, 83, 87, 89, 113, 114, 130, 133, 142, 144, 162, 196, 211, 212, 220, 222, 226, 229, 231, 242, 243, 250]",5.0,-222.2061192561827,-222.52319464529572,-222.7879824912478,0.2985672652721405,0.2989908456802368,0x00000000000000000000000DFFFFFFFF80FE00A8FEFFAAFF0000000000000000,False,0.0001220703125,"[2, 6, 6, 2, 4, 1, 5, 6]",0.5169615745544434,uniform_random,"[8, 8, 5, 11]",0.0,0.0,parity2,0.3,0.2974853515625,0.5,0.3125,0.5625,8192,0.8879562964683319,0.6930650983537946
15,0.5625,0.5990161895751953,0.8627386093139648,7,f12319a0b53a94f6,0.7775478363037109,3.523064567818337e-05,"[6, 27, 43, 53, 56, 57, 58, 62, 68, 70, 79, 83, 87, 89, 113, 114, 130, 133, 142, 144, 162, 196, 211, 212, 220, 222, 226, 229, 231, 242, 243, 250]",14.0,-126.36063234397166,-126.63200050357469,-127.39105554561952,0.2983729839324951,0.29884660243988037,0xFFFFFFFFFF777711FFFFFFFF11000000FFFFFFFF77111100FFFFFF7700000000,False,0.003662109375,"[2, 6, 6, 2, 4, 1, 5, 6]",0.43534183502197266,uniform_random,"[2, 6, 6, 2, 4, 1, 5, 6]",0.0,0.0,mux3,0.3,0.0,0.625,0.8125,0.3125,7749,0.9423226260599817,0.7590266636439732
16,0.5,0.5113334655761719,0.4948883056640625,0,6293e349a9faad3b,0.806304931640625,2.980596081064583e-08,"[8, 21, 23, 31, 36, 40, 48, 51, 64, 73, 79, 80, 101, 103, 104, 110, 128, 131, 136, 146, 160, 170, 180, 185, 198, 209, 210, 220, 230, 244, 250, 253]",2.5,-242.30806322465267,-244.20956348888018,-252.6384951798095,0.2985433340072632,0.2989940047264099,0x00000F0F00000F0F0F0F3FFF0F0F7FFF0A0AFFFF0A0AFFFF0000000A0000000A,False,0.000244140625,"[4, 4, 4, 4, 4, 4, 4, 4]",0.5122928619384766,cell_balanced,"[8, 8, 8, 8]",0.0001220703125,0.0001220703125,parity2,0.3,0.346435546875,0.5,0.5,0.5,8191,0.8632134602552217,0.7823093959263393
17,0.5,0.7283315658569336,0.7715969085693359,0,6293e349a9faad3b,0.8463211059570312,1.4902980405322915e-07,"[8, 21, 23, 31, 36, 40, 48, 51, 64, 73, 79, 80, 101, 103, 104, 110, 128, 131, 136, 146, 160, 170, 180, 185, 198, 209, 210, 220, 230, 244, 250, 253]",6.0,-180.5509908397931,-181.0987317530578,-182.1733049993181,0.298717737197876,0.2990991473197937,0xFFFFFFFFD4FD40D440D4004000000000FFFFFFFFD4FD40D4FDFFD5FD00000000,False,0.0003662109375,"[4, 4, 4, 4, 4, 4, 4, 4]",0.40361595153808594,cell_balanced,"[4, 4, 4, 4, 4, 4, 4, 4]",0.0,0.0,mux3,0.3,0.0045166015625,0.75,0.75,0.25,8188,0.9022770948940482,0.8367533002580915
18,0.5,0.6021995544433594,0.48964786529541016,1,c9b4a81f93ef801a,0.8150501251220703,2.980596081064583e-08,"[0, 4, 7, 21, 33, 41, 42, 50, 65, 75, 81, 90, 101, 106, 110, 122, 135, 145, 148, 154, 167, 176, 178, 181, 205, 213, 220, 222, 224, 232, 236, 239]",3.0,-242.64458961494685,-248.37395091460166,-253.0877308007737,0.2984870672225952,0.29895514249801636,0x8EEF08CE8CEF088EEFFF8CEFCEFF08CEEFFFCEFFEFFF8CEF0000000000000000,False,0.000244140625,"[4, 4, 4, 4, 4, 4, 4, 4]",0.49977970123291016,cell_balanced,"[8, 8, 8, 8]",0.0,0.0,parity2,0.3,0.6260986328125,0.5,0.5,0.5,8191,0.8736741348640378,0.7905033656529018
19,0.5,0.675389289855957,0.7875213623046875,1,c9b4a81f93ef801a,0.7412347793579102,2.861372237822e-06,"[0, 4, 7, 21, 33, 41, 42, 50, 65, 75, 81, 90, 101, 106, 110, 122, 135, 145, 148, 154, 167, 176, 178, 181, 205, 213, 220, 222, 224, 232, 236, 239]",13.5,-141.3112654389481,-141.76344611903684,-141.97377192531056,0.2986600697040558,0.2990667223930359,0xFFF7FFFF7100F710F710FF7100001000FFF7FFFF7100F710F710FF7100001000,False,0.0008544921875,"[4, 4, 4, 4, 4, 4, 4, 4]",0.4911508560180664,cell_balanced,"[4, 4, 4, 4, 4, 4, 4, 4]",0.0,0.0,mux3,0.3,0.0,0.75,0.75,0.25,8123,0.9273928119745414,0.7170748029436383
20,0.5,0.6086854934692383,0.5446538925170898,2,92402e067f850060,0.8383684158325195,3.9641927878158955e-06,"[1, 8, 20, 30, 40, 44, 55, 59, 66, 70, 84, 88, 98, 105, 118, 120, 132, 150, 152, 158, 173, 175, 176, 189, 193, 200, 211, 212, 226, 229, 233, 240]",5.0,-260.97493448348956,-261.13056050933403,-261.66756858148625,0.29857754707336426,0.29904067516326904,0xFDD4D440D4404000FFFFFFFDFFFDFDD4FFFFFFFDFFFDFDD40000000000000000,False,0.0009765625,"[4, 4, 4, 4, 4, 4, 4, 4]",0.5226831436157227,cell_balanced,"[8, 8, 8, 8]",0.0,0.0,parity2,0.3,0.87353515625,0.5,0.5,0.5,8109,0.9227475500363049,0.815866197858538
21,0.5,0.7230825424194336,0.776911735534668,2,92402e067f850060,0.8402719497680664,2.980596081064583e-07,"[1, 8, 20, 30, 40, 44, 55, 59, 66, 70, 84, 88, 98, 105, 118, 120, 132, 150, 152, 158, 173, 175, 176, 189, 193, 200, 211, 212, 226, 229, 233, 240]",9.5,-174.72155758622816,-175.6276568986903,-176.74446423681007,0.2986873388290405,0.29908788204193115,0xFFFFFFFFAFAFAFAF0A0A0A0A00000000FFFFFFFFAAAAAAAAAFAFAFAF00000000,False,0.0003662109375,"[4, 4, 4, 4, 4, 4, 4, 4]",0.40972328186035156,cell_balanced,"[4, 4, 4, 4, 4, 4, 4, 4]",0.0,0.0,mux3,0.3,0.014404296875,0.75,0.75,0.25,8184,0.8961859612614989,0.8277293613978794
22,0.5,0.46975088119506836,0.5349936485290527,3,369096b35ac51fa1,0.663733959197998,8.94178824319375e-08,"[15, 16, 24, 26, 34, 46, 54, 56, 69, 71, 73, 74, 112, 115, 117, 125, 129, 139, 152, 159, 160, 164, 173, 187, 192, 194, 215, 220, 232, 244, 252, 255]",2.5,-224.74827510013034,-228.26295073045034,-228.90748278253827,0.29858678579330444,0.29901981353759766,0x222A2AAA22222A2ABBABBBBBABAABBBBAAABABBFAAAAAAAB2AAAAAAB222A2AAA,False,0.000244140625,"[4, 4, 4, 4, 4, 4, 4, 4]",0.49582719802856445,cell_balanced,"[8, 8, 8, 8]",0.0,0.0,parity2,0.3,0.09228515625,0.5,0.5,0.5,8189,0.9021252966183362,0.621628897530692
23,0.5,0.7655692100524902,0.7070498466491699,3,369096b35ac51fa1,0.7375025749206543,5.5170833460505434e-05,"[15, 16, 24, 26, 34, 46, 54, 56, 69, 71, 73, 74, 112, 115, 117, 125, 129, 139, 152, 159, 160, 164, 173, 187, 192, 194, 215, 220, 232, 244, 252, 255]",17.0,-129.20237959616665,-129.58882109745167,-129.648335497028,0.29829901456832886,0.29881060123443604,0xFFFFFDFFD5FD545555D5405400400000FFFFFDFFD5FD545555D5405400400000,False,0.0057373046875,"[4, 4, 4, 4, 4, 4, 4, 4]",0.4984622001647949,cell_balanced,"[4, 4, 4, 4, 4, 4, 4, 4]",0.0,0.0,mux3,0.3,0.0008544921875,0.75,0.75,0.25,7806,0.9338308714116491,0.710075923374721
24,0.5,0.5113749504089355,0.49915647506713867,4,7b2268760b066630,0.7357869148254395,0.0,"[0, 16, 17, 23, 33, 39, 51, 63, 69, 70, 78, 79, 100, 103, 106, 126, 130, 145, 146, 154, 163, 166, 183, 191, 207, 216, 220, 222, 233, 234, 237, 253]",3.0,-227.49274175338059,-228.5149551498755,-230.03700772689652,0.2984812557697296,0.29895251989364624,0x0000000000000000CDFFCCDFCFFFCDFF5050FDFD5050F5F50000000000000000,False,0.0001220703125,"[4, 4, 4, 4, 4, 4, 4, 4]",0.5059351921081543,cell_balanced,"[8, 8, 8, 8]",0.0,0.0,parity2,0.3,0.5950927734375,0.5,0.5,0.5,8192,0.8553079640643197,0.7002590724400112
25,0.5,0.6785564422607422,0.8159103393554688,4,7b2268760b066630,0.7650470733642578,5.57371467159077e-06,"[0, 16, 17, 23, 33, 39, 51, 63, 69, 70, 78, 79, 100, 103, 106, 126, 130, 145, 146, 154, 163, 166, 183, 191, 207, 216, 220, 222, 233, 234, 237, 253]",11.0,-157.57793050954007,-157.8862164209991,-158.50384543536023,0.29869723320007324,0.29911303520202637,0xFFFFFFFFFF033F00FF03FF0300000000FFFFFFFFFF033F03FF3FFF3F00000000,False,0.000732421875,"[4, 4, 4, 4, 4, 4, 4, 4]",0.48455238342285156,cell_balanced,"[4, 4, 4, 4, 4, 4, 4, 4]",0.0,0.0,mux3,0.3,0.0001220703125,0.75,0.75,0.25,8049,0.9320176328432369,0.7470932006835938
26,0.5,0.4559926986694336,0.5185842514038086,5,a1c7eb317b0df480,0.8592605590820312,4.768953729703333e-07,"[12, 15, 16, 22, 35, 39, 40, 63, 65, 69, 75, 85, 97, 101, 117, 124, 130, 134, 143, 148, 161, 164, 178, 185, 193, 202, 217, 221, 226, 249, 250, 254]",2.5,-245.13874561809615,-247.40019718997604,-253.11343685846444,0.2985529899597168,0.29900509119033813,0x0000000000000000FFFFFFFFFFFFFFFFFFFFFFFFFFFFFFFF0000000000000000,True,0.0003662109375,"[4, 4, 4, 4, 4, 4, 4, 4]",0.5026016235351562,cell_balanced,"[8, 8, 8, 8]",0.0003662109375,0.0003662109375,parity2,0.3,0.2489013671875,0.5,0.5,0.5,8178,0.880585222086526,0.8436905997140067
27,0.5,0.7465572357177734,0.7533817291259766,5,a1c7eb317b0df480,0.8285932540893555,2.980596081064583e-07,"[12, 15, 16, 22, 35, 39, 40, 63, 65, 69, 75, 85, 97, 101, 117, 124, 130, 134, 143, 148, 161, 164, 178, 185, 193, 202, 217, 221, 226, 249, 250, 254]",7.5,-175.19450670192538,-176.3664228788187,-177.36693029299911,0.2985789179801941,0.29900988936424255,0xFFFFFFFFFF00FF00CC00FF0000000000FFFFFFFFFF00FF00FF00FFCC00000000,False,0.0003662109375,"[4, 4, 4, 4, 4, 4, 4, 4]",0.42139339447021484,cell_balanced,"[4, 4, 4, 4, 4, 4, 4, 4]",0.0,0.0,mux3,0.3,0.0379638671875,0.75,0.75,0.25,8183,0.8936383462150213,0.8130787440708706
28,0.5,0.495516300201416,0.5003209114074707,6,381f0eb2f9087f35,0.9931502342224121,0.3113674927130387,"[2, 12, 23, 24, 43, 55, 56, 60, 65, 71, 92, 93, 96, 99, 119, 126, 129, 142, 143, 152, 172, 177, 182, 184, 197, 202, 207, 217, 224, 241, 252, 255]",2.0,-265.6269476543196,-267.42828315573774,-276.61752357103813,0.29849082231521606,0.2989509701728821,0x0000000000000000FFFFFFFFFFFFFFFFFFFFFFFFFFFFFFFF0000000000000000,True,0.557373046875,"[4, 4, 4, 4, 4, 4, 4, 4]",0.4990849494934082,cell_balanced,"[8, 8, 8, 8]",0.557373046875,0.557373046875,parity2,0.3,0.994873046875,0.5,0.5,0.5,1706,0.9853959843288606,0.9921951293945312
29,0.5,0.7380094528198242,0.7619171142578125,6,381f0eb2f9087f35,0.8427448272705078,1.1922384324258332e-07,"[2, 12, 23, 24, 43, 55, 56, 60, 65, 71, 92, 93, 96, 99, 119, 126, 129, 142, 143, 152, 172, 177, 182, 184, 197, 202, 207, 217, 224, 241, 252, 255]",6.0,-182.1752602992838,-182.32436480364828,-183.0029440259642,0.2986592650413513,0.29906636476516724,0xFFFFFFFFEF8EEF8E8E088E0800000000FFFFFFFF8F0E8F0EFFEFFFEF00000000,False,0.000244140625,"[4, 4, 4, 4, 4, 4, 4, 4]",0.4072542190551758,cell_balanced,"[4, 4, 4, 4, 4, 4, 4, 4]",0.0,0.0,mux3,0.3,0.052734375,0.75,0.75,0.25,8188,0.8980761476168373,0.828134264264788
30,0.5,0.572272777557373,0.4734625816345215,7,99ec5727040b68b9,0.9089436531066895,2.944828928091808e-05,"[13, 25, 26, 28, 33, 36, 42, 53, 68, 69, 86, 93, 97, 121, 123, 127, 129, 135, 147, 150, 162, 163, 170, 177, 199, 207, 214, 219, 227, 241, 243, 255]",5.5,-254.2071792937815,-254.35941076337423,-254.87655815043829,0.29843461513519287,0.29890918731689453,0x00000000000000000CFF0CFF0CFF0CFFFFFFFFFFFFFFFFFF0000000000000000,False,0.0025634765625,"[4, 4, 4, 4, 4, 4, 4, 4]",0.4862856864929199,cell_balanced,"[8, 8, 8, 8]",0.0015869140625,0.0015869140625,parity2,0.3,0.97119140625,0.5,0.5,0.5,7752,0.925754842359511,0.8960674830845424
31,0.5,0.7284002304077148,0.7715635299682617,7,99ec5727040b68b9,0.8578414916992188,3.278655689171041e-07,"[13, 25, 26, 28, 33, 36, 42, 53, 68, 69, 86, 93, 97, 121, 123, 127, 129, 135, 147, 150, 162, 163, 170, 177, 199, 207, 214, 219, 227, 241, 243, 255]",9.0,-179.24636551758033,-179.88943957282953,-180.14646012268642,0.2984912097454071,0.2989560067653656,0xFFFFFFFFFFFFFFFF0000000000000000FFFFFFFF0F0F0F0FFFFFFFFF00000000,False,0.0003662109375,"[4, 4, 4, 4, 4, 4, 4, 4]",0.39215850830078125,cell_balanced,"[4, 4, 4, 4, 4, 4, 4, 4]",0.0,0.0,mux3,0.3,0.4249267578125,0.75,0.75,0.25,8182,0.8813560672727797,0.840782710484096
32,0.75,0.472475528717041,0.4770798683166504,0,0a1fd335b9818c8b,0.9201235771179199,2.4500499786350874e-05,"[17, 19, 34, 37, 47, 54, 58, 59, 69, 72, 83, 87, 88, 90, 102, 116, 134, 144, 162, 168, 176, 180, 183, 187, 193, 197, 198, 208, 218, 223, 226, 231]",3.0,-254.22538336600968,-255.23437039129976,-256.3429161035277,0.2984585464000702,0.2989158034324646,0x0000000000000000FFFFFFFFFFFFFFFFFFFFFFFFFFFFFFFF0000000000000000,True,0.0042724609375,"[2, 6, 6, 2, 2, 6, 6, 2]",0.5532803535461426,conflict_enriched,"[8, 8, 8, 8]",0.0042724609375,0.0042724609375,parity2,0.3,0.9293212890625,0.5,0.5,0.75,8034,0.8967730684351609,0.9090390886579242
33,0.75,0.7503271102905273,0.7329978942871094,0,0a1fd335b9818c8b,0.9641227722167969,0.002025076589396899,"[17, 19, 34, 37, 47, 54, 58, 59, 69, 72, 83, 87, 88, 90, 102, 116, 134, 144, 162, 168, 176, 180, 183, 187, 193, 197, 198, 208, 218, 223, 226, 231]",5.0,-226.29764231340968,-226.84588767694527,-227.12502252683507,0.2984658181667328,0.29891544580459595,0xFFFFFFFFFFFFFFFF0000000000000000FFFFFFFF00000000FFFFFFFF00000000,True,0.0408935546875,"[2, 6, 6, 2, 2, 6, 6, 2]",0.2839775085449219,conflict_enriched,"[2, 6, 6, 2, 2, 6, 6, 2]",0.0408935546875,0.0408935546875,mux3,0.3,0.87353515625,0.625,0.625,0.125,6413,0.9460752083722941,0.9595936366489956
34,0.75,0.4530916213989258,0.5058765411376953,1,98cc2a02e7d0e9e2,0.7596120834350586,0.0,"[8, 13, 33, 45, 46, 55, 57, 63, 64, 68, 81, 82, 83, 85, 117, 122, 150, 158, 160, 162, 166, 171, 175, 190, 194, 196, 199, 213, 216, 217, 244, 255]",6.0,-229.91369053291245,-231.51116223389198,-232.1894785407966,0.2984767556190491,0.2989310324192047,0x0000000000000000DDDFFFFFDDDDDDFF11FF001555FF00770000000000000000,False,0.0001220703125,"[2, 6, 6, 2, 2, 6, 6, 2]",0.5412635803222656,conflict_enriched,"[8, 8, 8, 8]",0.0,0.0,parity2,0.3,0.666748046875,0.5,0.5,0.75,8192,0.8632527008684925,0.7268845694405692
35,0.75,0.7382493019104004,0.7563023567199707,1,98cc2a02e7d0e9e2,0.937629222869873,5.049129761323404e-05,"[8, 13, 33, 45, 46, 55, 57, 63, 64, 68, 81, 82, 83, 85, 117, 122, 150, 158, 160, 162, 166, 171, 175, 190, 194, 196, 199, 213, 216, 217, 244, 255]",5.5,-223.10468302129522,-223.21399502514242,-223.57496718354838,0.2984708249568939,0.2989227771759033,0xFFFFFFFFFFFFFFFF2222000000000000FFFFFFFF00000000FFFFFFFF00000000,False,0.003662109375,"[2, 6, 6, 2, 2, 6, 6, 2]",0.3073849678039551,conflict_enriched,"[2, 6, 6, 2, 2, 6, 6, 2]",0.001953125,0.001953125,mux3,0.3,0.6195068359375,0.625,0.625,0.125,7714,0.9296982447261946,0.9306629725864956
36,0.75,0.49407148361206055,0.4924912452697754,2,ac77bde2e98598db,0.8875775337219238,8.047609418874375e-07,"[5, 31, 37, 40, 48, 49, 52, 60, 66, 69, 83, 88, 90, 94, 102, 120, 147, 158, 163, 168, 174, 184, 189, 191, 198, 208, 209, 214, 218, 223, 224, 238]",4.5,-248.0805115139395,-250.2699246056515,-251.00603727630207,0.2984813451766968,0.2989572286605835,0x0000000000000000FFFFFFFFFFFFFFFFFFFFFFFFFFFFFFFF0000000000000000,True,0.000732421875,"[2, 6, 6, 2, 2, 6, 6, 2]",0.5358090400695801,conflict_enriched,"[8, 8, 8, 8]",0.000732421875,0.000732421875,parity2,0.3,0.8494873046875,0.5,0.5,0.75,8177,0.8871419692174265,0.8722332545689174
37,0.75,0.7194428443908691,0.7267317771911621,2,ac77bde2e98598db,0.8252968788146973,5.961192162129166e-08,"[5, 31, 37, 40, 48, 49, 52, 60, 66, 69, 83, 88, 90, 94, 102, 120, 147, 158, 163, 168, 174, 184, 189, 191, 198, 208, 209, 214, 218, 223, 224, 238]",5.0,-206.83953450405966,-208.19477862179224,-208.33926755539625,0.2985471487045288,0.2989904284477234,0xFFFF77FF75FF51F71177107500510011FFFFF7FF1071001151F7117700100000,False,0.000244140625,"[2, 6, 6, 2, 2, 6, 6, 2]",0.39939260482788086,conflict_enriched,"[2, 6, 6, 2, 2, 6, 6, 2]",0.0,0.0,mux3,0.3,0.117919921875,0.625,0.625,0.125,8190,0.9142062429257318,0.8066460745675224
38,0.75,0.4489879608154297,0.4942626953125,3,6d403e216e3b7b94,0.8985834121704102,2.3934186530948604e-05,"[8, 15, 32, 40, 43, 50, 55, 59, 68, 69, 73, 77, 87, 89, 116, 120, 133, 156, 163, 164, 170, 186, 187, 189, 197, 202, 212, 214, 221, 222, 244, 248]",3.0,-254.20403676110746,-257.1315736569821,-262.50208196620457,0.29845553636550903,0.2989477217197418,0x0000000000000000FFFFFFFFFFFFFFFFFFFFFFFFFFFFFFFF0000000000000000,True,0.0032958984375,"[2, 6, 6, 2, 2, 6, 6, 2]",0.5453939437866211,conflict_enriched,"[8, 8, 8, 8]",0.0032958984375,0.0032958984375,parity2,0.3,0.9417724609375,0.5,0.5,0.75,7959,0.8951668905374917,0.884368896484375
39,0.75,0.7693848609924316,0.7053637504577637,3,6d403e216e3b7b94,0.9200167655944824,4.7987596905139785e-06,"[8, 15, 32, 40, 43, 50, 55, 59, 68, 69, 73, 77, 87, 89, 116, 120, 133, 156, 163, 164, 170, 186, 187, 189, 197, 202, 212, 214, 221, 222, 244, 248]",5.5,-218.02971390067344,-218.527814422767,-218.84801308025902,0.2985253930091858,0.29896533489227295,0xFFFFFFFFFFFFFFFF0000000000000000FFFFFFFF45450404FFFFFFFF00000000,False,0.0009765625,"[2, 6, 6, 2, 2, 6, 6, 2]",0.3277316093444824,conflict_enriched,"[2, 6, 6, 2, 2, 6, 6, 2]",0.000244140625,0.000244140625,mux3,0.3,0.5313720703125,0.625,0.625,0.125,8089,0.9264290403842227,0.9111104692731585
40,0.75,0.4419670104980469,0.47044944763183594,4,c07d550b631777b8,0.8782825469970703,2.0268053351239165e-06,"[18, 21, 32, 35, 42, 47, 50, 52, 65, 67, 74, 75, 78, 90, 105, 113, 128, 154, 166, 168, 170, 174, 183, 187, 192, 198, 200, 206, 207, 221, 247, 249]",3.0,-250.88352013319337,-253.56201723328485,-255.6758231170712,0.29848700761795044,0.29893016815185547,0x0000000000000000FFFFFFFFFFFFFFFFAF0AAF0AFFAFFFAF000000000A000A00,False,0.0009765625,"[2, 6, 6, 2, 2, 6, 6, 2]",0.5590381622314453,conflict_enriched,"[8, 8, 8, 8]",0.000244140625,0.000244140625,parity2,0.3,0.87109375,0.5,0.5,0.75,8154,0.8804934680882015,0.861487797328404
41,0.75,0.7479767799377441,0.749051570892334,4,c07d550b631777b8,0.9423413276672363,0.00010798699601696985,"[18, 21, 32, 35, 42, 47, 50, 52, 65, 67, 74, 75, 78, 90, 105, 113, 128, 154, 166, 168, 170, 174, 183, 187, 192, 198, 200, 206, 207, 221, 247, 249]",5.5,-224.0712549268867,-224.70235757211123,-225.28681964840527,0.2984415590763092,0.2989251911640167,0xFFFFFFFFFFFFFFFF0000000000000000FFFFFFFF00000000FFFFFFFF00000000,True,0.0064697265625,"[2, 6, 6, 2, 2, 6, 6, 2]",0.307253360748291,conflict_enriched,"[2, 6, 6, 2, 2, 6, 6, 2]",0.0064697265625,0.0064697265625,mux3,0.3,0.8377685546875,0.625,0.625,0.125,7453,0.9342163057185507,0.9348716735839844
42,0.75,0.5021357536315918,0.4898076057434082,5,5396d0ca2e9c4a5d,0.9335150718688965,0.00014885096828836527,"[26, 27, 32, 40, 48, 51, 55, 56, 66, 79, 80, 85, 89, 95, 104, 120, 128, 133, 161, 165, 181, 184, 185, 190, 203, 205, 209, 214, 219, 220, 241, 253]",1.5,-252.32382549623,-254.1762546533221,-255.8926394320015,0.2984520196914673,0.29892945289611816,0x0000000000000000FFFFFFFFFFFFFFFFFFFFFFFFFFFFFFFF0000000000000000,True,0.010498046875,"[2, 6, 6, 2, 2, 6, 6, 2]",0.5390181541442871,conflict_enriched,"[8, 8, 8, 8]",0.010498046875,0.010498046875,parity2,0.3,0.9591064453125,0.5,0.5,0.75,7779,0.9043635418197267,0.924203600202288
43,0.75,0.7493834495544434,0.7504172325134277,5,5396d0ca2e9c4a5d,0.9923110008239746,0.1987441496860121,"[26, 27, 32, 40, 48, 51, 55, 56, 66, 79, 80, 85, 89, 95, 104, 120, 128, 133, 161, 165, 181, 184, 185, 190, 203, 205, 209, 214, 219, 220, 241, 253]",5.0,-232.03365409098188,-232.3880170308558,-233.11559772176432,0.29843416810035706,0.2989160418510437,0xFFFFFFFFFFFFFFFF0000000000000000FFFFFFFF00000000FFFFFFFF00000000,True,0.44287109375,"[2, 6, 6, 2, 2, 6, 6, 2]",0.25757455825805664,conflict_enriched,"[2, 6, 6, 2, 2, 6, 6, 2]",0.44287109375,0.44287109375,mux3,0.3,0.944580078125,0.625,0.625,0.125,1723,0.9847232750184423,0.9914725167410714
44,0.75,0.46987056732177734,0.4743471145629883,6,115d70ccbbe53f44,0.9631071090698242,0.00644506212992919,"[11, 22, 35, 43, 51, 53, 54, 59, 66, 67, 76, 78, 85, 91, 97, 124, 140, 147, 166, 172, 175, 179, 187, 188, 193, 202, 211, 216, 222, 223, 228, 249]",2.0,-256.8868774921208,-258.8355568017595,-261.3712768866332,0.2984824478626251,0.29896342754364014,0x0000000000000000FFFFFFFFFFFFFFFFFFFFFFFFFFFFFFFF0000000000000000,True,0.0780029296875,"[2, 6, 6, 2, 2, 6, 6, 2]",0.5274648666381836,conflict_enriched,"[8, 8, 8, 8]",0.0780029296875,0.0780029296875,parity2,0.3,0.934814453125,0.5,0.5,0.75,5891,0.944682893653884,0.9581358773367745
45,0.75,0.7497067451477051,0.744727611541748,6,115d70ccbbe53f44,0.9569706916809082,0.0009769201715297277,"[11, 22, 35, 43, 51, 53, 54, 59, 66, 67, 76, 78, 85, 91, 97, 124, 140, 147, 166, 172, 175, 179, 187, 188, 193, 202, 211, 216, 222, 223, 228, 249]",5.0,-227.2512771911007,-227.43058036120647,-227.4718415688166,0.2984347343444824,0.29893070459365845,0xFFFFFFFFFFFFFFFF0000000000000000FFFFFFFF00000000FFFFFFFF00000000,True,0.0274658203125,"[2, 6, 6, 2, 2, 6, 6, 2]",0.29288530349731445,conflict_enriched,"[2, 6, 6, 2, 2, 6, 6, 2]",0.0274658203125,0.0274658203125,mux3,0.3,0.8427734375,0.625,0.625,0.125,6857,0.9423732013477435,0.9515811375209263
46,0.75,0.46668529510498047,0.4252166748046875,7,7f4875de86af6e6e,0.8370523452758789,0.0,"[8, 30, 35, 36, 42, 56, 60, 63, 69, 75, 78, 79, 81, 89, 114, 123, 141, 156, 161, 163, 179, 182, 183, 189, 200, 201, 205, 209, 212, 216, 243, 251]",3.5,-244.80193065817627,-249.53590592733516,-253.7063105461707,0.2985144555568695,0.2989669442176819,0x0000000000000000FFFFFFFFFAFFFEFFCCCCCC8CEEEEEEEE0000000000000000,False,0.0001220703125,"[2, 6, 6, 2, 2, 6, 6, 2]",0.5579185485839844,conflict_enriched,"[8, 8, 8, 8]",0.0,0.0,parity2,0.3,0.7945556640625,0.5,0.5,0.75,8192,0.864528088686446,0.8148117065429688
47,0.75,0.7196893692016602,0.7790193557739258,7,7f4875de86af6e6e,0.8968744277954102,1.9969993743132706e-06,"[8, 30, 35, 36, 42, 56, 60, 63, 69, 75, 78, 79, 81, 89, 114, 123, 141, 156, 161, 163, 179, 182, 183, 189, 200, 201, 205, 209, 212, 216, 243, 251]",4.5,-216.39177644210417,-216.89333065228553,-217.33839317561547,0.29850447177886963,0.29895827174186707,0xFFFFFFFF7F177F171701170100000000FFFFFFFF01010101FF7FFF7F00000000,False,0.0008544921875,"[2, 6, 6, 2, 2, 6, 6, 2]",0.35190486907958984,conflict_enriched,"[2, 6, 6, 2, 2, 6, 6, 2]",0.0,0.0,mux3,0.3,0.4989013671875,0.625,0.625,0.125,8148,0.9235299093307824,0.8850827898297992
0,0.375,0.4596123695373535,0.4461846351623535,0,b1674c8027723817,0.8123440742492676,2.1490097744475643e-05,"[1, 12, 25, 26, 27, 31, 34, 35, 36, 51, 52, 62, 80, 84, 98, 110, 120, 124, 134, 137, 138, 140, 149, 156, 161, 212, 213, 222, 225, 235, 242, 249]",4.0,-300.7570237310988,-301.4517397073911,-301.7407097988836,0.19883131980895996,0.1991804540157318,0x00000000000011110000FFFFFFFFFFFF55555555555555550000000000000000,False,0.00244140625,"[6, 6, 2, 4, 6, 1, 3, 4]",0.438657283782959,uniform_random,"[12, 6, 7, 7]",0.0,0.0,parity2,0.2,0.99853515625,0.5625,0.4375,0.375,7947,0.9119578759579909,0.7855426243373326
1,0.375,0.6417169570922852,0.8579387664794922,0,b1674c8027723817,0.7569875717163086,0.00015689857770723965,"[1, 12, 25, 26, 27, 31, 34, 35, 36, 51, 52, 62, 80, 84, 98, 110, 120, 124, 134, 137, 138, 140, 149, 156, 161, 212, 213, 222, 225, 235, 242, 249]",12.0,-165.16140091425876,-165.18290405816262,-165.22285307753708,0.19877669215202332,0.19916808605194092,0xFFFFFFFFC0FCC0FCFCFFFCFF00000000FFFFFFFFC0FCC0FCFCFFFCFF00000000,False,0.0091552734375,"[6, 6, 2, 4, 6, 1, 3, 4]",0.4927072525024414,uniform_random,"[6, 6, 2, 4, 6, 1, 3, 4]",0.0,0.0,mux3,0.2,0.0006103515625,0.75,0.875,0.3125,7250,0.9350170444581969,0.7309848240443638
2,0.4375,0.47356271743774414,0.4786953926086426,1,58ad15a270c226c7,0.912020206451416,0.00010134026675619583,"[4, 16, 18, 22, 37, 40, 48, 68, 87, 93, 94, 97, 106, 114, 115, 118, 130, 131, 136, 139, 152, 171, 173, 178, 188, 200, 213, 216, 226, 229, 238, 242]",2.0,-323.1897230883524,-328.19688458667474,-333.3719113247932,0.19883593916893005,0.19918213784694672,0x0000000000000000FFFFFFFFFFFFFFFFFFFFFFFFFFFFFFFF0000000000000000,True,0.007568359375,"[4, 3, 4, 5, 5, 4, 3, 4]",0.504636287689209,uniform_random,"[7, 9, 9, 7]",0.007568359375,0.007568359375,parity2,0.2,0.9964599609375,0.5,0.5,0.4375,7742,0.9141477091928546,0.8994674682617188
3,0.4375,0.7748003005981445,0.7225961685180664,1,58ad15a270c226c7,0.7501449584960938,0.0009016899264436577,"[4, 16, 18, 22, 37, 40, 48, 68, 87, 93, 94, 97, 106, 114, 115, 118, 130, 131, 136, 139, 152, 171, 173, 178, 188, 200, 213, 216, 226, 229, 238, 242]",10.5,-183.56972374907244,-184.01009640125756,-184.27666513775034,0.19892334938049316,0.19925126433372498,0xFFFFFFFF033F033F0303033F00000000FFFFFFFF033F033F0303033F00000000,False,0.019775390625,"[4, 3, 4, 5, 5, 4, 3, 4]",0.4987049102783203,uniform_random,"[4, 3, 4, 5, 5, 4, 3, 4]",0.0,0.0,mux3,0.2,0.0062255859375,0.78125,0.78125,0.28125,5704,0.9546146492655574,0.7204851422991071
4,0.46875,0.6077713966369629,0.46039247512817383,2,ce3fbc86d8d7ac0f,0.8621077537536621,2.086417256745208e-06,"[17, 24, 35, 40, 46, 55, 56, 66, 79, 81, 85, 97, 98, 101, 103, 111, 121, 123, 128, 131, 134, 137, 145, 146, 147, 178, 201, 202, 214, 215, 217, 249]",2.0,-310.27544278969106,-312.5117661947609,-317.30822590112575,0.19883783161640167,0.1991860568523407,0x000000000000000F000F0FFF0FFFFFFFFFFFFFFFFFFFFFFF000000000000000F,False,0.00048828125,"[2, 5, 4, 7, 7, 1, 5, 1]",0.47316408157348633,uniform_random,"[7, 11, 8, 6]",0.0001220703125,0.0001220703125,parity2,0.2,0.9844970703125,0.5625,0.46875,0.46875,8131,0.9012318071446155,0.8424780709402901
5,0.46875,0.6445965766906738,0.8476948738098145,2,ce3fbc86d8d7ac0f,0.8115267753601074,0.00012986457125198388,"[17, 24, 35, 40, 46, 55, 56, 66, 79, 81, 85, 97, 98, 101, 103, 111, 121, 123, 128, 131, 134, 137, 145, 146, 147, 178, 201, 202, 214, 215, 217, 249]",8.0,-210.05616722310984,-210.67127411500618,-211.7467109126691,0.19888150691986084,0.19922059774398804,0xFFFFFFFFFFF0FFF0FFFFFFFF00000000FFFFFFFFFF00FF00FFFFFFFF00000000,False,0.0059814453125,"[2, 5, 4, 7, 7, 1, 5, 1]",0.43077898025512695,uniform_random,"[2, 5, 4, 7, 7, 1, 5, 1]",0.0,0.0,mux3,0.2,0.05859375,0.71875,0.8125,0.25,7064,0.9447370246047543,0.7906744820731026
6,0.53125,0.5665831565856934,0.5842766761779785,3,c6350c79ea7d662f,0.8438506126403809,5.603520632401416e-06,"[15, 16, 30, 40, 45, 63, 64, 66, 77, 86, 101, 105, 106, 110, 113, 124, 126, 130, 144, 161, 164, 174, 188, 190, 207, 209, 210, 219, 220, 231, 235, 252]",3.0,-310.17867171344375,-311.17132477994375,-311.7919531153588,0.19886404275894165,0.19921021163463593,0x005500550000000055FF55FF00550055FFFFFFFFFFFFFFFF0055005500000000,False,0.0020751953125,"[3, 3, 4, 7, 2, 5, 5, 3]",0.5310511589050293,uniform_random,"[6, 11, 7, 8]",0.0,0.0,parity2,0.2,0.975341796875,0.53125,0.625,0.53125,8135,0.905851043737378,0.8216541835239956
7,0.53125,0.7750759124755859,0.6850347518920898,3,c6350c79ea7d662f,0.7806463241577148,5.233926718349408e-05,"[15, 16, 30, 40, 45, 63, 64, 66, 77, 86, 101, 105, 106, 110, 113, 124, 126, 130, 144, 161, 164, 174, 188, 190, 207, 209, 210, 219, 220, 231, 235, 252]",3.0,-234.8195067817757,-235.57613889600555,-237.31449850596815,0.19891789555549622,0.19924220442771912,0xFFFFFFFFFFAFAF0AAF0A0A000A000000FFFFFFFFFFAFAF0AFFAFAF0A0A000000,False,0.0054931640625,"[3, 3, 4, 7, 2, 5, 5, 3]",0.4467325210571289,uniform_random,"[3, 3, 4, 7, 2, 5, 5, 3]",0.0,0.0,mux3,0.2,0.2532958984375,0.78125,0.6875,0.15625,7843,0.9329528888460397,0.7528888157435826
8,0.5,0.40763139724731445,0.5881199836730957,4,999d074f63d85a28,0.8946089744567871,5.365072945916249e-06,"[3, 7, 10, 28, 69, 70, 73, 84, 110, 119, 130, 138, 142, 143, 145, 155, 156, 166, 176, 179, 181, 186, 190, 197, 202, 204, 210, 219, 221, 248, 249, 252]",3.5,-313.0430915574752,-315.0627368407119,-315.9894260762031,0.1988511085510254,0.19918149709701538,0x0000000000000000FFFFFFFFFFFFFFFFFFFFFFFFFFFFFFFF0000000000000000,True,0.0013427734375,"[4, 0, 4, 2, 7, 6, 6, 3]",0.42486047744750977,uniform_random,"[4, 6, 13, 9]",0.0013427734375,0.0013427734375,parity2,0.2,0.8900146484375,0.3125,0.5625,0.5,8098,0.9071947148759864,0.8800452096121651
9,0.5,0.8922276496887207,0.5930609703063965,4,999d074f63d85a28,0.8429713249206543,0.008474013494231474,"[3, 7, 10, 28, 69, 70, 73, 84, 110, 119, 130, 138, 142, 143, 145, 155, 156, 166, 176, 179, 181, 186, 190, 197, 202, 204, 210, 219, 221, 248, 249, 252]",12.0,-170.79981344318745,-171.00426107031674,-171.15175450192268,0.19857676327228546,0.19901229441165924,0xFFFFFFFFFFFFFFFF0000000000000000FFFFFFFF000000000000000000000000,False,0.087890625,"[4, 0, 4, 2, 7, 6, 6, 3]",0.4070286750793457,uniform_random,"[4, 0, 4, 2, 7, 6, 6, 3]",0.0,0.0,mux3,0.2,0.5098876953125,0.875,0.625,0.3125,4881,0.954467669078415,0.8230024065290179
10,0.5,0.5559496879577637,0.6004891395568848,5,60086b80022888b1,0.8473992347717285,2.6825364729581247e-07,"[1, 7, 12, 18, 42, 43, 55, 82, 84, 93, 100, 104, 111, 112, 115, 118, 155, 167, 177, 178, 184, 199, 200, 202, 204, 214, 219, 228, 229, 238, 251, 255]",1.5,-300.36202487308987,-301.5613435485282,-302.00562726961147,0.19885069131851196,0.19920650124549866,0x0303000000000000FFFF0BBF2FFF0002FFFFFFFFFFFF7F37133F000000030000,False,0.000244140625,"[4, 3, 3, 6, 1, 4, 6, 5]",0.5171799659729004,uniform_random,"[7, 9, 5, 11]",0.0,0.0,parity2,0.2,0.7132568359375,0.5,0.625,0.5,8183,0.9032662470397801,0.8269380841936383
11,0.5,0.8198928833007812,0.676823616027832,5,60086b80022888b1,0.7735443115234375,0.00012360531948174826,"[1, 7, 12, 18, 42, 43, 55, 82, 84, 93, 100, 104, 111, 112, 115, 118, 155, 167, 177, 178, 184, 199, 200, 202, 204, 214, 219, 228, 229, 238, 251, 255]",8.0,-209.5060311853151,-210.911384520613,-211.87654309044535,0.1990090161561966,0.19930365681648254,0xFFFFFFFFCCCCFFFFCC00FFCC00000000FFFFFFFFCCCCFFFFCC00FFCC00000000,False,0.007568359375,"[4, 3, 3, 6, 1, 4, 6, 5]",0.47428131103515625,uniform_random,"[4, 3, 3, 6, 1, 4, 6, 5]",0.0,0.0,mux3,0.2,0.003173828125,0.8125,0.6875,0.1875,7400,0.946204403854563,0.7509536743164062
12,0.53125,0.5945453643798828,0.48444461822509766,6,651a6b4b9f13fb6f,0.8758258819580078,2.2831365980954705e-05,"[7, 17, 21, 22, 30, 46, 48, 58, 68, 69, 70, 71, 82, 86, 88, 99, 105, 134, 136, 140, 141, 149, 154, 169, 175, 183, 193, 197, 201, 204, 227, 237]",3.0,-335.25798832062634,-336.02112555605424,-336.6213084423195,0.19887632131576538,0.19921202957630157,0xFFFCC000FFFCC000FFFFFFFFFFFFFFFFFFFFFFFFFFFFFFFF0000000000000000,False,0.002197265625,"[5, 3, 7, 2, 6, 3, 4, 2]",0.505824089050293,uniform_random,"[8, 9, 9, 6]",0.0,0.0,parity2,0.2,0.9954833984375,0.53125,0.4375,0.53125,7833,0.9243999749819326,0.8581068856375558
13,0.53125,0.6820321083068848,0.7983403205871582,6,651a6b4b9f13fb6f,0.8071770668029785,8.345669026980833e-07,"[7, 17, 21, 22, 30, 46, 48, 58, 68, 69, 70, 71, 82, 86, 88, 99, 105, 134, 136, 140, 141, 149, 154, 169, 175, 183, 193, 197, 201, 204, 227, 237]",7.5,-228.86767397781736,-230.10770510097294,-230.60283363307323,0.19888976216316223,0.1992310881614685,0xFFFFFFFF03033F3F0505575F000000007F7FFFFF0000010105055F5F00000000,False,0.00048828125,"[5, 3, 7, 2, 6, 3, 4, 2]",0.4379096031188965,uniform_random,"[5, 3, 7, 2, 6, 3, 4, 2]",0.0,0.0,mux3,0.2,0.3448486328125,0.6875,0.78125,0.25,8167,0.9178385029402171,0.7828222002301898
14,0.5625,0.5749635696411133,0.38370609283447266,7,f12319a0b53a94f6,0.8176422119140625,4.4708941215968747e-07,"[6, 27, 43, 53, 56, 57, 58, 62, 68, 70, 79, 83, 87, 89, 113, 114, 130, 133, 142, 144, 162, 196, 211, 212, 220, 222, 226, 229, 231, 242, 243, 250]",4.5,-298.16901643004053,-298.64221716319975,-298.817078537104,0.19885164499282837,0.19920283555984497,0x00000000000000070000000F000FFFFF0FFF0FFFFFFFFFFF000000000003033F,False,0.000244140625,"[2, 6, 6, 2, 4, 1, 5, 6]",0.4862651824951172,uniform_random,"[8, 8, 5, 11]",0.0,0.0,parity2,0.2,0.98193359375,0.5,0.3125,0.5625,8177,0.9009889571646251,0.791672842843192
15,0.5625,0.6078896522521973,0.8659157752990723,7,f12319a0b53a94f6,0.8082795143127441,0.000318536303183372,"[6, 27, 43, 53, 56, 57, 58, 62, 68, 70, 79, 83, 87, 89, 113, 114, 130, 133, 142, 144, 162, 196, 211, 212, 220, 222, 226, 229, 231, 242, 243, 250]",10.0,-205.1992592076738,-205.36771477798356,-205.8831795818949,0.1989336758852005,0.1992785483598709,0xFFFFFFFFFFFFFF33FFFFFFFF33000000FFFFFFFF33000000FFFFFF3300000000,False,0.012939453125,"[2, 6, 6, 2, 4, 1, 5, 6]",0.41553640365600586,uniform_random,"[2, 6, 6, 2, 4, 1, 5, 6]",0.0,0.0,mux3,0.2,0.01513671875,0.625,0.8125,0.3125,6651,0.9573242988296244,0.787276131766183
16,0.5,0.5057716369628906,0.49444580078125,0,6293e349a9faad3b,0.9126148223876953,3.764492850384568e-05,"[8, 21, 23, 31, 36, 40, 48, 51, 64, 73, 79, 80, 101, 103, 104, 110, 128, 131, 136, 146, 160, 170, 180, 185, 198, 209, 210, 220, 230, 244, 250, 253]",2.5,-318.38514277588496,-319.976544664286,-328.9174481810064,0.19886192679405212,0.19922029972076416,0x0000000000000000FFFFFFFFFFFFFFFFFFFFFFFFFFFFFFFF0000000000000000,True,0.0057373046875,"[4, 4, 4, 4, 4, 4, 4, 4]",0.5134830474853516,cell_balanced,"[8, 8, 8, 8]",0.0057373046875,0.0057373046875,parity2,0.2,0.9671630859375,0.5,0.5,0.5,8046,0.8940964815330252,0.9002783639090401
17,0.5,0.7415690422058105,0.7584290504455566,0,6293e349a9faad3b,0.9521012306213379,0.00031194918584421925,"[8, 21, 23, 31, 36, 40, 48, 51, 64, 73, 79, 80, 101, 103, 104, 110, 128, 131, 136, 146, 160, 170, 180, 185, 198, 209, 210, 220, 230, 244, 250, 253]",3.0,-262.87001935737,-264.5573569186171,-265.15113998725167,0.1989031434059143,0.19926242530345917,0xFFFFFFFFFFFFFFFF0000000000000000FFFFFFFF00000000FFFFFFFF00000000,True,0.01513671875,"[4, 4, 4, 4, 4, 4, 4, 4]",0.2978968620300293,cell_balanced,"[4, 4, 4, 4, 4, 4, 4, 4]",0.01513671875,0.01513671875,mux3,0.2,0.7930908203125,0.75,0.75,0.25,7268,0.9445234734378611,0.9462405613490513
18,0.5,0.5666308403015137,0.48777151107788086,1,c9b4a81f93ef801a,0.909538745880127,3.3770153598461726e-05,"[0, 4, 7, 21, 33, 41, 42, 50, 65, 75, 81, 90, 101, 106, 110, 122, 135, 145, 148, 154, 167, 176, 178, 181, 205, 213, 220, 222, 224, 232, 236, 239]",1.5,-316.93337903629435,-322.06075038927355,-328.0006601259987,0.1988147795200348,0.19917689263820648,0x0000000000000000FFFFCCFFFFFFCCFFFFFFFFFFFFFFFFFF0000000000000000,False,0.0037841796875,"[4, 4, 4, 4, 4, 4, 4, 4]",0.4926333427429199,cell_balanced,"[8, 8, 8, 8]",0.001953125,0.001953125,parity2,0.2,0.99462890625,0.5,0.5,0.5,7913,0.9143891604416401,0.8966396876743862
19,0.5,0.6838526725769043,0.7941403388977051,1,c9b4a81f93ef801a,0.7935891151428223,1.4902980405322915e-07,"[0, 4, 7, 21, 33, 41, 42, 50, 65, 75, 81, 90, 101, 106, 110, 122, 135, 145, 148, 154, 167, 176, 178, 181, 205, 213, 220, 222, 224, 232, 236, 239]",6.5,-220.1385697185403,-220.5240367896899,-220.7987225586701,0.19888564944267273,0.19922514259815216,0xFFF7FFFFF110F7707110F75100001000FFFFFFFF7110F771FF75FFF700001000,False,0.000244140625,"[4, 4, 4, 4, 4, 4, 4, 4]",0.44156408309936523,cell_balanced,"[4, 4, 4, 4, 4, 4, 4, 4]",0.0,0.0,mux3,0.2,0.1744384765625,0.75,0.75,0.25,8187,0.9253368480181077,0.7690685817173549
20,0.5,0.5903525352478027,0.5413565635681152,2,92402e067f850060,0.8730015754699707,2.0566112959345622e-05,"[1, 8, 20, 30, 40, 44, 55, 59, 66, 70, 84, 88, 98, 105, 118, 120, 132, 150, 152, 158, 173, 175, 176, 189, 193, 200, 211, 212, 226, 229, 233, 240]",4.5,-339.38370094304696,-339.657182820652,-340.19215846274045,0.19888997077941895,0.1992454081773758,0xFDD4D440D4404000FFFFFFFDFFFDFDD4FFFFFFFDFFFDFDD40000000000000000,False,0.0018310546875,"[4, 4, 4, 4, 4, 4, 4, 4]",0.5234808921813965,cell_balanced,"[8, 8, 8, 8]",0.0009765625,0.0009765625,parity2,0.2,0.9979248046875,0.5,0.5,0.5,7806,0.9350123413775986,0.8548682076590401
21,0.5,0.7579278945922852,0.742070198059082,2,92402e067f850060,0.9373111724853516,6.637787472530826e-05,"[1, 8, 20, 30, 40, 44, 55, 59, 66, 70, 84, 88, 98, 105, 118, 120, 132, 150, 152, 158, 173, 175, 176, 189, 193, 200, 211, 212, 226, 229, 233, 240]",6.0,-256.42483223048634,-256.9146613561635,-258.92969609779897,0.19889073073863983,0.1992458701133728,0xFFFFFFFFFFFFFFFF0000000000000000FFFFFFFFAAAAAAAAFFFFFFFF00000000,False,0.0054931640625,"[4, 4, 4, 4, 4, 4, 4, 4]",0.3126869201660156,cell_balanced,"[4, 4, 4, 4, 4, 4, 4, 4]",0.000732421875,0.000732421875,mux3,0.2,0.828369140625,0.75,0.75,0.25,7652,0.9306087756125309,0.9291436331612724
22,0.5,0.4764270782470703,0.5271778106689453,3,369096b35ac51fa1,0.7731637954711914,1.4902980405322915e-07,"[15, 16, 24, 26, 34, 46, 54, 56, 69, 71, 73, 74, 112, 115, 117, 125, 129, 139, 152, 159, 160, 164, 173, 187, 192, 194, 215, 220, 232, 244, 252, 255]",2.0,-302.3925683357373,-305.77915903648307,-306.85346322731766,0.1988758146762848,0.19922684133052826,0x22222A2A0202222ABBBBBBBBBBBBBBBBAFAFBFFFABAFAFBF222A2A2A22222A2A,False,0.000244140625,"[4, 4, 4, 4, 4, 4, 4, 4]",0.49642086029052734,cell_balanced,"[8, 8, 8, 8]",0.0,0.0,parity2,0.2,0.85888671875,0.5,0.5,0.5,8187,0.8911708198444602,0.7413891383579799
23,0.5,0.7641863822937012,0.7050490379333496,3,369096b35ac51fa1,0.7450547218322754,5.0670133378097915e-05,"[15, 16, 24, 26, 34, 46, 54, 56, 69, 71, 73, 74, 112, 115, 117, 125, 129, 139, 152, 159, 160, 164, 173, 187, 192, 194, 215, 220, 232, 244, 252, 255]",9.5,-205.3214133653671,-205.50701438850678,-205.78729084932934,0.19890649616718292,0.199242502450943,0xFFFFFDFFD5FD545555D5404400400000FFFFFDFFD5FD545555D5405400400000,False,0.0037841796875,"[4, 4, 4, 4, 4, 4, 4, 4]",0.48918581008911133,cell_balanced,"[4, 4, 4, 4, 4, 4, 4, 4]",0.0,0.0,mux3,0.2,0.2950439453125,0.75,0.75,0.25,7604,0.9488231907320818,0.7125146048409599
24,0.5,0.4941864013671875,0.5029582977294922,4,7b2268760b066630,0.8112401962280273,2.3844768648516665e-07,"[0, 16, 17, 23, 33, 39, 51, 63, 69, 70, 78, 79, 100, 103, 106, 126, 130, 145, 146, 154, 163, 166, 183, 191, 207, 216, 220, 222, 233, 234, 237, 253]",1.0,-299.9704101983017,-301.4715034133456,-303.01824231354345,0.19878771901130676,0.1991465985774994,0x00CC00CC00CC00CCCCFFCCFFCCFFCCFFD4FDFDFFD4FDFDFF0000004000000040,False,0.0003662109375,"[4, 4, 4, 4, 4, 4, 4, 4]",0.503453254699707,cell_balanced,"[8, 8, 8, 8]",0.0,0.0,parity2,0.2,0.9959716796875,0.5,0.5,0.5,8185,0.8749918168633853,0.784292493547712
25,0.5,0.6928625106811523,0.8047819137573242,4,7b2268760b066630,0.8395261764526367,3.3084616499816873e-06,"[0, 16, 17, 23, 33, 39, 51, 63, 69, 70, 78, 79, 100, 103, 106, 126, 130, 145, 146, 154, 163, 166, 183, 191, 207, 216, 220, 222, 233, 234, 237, 253]",6.0,-238.55738098541116,-239.59028659250723,-240.3522573680859,0.19891490042209625,0.1992325484752655,0xFFFFFFFFFF03FF003F003F0000000000FFFFFFFFFF033F00FFFFFFFF00000000,False,0.0006103515625,"[4, 4, 4, 4, 4, 4, 4, 4]",0.40941333770751953,cell_balanced,"[4, 4, 4, 4, 4, 4, 4, 4]",0.0,0.0,mux3,0.2,0.4993896484375,0.75,0.75,0.25,8101,0.9257692449781215,0.8191043308803013
26,0.5,0.4645366668701172,0.5060272216796875,5,a1c7eb317b0df480,0.9509334564208984,0.0009548339545690391,"[12, 15, 16, 22, 35, 39, 40, 63, 65, 69, 75, 85, 97, 101, 117, 124, 130, 134, 143, 148, 161, 164, 178, 185, 193, 202, 217, 221, 226, 249, 250, 254]",1.5,-320.72395245768894,-323.00752746183775,-330.5934367606335,0.19883817434310913,0.19918617606163025,0x0000000000000000FFFFFFFFFFFFFFFFFFFFFFFFFFFFFFFF0000000000000000,True,0.021240234375,"[4, 4, 4, 4, 4, 4, 4, 4]",0.4989166259765625,cell_balanced,"[8, 8, 8, 8]",0.021240234375,0.021240234375,parity2,0.2,0.94970703125,0.5,0.5,0.5,6129,0.9441664945522683,0.9441495622907367
27,0.5,0.746251106262207,0.7537164688110352,5,a1c7eb317b0df480,0.9096546173095703,8.643728635087291e-07,"[12, 15, 16, 22, 35, 39, 40, 63, 65, 69, 75, 85, 97, 101, 117, 124, 130, 134, 143, 148, 161, 164, 178, 185, 193, 202, 217, 221, 226, 249, 250, 254]",3.5,-252.15441441828403,-253.66159443110365,-254.93449248981403,0.1988135576248169,0.19915904104709625,0xFFFFFFFFFF0EFF0F0800CF0000000000FFFFFFFF07000700FF8EFFEF00000000,False,0.00048828125,"[4, 4, 4, 4, 4, 4, 4, 4]",0.34032630920410156,cell_balanced,"[4, 4, 4, 4, 4, 4, 4, 4]",0.0001220703125,0.0001220703125,mux3,0.2,0.8802490234375,0.75,0.75,0.25,8168,0.9102846883464586,0.8972996303013393
28,0.5,0.4991326332092285,0.500175952911377,6,381f0eb2f9087f35,0.9990086555480957,0.7977548421571694,"[2, 12, 23, 24, 43, 55, 56, 60, 65, 71, 92, 93, 96, 99, 119, 126, 129, 142, 143, 152, 172, 177, 182, 184, 197, 202, 207, 217, 224, 241, 252, 255]",1.5,-339.3207451591548,-340.9012868336552,-349.95929219069706,0.1988244652748108,0.19918414950370789,0x0000000000000000FFFFFFFFFFFFFFFFFFFFFFFFFFFFFFFF0000000000000000,True,0.89306640625,"[4, 4, 4, 4, 4, 4, 4, 4]",0.49976491928100586,cell_balanced,"[8, 8, 8, 8]",0.89306640625,0.89306640625,parity2,0.2,1.0,0.5,0.5,0.5,296,0.9977775162151015,0.9988670349121094
29,0.5,0.7505426406860352,0.7494401931762695,6,381f0eb2f9087f35,0.9439535140991211,8.491718234952997e-05,"[2, 12, 23, 24, 43, 55, 56, 60, 65, 71, 92, 93, 96, 99, 119, 126, 129, 142, 143, 152, 172, 177, 182, 184, 197, 202, 207, 217, 224, 241, 252, 255]",3.0,-261.0312952744783,-261.3976452634086,-261.9627307075265,0.19886934757232666,0.1992204189300537,0xFFFFFFFFFFFFFFFF0000000000000000FFFFFFFF00000000FFFFFFFF00000000,True,0.0068359375,"[4, 4, 4, 4, 4, 4, 4, 4]",0.3060464859008789,cell_balanced,"[4, 4, 4, 4, 4, 4, 4, 4]",0.0068359375,0.0068359375,mux3,0.2,0.8787841796875,0.75,0.75,0.25,7660,0.9320534093738209,0.9364891052246094
30,0.5,0.5537214279174805,0.48055171966552734,7,99ec5727040b68b9,0.9392166137695312,0.00033919183402514953,"[13, 25, 26, 28, 33, 36, 42, 53, 68, 69, 86, 93, 97, 121, 123, 127, 129, 135, 147, 150, 162, 163, 170, 177, 199, 207, 214, 219, 227, 241, 243, 255]",4.5,-326.7384075136304,-326.86995498153146,-326.9659957170174,0.19878874719142914,0.1991634964942932,0x0000000000000000FFFFFFFFFFFFFFFFFFFFFFFFFFFFFFFF0000000000000000,True,0.0057373046875,"[4, 4, 4, 4, 4, 4, 4, 4]",0.4865264892578125,cell_balanced,"[8, 8, 8, 8]",0.0057373046875,0.0057373046875,parity2,0.2,0.99951171875,0.5,0.5,0.5,5804,0.9488288772373223,0.9305354527064732
31,0.5,0.7388558387756348,0.7610821723937988,7,99ec5727040b68b9,0.9119381904602051,4.828565651324624e-06,"[13, 25, 26, 28, 33, 36, 42, 53, 68, 69, 86, 93, 97, 121, 123, 127, 129, 135, 147, 150, 162, 163, 170, 177, 199, 207, 214, 219, 227, 241, 243, 255]",6.5,-252.96128137425043,-253.45028753344712,-253.93701731730997,0.19882184267044067,0.19918613135814667,0xFFFFFFFFFFFFFFFF0000000000000000FFFFFFFF0C0C0C0CFFFFFFFF00000000,False,0.001220703125,"[4, 4, 4, 4, 4, 4, 4, 4]",0.3380599021911621,cell_balanced,"[4, 4, 4, 4, 4, 4, 4, 4]",0.0003662109375,0.0003662109375,mux3,0.2,0.9786376953125,0.75,0.75,0.25,8090,0.9127107016314299,0.8994532993861607
32,0.75,0.4797701835632324,0.4821438789367676,0,0a1fd335b9818c8b,0.9666142463684082,0.007370417989256501,"[17, 19, 34, 37, 47, 54, 58, 59, 69, 72, 83, 87, 88, 90, 102, 116, 134, 144, 162, 168, 176, 180, 183, 187, 193, 197, 198, 208, 218, 223, 226, 231]",2.5,-327.6286226663889,-328.6069447682876,-329.63096461127026,0.19882827997207642,0.1991877257823944,0x0000000000000000FFFFFFFFFFFFFFFFFFFFFFFFFFFFFFFF0000000000000000,True,0.0821533203125,"[2, 6, 6, 2, 2, 6, 6, 2]",0.528892993927002,conflict_enriched,"[8, 8, 8, 8]",0.0821533203125,0.0821533203125,parity2,0.2,0.999755859375,0.5,0.5,0.75,5429,0.9489104716657502,0.961845942905971
33,0.75,0.7481026649475098,0.7396655082702637,0,0a1fd335b9818c8b,0.9869894981384277,0.0782411836352399,"[17, 19, 34, 37, 47, 54, 58, 59, 69, 72, 83, 87, 88, 90, 102, 116, 134, 144, 162, 168, 176, 180, 183, 187, 193, 197, 198, 208, 218, 223, 226, 231]",4.0,-298.70155472886404,-299.71374430951255,-300.1588451433068,0.19879230856895447,0.19915363192558289,0xFFFFFFFFFFFFFFFF0000000000000000FFFFFFFF00000000FFFFFFFF00000000,True,0.269775390625,"[2, 6, 6, 2, 2, 6, 6, 2]",0.26271963119506836,conflict_enriched,"[2, 6, 6, 2, 2, 6, 6, 2]",0.269775390625,0.269775390625,mux3,0.2,0.9996337890625,0.625,0.625,0.125,2301,0.9773678454478244,0.9851324898856026
34,0.75,0.44884204864501953,0.49739646911621094,1,98cc2a02e7d0e9e2,0.8397636413574219,1.4902980405322915e-07,"[8, 13, 33, 45, 46, 55, 57, 63, 64, 68, 81, 82, 83, 85, 117, 122, 150, 158, 160, 162, 166, 171, 175, 190, 194, 196, 199, 213, 216, 217, 244, 255]",5.0,-303.5388301255001,-305.09309461373226,-305.8245681082412,0.1988140195608139,0.19917303323745728,0x0000000000040000DDFFDDFFDDDDDDDD55FF005DDFFF04FF00550044045D0045,False,0.000244140625,"[2, 6, 6, 2, 2, 6, 6, 2]",0.5359048843383789,conflict_enriched,"[8, 8, 8, 8]",0.0,0.0,parity2,0.2,0.9932861328125,0.5,0.5,0.75,8187,0.8903085539700206,0.8169027056012835
35,0.75,0.7422208786010742,0.7565441131591797,1,98cc2a02e7d0e9e2,0.9772167205810547,0.011201199296483945,"[8, 13, 33, 45, 46, 55, 57, 63, 64, 68, 81, 82, 83, 85, 117, 122, 150, 158, 160, 162, 166, 171, 175, 190, 194, 196, 199, 213, 216, 217, 244, 255]",5.5,-296.6425122695123,-296.8960771441506,-296.9655673860307,0.19885066151618958,0.1992117166519165,0xFFFFFFFFFFFFFFFF0000000000000000FFFFFFFF00000000FFFFFFFF00000000,True,0.0740966796875,"[2, 6, 6, 2, 2, 6, 6, 2]",0.27166175842285156,conflict_enriched,"[2, 6, 6, 2, 2, 6, 6, 2]",0.0740966796875,0.0740966796875,mux3,0.2,0.98828125,0.625,0.625,0.125,3449,0.9676523010948214,0.9740142822265625
36,0.75,0.49899816513061523,0.4996304512023926,2,ac77bde2e98598db,0.9537444114685059,0.0007075040917623001,"[5, 31, 37, 40, 48, 49, 52, 60, 66, 69, 83, 88, 90, 94, 102, 120, 147, 158, 163, 168, 174, 184, 189, 191, 198, 208, 209, 214, 218, 223, 224, 238]",3.5,-322.24772368929814,-323.9525968983494,-324.60687758898285,0.1988237053155899,0.1991710215806961,0x0000000000000000FFFFFFFFFFFFFFFFFFFFFFFFFFFFFFFF0000000000000000,True,0.01953125,"[2, 6, 6, 2, 2, 6, 6, 2]",0.5207209587097168,conflict_enriched,"[8, 8, 8, 8]",0.01953125,0.01953125,parity2,0.2,0.998779296875,0.5,0.5,0.75,6805,0.93830848207726,0.9471419198172433
37,0.75,0.7448954582214355,0.732511043548584,2,ac77bde2e98598db,0.9025845527648926,2.5633126297155413e-06,"[5, 31, 37, 40, 48, 49, 52, 60, 66, 69, 83, 88, 90, 94, 102, 120, 147, 158, 163, 168, 174, 184, 189, 191, 198, 208, 209, 214, 218, 223, 224, 238]",2.5,-281.98524398457124,-283.67622356477057,-284.4918903019693,0.19885419309139252,0.19921617209911346,0xFFFFFFFFFFFFFFFF0011001100000000FFFFFFFF0000000077FF77FF00000000,False,0.0008544921875,"[2, 6, 6, 2, 2, 6, 6, 2]",0.3392338752746582,conflict_enriched,"[2, 6, 6, 2, 2, 6, 6, 2]",0.0003662109375,0.0003662109375,mux3,0.2,0.9261474609375,0.625,0.625,0.125,8126,0.9283159128061699,0.8889999389648438
38,0.75,0.44837284088134766,0.47791385650634766,3,6d403e216e3b7b94,0.9442806243896484,0.001083446675466976,"[8, 15, 32, 40, 43, 50, 55, 59, 68, 69, 73, 77, 87, 89, 116, 120, 133, 156, 163, 164, 170, 186, 187, 189, 197, 202, 212, 214, 221, 222, 244, 248]",1.5,-326.6014981865015,-329.6818197121056,-337.3188829394748,0.19878362119197845,0.19915610551834106,0x0000000000000000FFFFFFFFFFFFFFFFFFFFFFFFFFFFFFFF0000000000000000,True,0.0291748046875,"[2, 6, 6, 2, 2, 6, 6, 2]",0.5256748199462891,conflict_enriched,"[8, 8, 8, 8]",0.0291748046875,0.0291748046875,parity2,0.2,0.999755859375,0.5,0.5,0.75,6353,0.9378548251483552,0.9363218035016742
39,0.75,0.7654948234558105,0.7196202278137207,3,6d403e216e3b7b94,0.964139461517334,0.0013764988821572458,"[8, 15, 32, 40, 43, 50, 55, 59, 68, 69, 73, 77, 87, 89, 116, 120, 133, 156, 163, 164, 170, 186, 187, 189, 197, 202, 212, 214, 221, 222, 244, 248]",3.5,-291.73879416730375,-292.144618430969,-292.53239288468427,0.1988067924976349,0.1991693526506424,0xFFFFFFFFFFFFFFFF0000000000000000FFFFFFFF00000000FFFFFFFF00000000,True,0.0206298828125,"[2, 6, 6, 2, 2, 6, 6, 2]",0.28564977645874023,conflict_enriched,"[2, 6, 6, 2, 2, 6, 6, 2]",0.0206298828125,0.0206298828125,mux3,0.2,0.9873046875,0.625,0.625,0.125,5215,0.9583514664342676,0.9590732029506138
40,0.75,0.4506034851074219,0.46889495849609375,4,c07d550b631777b8,0.9361028671264648,0.00021543748473934807,"[18, 21, 32, 35, 42, 47, 50, 52, 65, 67, 74, 75, 78, 90, 105, 113, 128, 154, 166, 168, 170, 174, 183, 187, 192, 198, 200, 206, 207, 221, 247, 249]",1.5,-323.8889460271921,-326.2805775581389,-328.79993751866516,0.19879689812660217,0.1991589218378067,0x0000000000000000FFFFFFFFFFFFFFFFFFAFFFAFFFFFFFFF0000000000000000,False,0.0087890625,"[2, 6, 6, 2, 2, 6, 6, 2]",0.5418176651000977,conflict_enriched,"[8, 8, 8, 8]",0.0050048828125,0.0050048828125,parity2,0.2,0.998046875,0.5,0.5,0.75,6964,0.9355964807066718,0.9269834245954242
41,0.75,0.7549724578857422,0.7439308166503906,4,c07d550b631777b8,0.9779167175292969,0.014132049228955562,"[18, 21, 32, 35, 42, 47, 50, 52, 65, 67, 74, 75, 78, 90, 105, 113, 128, 154, 166, 168, 170, 174, 183, 187, 192, 198, 200, 206, 207, 221, 247, 249]",4.0,-296.4488397583448,-297.28271918909877,-297.804897842364,0.1987743079662323,0.19916293025016785,0xFFFFFFFFFFFFFFFF0000000000000000FFFFFFFF00000000FFFFFFFF00000000,True,0.0997314453125,"[2, 6, 6, 2, 2, 6, 6, 2]",0.27202320098876953,conflict_enriched,"[2, 6, 6, 2, 2, 6, 6, 2]",0.0997314453125,0.0997314453125,mux3,0.2,0.9979248046875,0.625,0.625,0.125,3054,0.9692572325403588,0.974771227155413
42,0.75,0.49807119369506836,0.49606847763061523,5,5396d0ca2e9c4a5d,0.9742932319641113,0.01589644288510255,"[26, 27, 32, 40, 48, 51, 55, 56, 66, 79, 80, 85, 89, 95, 104, 120, 128, 133, 161, 165, 181, 184, 185, 190, 203, 205, 209, 214, 219, 220, 241, 253]",1.5,-325.3708148126753,-327.32496893902214,-329.24899052420653,0.19881363213062286,0.19917066395282745,0x0000000000000000FFFFFFFFFFFFFFFFFFFFFFFFFFFFFFFF0000000000000000,True,0.1199951171875,"[2, 6, 6, 2, 2, 6, 6, 2]",0.5198054313659668,conflict_enriched,"[8, 8, 8, 8]",0.1199951171875,0.1199951171875,parity2,0.2,0.9998779296875,0.5,0.5,0.75,4758,0.9550409774253152,0.9706213814871651
43,0.75,0.7499299049377441,0.750007152557373,5,5396d0ca2e9c4a5d,0.9988932609558105,0.7232553796182548,"[26, 27, 32, 40, 48, 51, 55, 56, 66, 79, 80, 85, 89, 95, 104, 120, 128, 133, 161, 165, 181, 184, 185, 190, 203, 205, 209, 214, 219, 220, 241, 253]",5.0,-303.9988314682136,-304.737799018346,-305.68119719241554,0.1988026648759842,0.19917826354503632,0xFFFFFFFFFFFFFFFF0000000000000000FFFFFFFF00000000FFFFFFFF00000000,True,0.8499755859375,"[2, 6, 6, 2, 2, 6, 6, 2]",0.25107908248901367,conflict_enriched,"[2, 6, 6, 2, 2, 6, 6, 2]",0.8499755859375,0.8499755859375,mux3,0.2,0.999755859375,0.625,0.625,0.125,224,0.9975323469076929,0.9987362452915737
44,0.75,0.48688745498657227,0.4880537986755371,6,115d70ccbbe53f44,0.9864201545715332,0.11262832062248199,"[11, 22, 35, 43, 51, 53, 54, 59, 66, 67, 76, 78, 85, 91, 97, 124, 140, 147, 166, 172, 175, 179, 187, 188, 193, 202, 211, 216, 222, 223, 228, 249]",1.5,-330.1448892320394,-331.90113855854895,-334.60143598743656,0.1987992525100708,0.19918157160282135,0x0000000000000000FFFFFFFFFFFFFFFFFFFFFFFFFFFFFFFF0000000000000000,True,0.3326416015625,"[2, 6, 6, 2, 2, 6, 6, 2]",0.5121350288391113,conflict_enriched,"[8, 8, 8, 8]",0.3326416015625,0.3326416015625,parity2,0.2,0.9996337890625,0.5,0.5,0.75,2229,0.9757906431695555,0.9844818115234375
45,0.75,0.7522435188293457,0.7443118095397949,6,115d70ccbbe53f44,0.9878754615783691,0.09566339365423941,"[11, 22, 35, 43, 51, 53, 54, 59, 66, 67, 76, 78, 85, 91, 97, 124, 140, 147, 166, 172, 175, 179, 187, 188, 193, 202, 211, 216, 222, 223, 228, 249]",3.0,-300.2356552340196,-300.3256311538857,-300.4189465367919,0.19879385828971863,0.19914869964122772,0xFFFFFFFFFFFFFFFF0000000000000000FFFFFFFF00000000FFFFFFFF00000000,True,0.2962646484375,"[2, 6, 6, 2, 2, 6, 6, 2]",0.26212072372436523,conflict_enriched,"[2, 6, 6, 2, 2, 6, 6, 2]",0.2962646484375,0.2962646484375,mux3,0.2,0.999267578125,0.625,0.625,0.125,2198,0.9788509323372495,0.9861466544015067
46,0.75,0.47066640853881836,0.44754552841186523,7,7f4875de86af6e6e,0.915886402130127,4.3129225293004514e-05,"[8, 30, 35, 36, 42, 56, 60, 63, 69, 75, 78, 79, 81, 89, 114, 123, 141, 156, 161, 163, 179, 182, 183, 189, 200, 201, 205, 209, 212, 216, 243, 251]",2.0,-317.90289187908405,-322.50937187960545,-331.48324008727997,0.19879013299942017,0.19914939999580383,0x0000000000000000FFFFFFFFFFFFFFFFFFFFFFFFFFFFFFFF0000000000000000,True,0.0052490234375,"[2, 6, 6, 2, 2, 6, 6, 2]",0.5481753349304199,conflict_enriched,"[8, 8, 8, 8]",0.0052490234375,0.0052490234375,parity2,0.2,0.9986572265625,0.5,0.5,0.75,7925,0.910291254449701,0.9038761683872768
47,0.75,0.7351336479187012,0.7647356986999512,7,7f4875de86af6e6e,0.9611592292785645,0.0008028533603955561,"[8, 30, 35, 36, 42, 56, 60, 63, 69, 75, 78, 79, 81, 89, 114, 123, 141, 156, 161, 163, 179, 182, 183, 189, 200, 201, 205, 209, 212, 216, 243, 251]",3.0,-290.44359834412717,-290.57788418472944,-291.0749986971239,0.19883479177951813,0.199181467294693,0xFFFFFFFFFFFFFFFF0000000000000000FFFFFFFF00000000FFFFFFFF00000000,True,0.015869140625,"[2, 6, 6, 2, 2, 6, 6, 2]",0.2887110710144043,conflict_enriched,"[2, 6, 6, 2, 2, 6, 6, 2]",0.015869140625,0.015869140625,mux3,0.2,0.99462890625,0.625,0.625,0.125,5950,0.9532178620149356,0.955634525844029
0,0.375,0.43840551376342773,0.4774641990661621,0,b1674c8027723817,0.8719229698181152,0.00019928265397997803,"[1, 12, 25, 26, 27, 31, 34, 35, 36, 51, 52, 62, 80, 84, 98, 110, 120, 124, 134, 137, 138, 140, 149, 156, 161, 212, 213, 222, 225, 235, 242, 249]",3.5,-408.66800779224343,-410.2309488556644,-410.49835395265495,0.09931867569684982,0.0995311290025711,0x0000000000000000FFFFFFFFFFFFFFFF55555555555555550000000000000000,False,0.009521484375,"[6, 6, 2, 4, 6, 1, 3, 4]",0.46016740798950195,uniform_random,"[12, 6, 7, 7]",0.0001220703125,0.0001220703125,parity2,0.1,1.0,0.5625,0.4375,0.375,7372,0.9245866776444472,0.8536262512207031
1,0.375,0.6514043807983398,0.8483819961547852,0,b1674c8027723817,0.7923364639282227,2.6706140886338665e-05,"[1, 12, 25, 26, 27, 31, 34, 35, 36, 51, 52, 62, 80, 84, 98, 110, 120, 124, 134, 137, 138, 140, 149, 156, 161, 212, 213, 222, 225, 235, 242, 249]",6.0,-279.37267812440354,-279.9649197661678,-280.3347938232559,0.09936992079019547,0.09956437349319458,0xFFFFFFFFFCFCFCFCFFFFFDFD00000000FFFFFFFFC0C0C0C0FFFFFFFF00000000,False,0.002197265625,"[6, 6, 2, 4, 6, 1, 3, 4]",0.45745086669921875,uniform_random,"[6, 6, 2, 4, 6, 1, 3, 4]",0.0,0.0,mux3,0.1,0.94140625,0.75,0.875,0.3125,7699,0.940837750690116,0.7629318237304688
2,0.4375,0.48386669158935547,0.4907722473144531,1,58ad15a270c226c7,0.9733791351318359,0.026515054871581616,"[4, 16, 18, 22, 37, 40, 48, 68, 87, 93, 94, 97, 106, 114, 115, 118, 130, 131, 136, 139, 152, 171, 173, 178, 188, 200, 213, 216, 226, 229, 238, 242]",1.5,-432.8121772293177,-437.45033404489044,-442.8129059891515,0.09932862222194672,0.09954245388507843,0x0000000000000000FFFFFFFFFFFFFFFFFFFFFFFFFFFFFFFF0000000000000000,True,0.1419677734375,"[4, 3, 4, 5, 5, 4, 3, 4]",0.504979133605957,uniform_random,"[7, 9, 9, 7]",0.1419677734375,0.1419677734375,parity2,0.1,1.0,0.5,0.5,0.4375,3258,0.9637596135163091,0.9695761544363839
3,0.4375,0.7735843658447266,0.7253646850585938,1,58ad15a270c226c7,0.7889852523803711,0.00020002780300024418,"[4, 16, 18, 22, 37, 40, 48, 68, 87, 93, 94, 97, 106, 114, 115, 118, 130, 131, 136, 139, 152, 171, 173, 178, 188, 200, 213, 216, 226, 229, 238, 242]",2.5,-302.93828628136464,-304.61324040598913,-305.1904061999857,0.099338099360466,0.09952761232852936,0xFFFFFFFF033F033F0003033300000000FFFFFFFF030F030F0333033F00000000,False,0.005859375,"[4, 3, 4, 5, 5, 4, 3, 4]",0.46022796630859375,uniform_random,"[4, 3, 4, 5, 5, 4, 3, 4]",0.0,0.0,mux3,0.1,0.9859619140625,0.78125,0.78125,0.28125,6506,0.9570334655007777,0.7589029584612165
4,0.46875,0.5691323280334473,0.4703230857849121,2,ce3fbc86d8d7ac0f,0.9235320091247559,0.00011522984449395678,"[17, 24, 35, 40, 46, 55, 56, 66, 79, 81, 85, 97, 98, 101, 103, 111, 121, 123, 128, 131, 134, 137, 145, 146, 147, 178, 201, 202, 214, 215, 217, 249]",2.0,-418.6546315165112,-420.8139221238948,-424.96672015456375,0.09931458532810211,0.09953278303146362,0x000000000000000000FF0FFF0FFFFFFFFFFFFFFFFFFFFFFF0000000000000000,False,0.0045166015625,"[2, 5, 4, 7, 7, 1, 5, 1]",0.47423887252807617,uniform_random,"[7, 11, 8, 6]",0.001953125,0.001953125,parity2,0.1,1.0,0.5625,0.46875,0.46875,7078,0.9363083475690483,0.9126080104282924
5,0.46875,0.6327681541442871,0.8570799827575684,2,ce3fbc86d8d7ac0f,0.8563399314880371,0.0007893512601483335,"[17, 24, 35, 40, 46, 55, 56, 66, 79, 81, 85, 97, 98, 101, 103, 111, 121, 123, 128, 131, 134, 137, 145, 146, 147, 178, 201, 202, 214, 215, 217, 249]",4.0,-322.2732658820216,-323.02128120372583,-324.8195617965228,0.09933233261108398,0.09953513741493225,0xFFFFFFFFFFFFFFFFFFFBFFFF00000000FFFFFFFF00000000FFFFFFFF00000000,False,0.017578125,"[2, 5, 4, 7, 7, 1, 5, 1]",0.38350820541381836,uniform_random,"[2, 5, 4, 7, 7, 1, 5, 1]",0.0,0.0,mux3,0.1,0.996826171875,0.71875,0.8125,0.25,6290,0.9501923281496373,0.8358312334333148
6,0.53125,0.538118839263916,0.5536932945251465,3,c6350c79ea7d662f,0.9146513938903809,0.00011770373924124039,"[15, 16, 30, 40, 45, 63, 64, 66, 77, 86, 101, 105, 106, 110, 113, 124, 126, 130, 144, 161, 164, 174, 188, 190, 207, 209, 210, 219, 220, 231, 235, 252]",2.0,-421.1889746172376,-421.7708012613462,-422.3267806465225,0.0993315801024437,0.09952812641859055,0x0000000000000000FFFFFFFF55FF55FFFFFFFFFFFFFFFFFF0000005500000000,False,0.004638671875,"[3, 3, 4, 7, 2, 5, 5, 3]",0.5208792686462402,uniform_random,"[6, 11, 7, 8]",0.0008544921875,0.0008544921875,parity2,0.1,1.0,0.53125,0.625,0.53125,7372,0.9354888209994469,0.902458735874721
7,0.53125,0.7745952606201172,0.6934385299682617,3,c6350c79ea7d662f,0.8550243377685547,7.272654437797583e-06,"[15, 16, 30, 40, 45, 63, 64, 66, 77, 86, 101, 105, 106, 110, 113, 124, 126, 130, 144, 161, 164, 174, 188, 190, 207, 209, 210, 219, 220, 231, 235, 252]",2.0,-348.8037739923131,-349.8633604553022,-351.62166718660677,0.09932859241962433,0.09953640401363373,0xFFFFFFFFFFFFFFAF0A000A000A000000FFFFFFFFAF0A0A00FFAAAF0A0A000000,False,0.0008544921875,"[3, 3, 4, 7, 2, 5, 5, 3]",0.37575626373291016,uniform_random,"[3, 3, 4, 7, 2, 5, 5, 3]",0.0,0.0,mux3,0.1,0.9998779296875,0.78125,0.6875,0.15625,8006,0.9311255410358323,0.8343140738351005
8,0.5,0.4537696838378906,0.5468072891235352,4,999d074f63d85a28,0.9509515762329102,0.00193512219967037,"[3, 7, 10, 28, 69, 70, 73, 84, 110, 119, 130, 138, 142, 143, 145, 155, 156, 166, 176, 179, 181, 186, 190, 197, 202, 204, 210, 219, 221, 248, 249, 252]",2.5,-422.97476689987843,-424.97579784068705,-426.4088713769053,0.0993228554725647,0.09951949119567871,0x0000000000000000FFFFFFFFFFFFFFFFFFFFFFFFFFFFFFFF0000000000000000,True,0.037841796875,"[4, 0, 4, 2, 7, 6, 6, 3]",0.4560089111328125,uniform_random,"[4, 6, 13, 9]",0.037841796875,0.037841796875,parity2,0.1,1.0,0.3125,0.5625,0.5,5591,0.9460518809221438,0.9439446585518974
9,0.5,0.873511791229248,0.6186957359313965,4,999d074f63d85a28,0.8686957359313965,0.3584484220962795,"[3, 7, 10, 28, 69, 70, 73, 84, 110, 119, 130, 138, 142, 143, 145, 155, 156, 166, 176, 179, 181, 186, 190, 197, 202, 204, 210, 219, 221, 248, 249, 252]",8.0,-263.29916999907647,-263.55479665527025,-263.981602987395,0.09921934455633163,0.09945639967918396,0xFFFFFFFFFFFFFFFF0000000000000000FFFFFFFF000000000000000000000000,False,0.5977783203125,"[4, 0, 4, 2, 7, 6, 6, 3]",0.3813042640686035,uniform_random,"[4, 0, 4, 2, 7, 6, 6, 3]",0.0,0.0,mux3,0.1,1.0,0.875,0.625,0.3125,988,0.9870793309778452,0.849937983921596
10,0.5,0.5311999320983887,0.546257495880127,5,60086b80022888b1,0.9443049430847168,0.00018905920942192652,"[1, 7, 12, 18, 42, 43, 55, 82, 84, 93, 100, 104, 111, 112, 115, 118, 155, 167, 177, 178, 184, 199, 200, 202, 204, 214, 219, 228, 229, 238, 251, 255]",1.5,-411.6276783988565,-413.10359403225016,-413.5000133424238,0.09933130443096161,0.09953781217336655,0x0000000000000000FFFFFFFFFFFFFFFFFFFFFFFFFFFFFFFF0000000000000000,True,0.0059814453125,"[4, 3, 3, 6, 1, 4, 6, 5]",0.5222182273864746,uniform_random,"[7, 9, 5, 11]",0.0059814453125,0.0059814453125,parity2,0.1,1.0,0.5,0.625,0.5,6726,0.9436352498383755,0.9363485063825335
11,0.5,0.8130965232849121,0.6862034797668457,5,60086b80022888b1,0.8768172264099121,1.8181636094493956e-05,"[1, 7, 12, 18, 42, 43, 55, 82, 84, 93, 100, 104, 111, 112, 115, 118, 155, 167, 177, 178, 184, 199, 200, 202, 204, 214, 219, 228, 229, 238, 251, 255]",2.0,-328.1254602238506,-331.2494427136429,-332.205995973813,0.09934867918491364,0.09955640137195587,0xFFFFFFFFFFCCFFFF0000CC0000000000FFFFFFFF0000FFFFFFCCFFFF00000000,False,0.0010986328125,"[4, 3, 3, 6, 1, 4, 6, 5]",0.3726792335510254,uniform_random,"[4, 3, 3, 6, 1, 4, 6, 5]",0.0,0.0,mux3,0.1,0.996826171875,0.8125,0.6875,0.1875,7796,0.940780501745361,0.8592338562011719
12,0.53125,0.5414004325866699,0.4921250343322754,6,651a6b4b9f13fb6f,0.9486699104309082,0.013279300690162983,"[7, 17, 21, 22, 30, 46, 48, 58, 68, 69, 70, 71, 82, 86, 88, 99, 105, 134, 136, 140, 141, 149, 154, 169, 175, 183, 193, 197, 201, 204, 227, 237]",1.0,-443.43958130724303,-448.61604986968416,-451.0705608912053,0.09932053089141846,0.09952230751514435,0x0000000000000000FFFFFFFFFFFFFFFFFFFFFFFFFFFFFFFF0000000000000000,True,0.1126708984375,"[5, 3, 7, 2, 6, 3, 4, 2]",0.5002312660217285,uniform_random,"[8, 9, 9, 6]",0.1126708984375,0.1126708984375,parity2,0.1,1.0,0.53125,0.4375,0.53125,5100,0.9514737086283103,0.9413370404924665
13,0.53125,0.7025094032287598,0.7809252738952637,6,651a6b4b9f13fb6f,0.8634638786315918,3.874774905383958e-07,"[7, 17, 21, 22, 30, 46, 48, 58, 68, 69, 70, 71, 82, 86, 88, 99, 105, 134, 136, 140, 141, 149, 154, 169, 175, 183, 193, 197, 201, 204, 227, 237]",5.5,-336.3894843192098,-338.23807609034,-338.8805202231558,0.09930466115474701,0.09950701892375946,0xFFFFFFFF0303FFFF0000051500000000FFFFFFFF000000005F5FFFFF00000000,False,0.000244140625,"[5, 3, 7, 2, 6, 3, 4, 2]",0.38492918014526367,uniform_random,"[5, 3, 7, 2, 6, 3, 4, 2]",0.0,0.0,mux3,0.1,1.0,0.6875,0.78125,0.25,8179,0.9128493996473157,0.8439587184361049
14,0.5625,0.5579705238342285,0.42783594131469727,7,f12319a0b53a94f6,0.8924870491027832,7.1534305945549995e-06,"[6, 27, 43, 53, 56, 57, 58, 62, 68, 70, 79, 83, 87, 89, 113, 114, 130, 133, 142, 144, 162, 196, 211, 212, 220, 222, 226, 229, 231, 242, 243, 250]",4.0,-408.6424715910243,-409.25385124570084,-409.49212260687847,0.0993228405714035,0.09953422844409943,0x000000000000000000055FFF5FFFFFFFFFFFFFFFFFFFFFFF000000000000000F,False,0.00048828125,"[2, 6, 6, 2, 4, 1, 5, 6]",0.47670888900756836,uniform_random,"[8, 8, 5, 11]",0.0,0.0,parity2,0.1,1.0,0.5,0.3125,0.5625,7982,0.9284952150252069,0.8771280561174665
15,0.5625,0.6193032264709473,0.8537602424621582,7,f12319a0b53a94f6,0.8479104042053223,0.0005042274390336956,"[6, 27, 43, 53, 56, 57, 58, 62, 68, 70, 79, 83, 87, 89, 113, 114, 130, 133, 142, 144, 162, 196, 211, 212, 220, 222, 226, 229, 231, 242, 243, 250]",5.5,-318.2687139078749,-319.13793105997127,-319.7765250494332,0.09932401776313782,0.09952044486999512,0xFFFFFFFFFFFFFF33FFFFFFB333000000FFFFFFFF00000000FFFFFF3300000000,False,0.0076904296875,"[2, 6, 6, 2, 4, 1, 5, 6]",0.37515878677368164,uniform_random,"[2, 6, 6, 2, 4, 1, 5, 6]",0.0,0.0,mux3,0.1,0.99658203125,0.625,0.8125,0.3125,5112,0.9627505160066903,0.8261985778808594
16,0.5,0.5018529891967773,0.4983224868774414,0,6293e349a9faad3b,0.9770870208740234,0.035380748496825785,"[8, 21, 23, 31, 36, 40, 48, 51, 64, 73, 79, 80, 101, 103, 104, 110, 128, 131, 136, 146, 160, 170, 180, 185, 198, 209, 210, 220, 230, 244, 250, 253]",1.0,-428.31423965197473,-430.3001947478306,-439.42037571996184,0.09933094680309296,0.09953279793262482,0x0000000000000000FFFFFFFFFFFFFFFFFFFFFFFFFFFFFFFF0000000000000000,True,0.1846923828125,"[4, 4, 4, 4, 4, 4, 4, 4]",0.5074653625488281,cell_balanced,"[8, 8, 8, 8]",0.1846923828125,0.1846923828125,parity2,0.1,1.0,0.5,0.5,0.5,4259,0.9591724247466212,0.9738137381417411
17,0.5,0.7484583854675293,0.7515416145324707,0,6293e349a9faad3b,0.9951386451721191,0.27768633971355755,"[8, 21, 23, 31, 36, 40, 48, 51, 64, 73, 79, 80, 101, 103, 104, 110, 128, 131, 136, 146, 160, 170, 180, 185, 198, 209, 210, 220, 230, 244, 250, 253]",3.0,-376.4779563849418,-377.7504680930979,-378.4020092968241,0.09934831410646439,0.09953877329826355,0xFFFFFFFFFFFFFFFF0000000000000000FFFFFFFF00000000FFFFFFFF00000000,True,0.5120849609375,"[4, 4, 4, 4, 4, 4, 4, 4]",0.25486135482788086,cell_balanced,"[4, 4, 4, 4, 4, 4, 4, 4]",0.5120849609375,0.5120849609375,mux3,0.1,1.0,0.75,0.75,0.25,593,0.9910146332692265,0.9944441659109933
18,0.5,0.5314993858337402,0.4938187599182129,1,c9b4a81f93ef801a,0.9659676551818848,0.007144906089763155,"[0, 4, 7, 21, 33, 41, 42, 50, 65, 75, 81, 90, 101, 106, 110, 122, 135, 145, 148, 154, 167, 176, 178, 181, 205, 213, 220, 222, 224, 232, 236, 239]",1.5,-424.59310267670656,-429.9346902940889,-435.36873118873575,0.09930774569511414,0.09951843321323395,0x0000000000000000FFFFFFFFFFFFFFFFFFFFFFFFFFFFFFFF0000000000000000,True,0.0555419921875,"[4, 4, 4, 4, 4, 4, 4, 4]",0.4939846992492676,cell_balanced,"[8, 8, 8, 8]",0.0555419921875,0.0555419921875,parity2,0.1,1.0,0.5,0.5,0.5,3750,0.9620361290853898,0.9611058916364398
19,0.5,0.7020916938781738,0.7880702018737793,1,c9b4a81f93ef801a,0.8541817665100098,1.1028205499938957e-06,"[0, 4, 7, 21, 33, 41, 42, 50, 65, 75, 81, 90, 101, 106, 110, 122, 135, 145, 148, 154, 167, 176, 178, 181, 205, 213, 220, 222, 224, 232, 236, 239]",4.5,-327.36725081972855,-328.15433136746253,-329.8241585257217,0.09928272664546967,0.09949347376823425,0xFFF7FFFFF330F330F100F71000000000FFFFFFFF71107110FFF7FFFF00001000,False,0.000244140625,"[4, 4, 4, 4, 4, 4, 4, 4]",0.3884739875793457,cell_balanced,"[4, 4, 4, 4, 4, 4, 4, 4]",0.0,0.0,mux3,0.1,1.0,0.75,0.75,0.25,8155,0.9288332383608866,0.833350590297154
20,0.5,0.5419173240661621,0.5207953453063965,2,92402e067f850060,0.9471526145935059,0.02483080944405445,"[1, 8, 20, 30, 40, 44, 55, 59, 66, 70, 84, 88, 98, 105, 118, 120, 132, 150, 152, 158, 173, 175, 176, 189, 193, 200, 211, 212, 226, 229, 233, 240]",3.0,-446.645206106664,-450.72693340473916,-456.86764819659413,0.09931524097919464,0.09952250868082047,0x0000000000000000FFFFFFFFFFFFFFFFFFFFFFFFFFFFFFFF0000000000000000,True,0.152587890625,"[4, 4, 4, 4, 4, 4, 4, 4]",0.5144467353820801,cell_balanced,"[8, 8, 8, 8]",0.152587890625,0.152587890625,parity2,0.1,1.0,0.5,0.5,0.5,4622,0.9627314555652478,0.9396029881068638
21,0.5,0.7630453109741211,0.7369546890258789,2,92402e067f850060,0.9810304641723633,0.024217849859983518,"[1, 8, 20, 30, 40, 44, 55, 59, 66, 70, 84, 88, 98, 105, 118, 120, 132, 150, 152, 158, 173, 175, 176, 189, 193, 200, 211, 212, 226, 229, 233, 240]",3.5,-367.6216217286696,-368.90057034923814,-370.1489881106398,0.09931286424398422,0.09952820837497711,0xFFFFFFFFFFFFFFFF0000000000000000FFFFFFFF00000000FFFFFFFF00000000,True,0.1253662109375,"[4, 4, 4, 4, 4, 4, 4, 4]",0.2689695358276367,cell_balanced,"[4, 4, 4, 4, 4, 4, 4, 4]",0.1253662109375,0.1253662109375,mux3,0.1,1.0,0.75,0.75,0.25,1648,0.974736635579643,0.9783205304827008
22,0.5,0.4744281768798828,0.5177221298217773,3,369096b35ac51fa1,0.8826618194580078,2.1758351391771456e-06,"[15, 16, 24, 26, 34, 46, 54, 56, 69, 71, 73, 74, 112, 115, 117, 125, 129, 139, 152, 159, 160, 164, 173, 187, 192, 194, 215, 220, 232, 244, 252, 255]",1.5,-414.2160463455179,-417.50427208365693,-418.7558999161069,0.0993318259716034,0.09954333305358887,0x0000000000000000FFFFFFFFFFFFFFFFFFFFFFFFFFFFFFFF0000000200000002,False,0.000732421875,"[4, 4, 4, 4, 4, 4, 4, 4]",0.4973115921020508,cell_balanced,"[8, 8, 8, 8]",0.000244140625,0.000244140625,parity2,0.1,1.0,0.5,0.5,0.5,8141,0.9057344011621837,0.8658992222377232
23,0.5,0.7618517875671387,0.7121052742004395,3,369096b35ac51fa1,0.7768664360046387,1.5767353268831644e-05,"[15, 16, 24, 26, 34, 46, 54, 56, 69, 71, 73, 74, 112, 115, 117, 125, 129, 139, 152, 159, 160, 164, 173, 187, 192, 194, 215, 220, 232, 244, 252, 255]",5.0,-318.60590427291146,-318.83441188194263,-320.08245922247056,0.09933322668075562,0.09954053163528442,0xFFFFFDFF55D550555555444400400000FFFFF5FF55D5505555D5545500400000,False,0.0008544921875,"[4, 4, 4, 4, 4, 4, 4, 4]",0.4595484733581543,cell_balanced,"[4, 4, 4, 4, 4, 4, 4, 4]",0.0,0.0,mux3,0.1,1.0,0.75,0.75,0.25,7827,0.9444539713521789,0.7449902125767299
24,0.5,0.49124908447265625,0.5070009231567383,4,7b2268760b066630,0.8820981979370117,1.3710741972897081e-06,"[0, 16, 17, 23, 33, 39, 51, 63, 69, 70, 78, 79, 100, 103, 106, 126, 130, 145, 146, 154, 163, 166, 183, 191, 207, 216, 220, 222, 233, 234, 237, 253]",1.0,-406.05792048113454,-406.348164773999,-408.5685702879949,0.09929405897855759,0.09951600432395935,0x0000000000000000FFFFCCFFFFFFCCFFF5F5FFFFF5F5FFFF0000000000000000,False,0.0006103515625,"[4, 4, 4, 4, 4, 4, 4, 4]",0.5061149597167969,cell_balanced,"[8, 8, 8, 8]",0.0,0.0,parity2,0.1,1.0,0.5,0.5,0.5,8154,0.8975770667988786,0.8652550833565849
25,0.5,0.7254471778869629,0.7737698554992676,4,7b2268760b066630,0.9131674766540527,0.00021999779674337688,"[0, 16, 17, 23, 33, 39, 51, 63, 69, 70, 78, 79, 100, 103, 106, 126, 130, 145, 146, 154, 163, 166, 183, 191, 207, 216, 220, 222, 233, 234, 237, 253]",3.5,-348.97835285109176,-349.37417041751723,-350.29763740810483,0.09930721670389175,0.09951751679182053,0xFFFFFFFFFF33FF333300330000000000FFFFFFFF33000300FFFFFFFF00000000,False,0.007568359375,"[4, 4, 4, 4, 4, 4, 4, 4]",0.33643102645874023,cell_balanced,"[4, 4, 4, 4, 4, 4, 4, 4]",0.0,0.0,mux3,0.1,1.0,0.75,0.75,0.25,7223,0.940892155317362,0.9007628304617745
26,0.5,0.48664236068725586,0.5026965141296387,5,a1c7eb317b0df480,0.9854416847229004,0.07259113589801307,"[12, 15, 16, 22, 35, 39, 40, 63, 65, 69, 75, 85, 97, 101, 117, 124, 130, 134, 143, 148, 161, 164, 178, 185, 193, 202, 217, 221, 226, 249, 250, 254]",1.5,-430.10746110527083,-432.17512714880917,-439.254666516558,0.09932807832956314,0.0995321124792099,0x0000000000000000FFFFFFFFFFFFFFFFFFFFFFFFFFFFFFFF0000000000000000,True,0.246337890625,"[4, 4, 4, 4, 4, 4, 4, 4]",0.49817609786987305,cell_balanced,"[8, 8, 8, 8]",0.246337890625,0.246337890625,parity2,0.1,1.0,0.5,0.5,0.5,1512,0.9781859264311217,0.9833619253976005
27,0.5,0.7566394805908203,0.7433528900146484,5,a1c7eb317b0df480,0.955784797668457,0.000369117018679038,"[12, 15, 16, 22, 35, 39, 40, 63, 65, 69, 75, 85, 97, 101, 117, 124, 130, 134, 143, 148, 161, 164, 178, 185, 193, 202, 217, 221, 226, 249, 250, 254]",2.5,-360.8171031668938,-360.8273024983201,-362.39158078322055,0.09928818047046661,0.09950758516788483,0xFFFFFFFFFFFFFFFF0000000000000000FFFFFFFF00000000FFFFFFFF00000000,True,0.0130615234375,"[4, 4, 4, 4, 4, 4, 4, 4]",0.2942075729370117,cell_balanced,"[4, 4, 4, 4, 4, 4, 4, 4]",0.0130615234375,0.0130615234375,mux3,0.1,1.0,0.75,0.75,0.25,6759,0.9447384494257303,0.9494683401925224
28,0.5,0.49996328353881836,0.5000128746032715,6,381f0eb2f9087f35,0.9999594688415527,0.9854105186904835,"[2, 12, 23, 24, 43, 55, 56, 60, 65, 71, 92, 93, 96, 99, 119, 126, 129, 142, 143, 152, 172, 177, 182, 184, 197, 202, 207, 217, 224, 241, 252, 255]",1.5,-447.78975998060935,-449.3860543178516,-458.10946725047967,0.09932593256235123,0.09953171014785767,0x0000000000000000FFFFFFFFFFFFFFFFFFFFFFFFFFFFFFFF0000000000000000,True,0.99267578125,"[4, 4, 4, 4, 4, 4, 4, 4]",0.4999833106994629,cell_balanced,"[8, 8, 8, 8]",0.99267578125,0.99267578125,parity2,0.1,1.0,0.5,0.5,0.5,25,0.999907524539634,0.9999536786760602
29,0.5,0.7516655921936035,0.7483258247375488,6,381f0eb2f9087f35,0.9911999702453613,0.12706391375633316,"[2, 12, 23, 24, 43, 55, 56, 60, 65, 71, 92, 93, 96, 99, 119, 126, 129, 142, 143, 152, 172, 177, 182, 184, 197, 202, 207, 217, 224, 241, 252, 255]",2.5,-371.91797249510114,-372.48438173093274,-372.8020075749234,0.09934347122907639,0.09954430162906647,0xFFFFFFFFFFFFFFFF0000000000000000FFFFFFFF00000000FFFFFFFF00000000,True,0.3441162109375,"[4, 4, 4, 4, 4, 4, 4, 4]",0.25880002975463867,cell_balanced,"[4, 4, 4, 4, 4, 4, 4, 4]",0.3441162109375,0.3441162109375,mux3,0.1,1.0,0.75,0.75,0.25,1454,0.9833617749820827,0.9899428231375558
30,0.5,0.5311722755432129,0.48764848709106445,7,99ec5727040b68b9,0.9670443534851074,0.005260155963862776,"[13, 25, 26, 28, 33, 36, 42, 53, 68, 69, 86, 93, 97, 121, 123, 127, 129, 135, 147, 150, 162, 163, 170, 177, 199, 207, 214, 219, 227, 241, 243, 255]",4.5,-432.82312432470485,-433.8450762157928,-434.5547180621043,0.09932122379541397,0.09952081739902496,0x0000000000000000FFFFFFFFFFFFFFFFFFFFFFFFFFFFFFFF0000000000000000,True,0.0394287109375,"[4, 4, 4, 4, 4, 4, 4, 4]",0.4893765449523926,cell_balanced,"[8, 8, 8, 8]",0.0394287109375,0.0394287109375,parity2,0.1,1.0,0.5,0.5,0.5,2533,0.9671334910853658,0.9623364039829799
31,0.5,0.7496318817138672,0.7503232955932617,7,99ec5727040b68b9,0.9514999389648438,0.0003984460841167135,"[13, 25, 26, 28, 33, 36, 42, 53, 68, 69, 86, 93, 97, 121, 123, 127, 129, 135, 147, 150, 162, 163, 170, 177, 199, 207, 214, 219, 227, 241, 243, 255]",4.5,-359.2357686597024,-359.51832671676584,-360.18486364289305,0.09929336607456207,0.09949122369289398,0xFFFFFFFFFFFFFFFF0000000000000000FFFFFFFF0C0C0C0CFFFFFFFF00000000,False,0.0096435546875,"[4, 4, 4, 4, 4, 4, 4, 4]",0.29850006103515625,cell_balanced,"[4, 4, 4, 4, 4, 4, 4, 4]",0.0032958984375,0.0032958984375,mux3,0.1,1.0,0.75,0.75,0.25,6412,0.9447216934032655,0.9445713588169643
32,0.75,0.4905385971069336,0.4907951354980469,0,0a1fd335b9818c8b,0.9892826080322266,0.17130484177565317,"[17, 19, 34, 37, 47, 54, 58, 59, 69, 72, 83, 87, 88, 90, 102, 116, 134, 144, 162, 168, 176, 180, 183, 187, 193, 197, 198, 208, 218, 223, 226, 231]",2.0,-435.890873623944,-436.6462037914751,-437.0406028421399,0.09930373728275299,0.09951350092887878,0x0000000000000000FFFFFFFFFFFFFFFFFFFFFFFFFFFFFFFF0000000000000000,True,0.41064453125,"[2, 6, 6, 2, 2, 6, 6, 2]",0.5103998184204102,conflict_enriched,"[8, 8, 8, 8]",0.41064453125,0.41064453125,parity2,0.1,1.0,0.5,0.5,0.75,1513,0.9802449647210066,0.9877515520368304
33,0.75,0.7472267150878906,0.7450990676879883,0,0a1fd335b9818c8b,0.9949464797973633,0.32090858941025213,"[17, 19, 34, 37, 47, 54, 58, 59, 69, 72, 83, 87, 88, 90, 102, 116, 134, 144, 162, 168, 176, 180, 183, 187, 193, 197, 198, 208, 218, 223, 226, 231]",3.5,-404.28935595089155,-405.8045364326931,-406.7436449794954,0.09929753839969635,0.09950914978981018,0xFFFFFFFFFFFFFFFF0000000000000000FFFFFFFF00000000FFFFFFFF00000000,True,0.5572509765625,"[2, 6, 6, 2, 2, 6, 6, 2]",0.2550325393676758,conflict_enriched,"[2, 6, 6, 2, 2, 6, 6, 2]",0.5572509765625,0.5572509765625,mux3,0.1,1.0,0.625,0.625,0.125,632,0.9905779101991863,0.9942245483398438
34,0.75,0.45764732360839844,0.4958925247192383,1,98cc2a02e7d0e9e2,0.907017707824707,5.037207376999145e-06,"[8, 13, 33, 45, 46, 55, 57, 63, 64, 68, 81, 82, 83, 85, 117, 122, 150, 158, 160, 162, 166, 171, 175, 190, 194, 196, 199, 213, 216, 217, 244, 255]",3.5,-411.84487662171455,-413.01891732629883,-413.537973145491,0.09932036697864532,0.09952625632286072,0x0000000000000000FFFFFFFFFFFFFFFFFFFF05FFFFFF5FFF0000000000050000,False,0.0006103515625,"[2, 6, 6, 2, 2, 6, 6, 2]",0.5306892395019531,conflict_enriched,"[8, 8, 8, 8]",0.0006103515625,0.0006103515625,parity2,0.1,1.0,0.5,0.5,0.75,8070,0.9223957859102934,0.8937345232282367
35,0.75,0.7482819557189941,0.751610279083252,1,98cc2a02e7d0e9e2,0.9955563545227051,0.28997056840205715,"[8, 13, 33, 45, 46, 55, 57, 63, 64, 68, 81, 82, 83, 85, 117, 122, 150, 158, 160, 162, 166, 171, 175, 190, 194, 196, 199, 213, 216, 217, 244, 255]",3.5,-402.7551383601278,-403.7368186775146,-404.2907826718246,0.09930107742547989,0.09951795637607574,0xFFFFFFFFFFFFFFFF0000000000000000FFFFFFFF00000000FFFFFFFF00000000,True,0.5196533203125,"[2, 6, 6, 2, 2, 6, 6, 2]",0.25434160232543945,conflict_enriched,"[2, 6, 6, 2, 2, 6, 6, 2]",0.5196533203125,0.5196533203125,mux3,0.1,1.0,0.625,0.625,0.125,462,0.9915531527697394,0.9949215480259487
36,0.75,0.5030703544616699,0.5026745796203613,2,ac77bde2e98598db,0.9890942573547363,0.08642318813140948,"[5, 31, 37, 40, 48, 49, 52, 60, 66, 69, 83, 88, 90, 94, 102, 120, 147, 158, 163, 168, 174, 184, 189, 191, 198, 208, 209, 214, 218, 223, 224, 238]",3.5,-430.755730809158,-432.13453806498956,-432.93801630576627,0.09932482242584229,0.09952524304389954,0x0000000000000000FFFFFFFFFFFFFFFFFFFFFFFFFFFFFFFF0000000000000000,True,0.27099609375,"[2, 6, 6, 2, 2, 6, 6, 2]",0.5071072578430176,conflict_enriched,"[8, 8, 8, 8]",0.27099609375,0.27099609375,parity2,0.1,1.0,0.5,0.5,0.75,1618,0.9813296863609952,0.9875362941196987
37,0.75,0.7547073364257812,0.7378053665161133,2,ac77bde2e98598db,0.9612216949462891,0.0018106227013643024,"[5, 31, 37, 40, 48, 49, 52, 60, 66, 69, 83, 88, 90, 94, 102, 120, 147, 158, 163, 168, 174, 184, 189, 191, 198, 208, 209, 214, 218, 223, 224, 238]",2.0,-389.11833850124026,-390.7864465713759,-391.82939891193485,0.0993056520819664,0.099522665143013,0xFFFFFFFFFFFFFFFF0011001100000000FFFFFFFF0000000077FF77FF00000000,False,0.015869140625,"[2, 6, 6, 2, 2, 6, 6, 2]",0.2875499725341797,conflict_enriched,"[2, 6, 6, 2, 2, 6, 6, 2]",0.0123291015625,0.0123291015625,mux3,0.1,1.0,0.625,0.625,0.125,4847,0.9613541461924081,0.9556819370814732
38,0.75,0.47121381759643555,0.48265600204467773,3,6d403e216e3b7b94,0.9709992408752441,0.017991325034717984,"[8, 15, 32, 40, 43, 50, 55, 59, 68, 69, 73, 77, 87, 89, 116, 120, 133, 156, 163, 164, 170, 186, 187, 189, 197, 202, 212, 214, 221, 222, 244, 248]",1.0,-433.9518765012849,-436.4270215478483,-442.8891439031025,0.09930931776762009,0.09952635318040848,0x0000000000000000FFFFFFFFFFFFFFFFFFFFFFFFFFFFFFFF0000000000000000,True,0.1219482421875,"[2, 6, 6, 2, 2, 6, 6, 2]",0.5175414085388184,conflict_enriched,"[8, 8, 8, 8]",0.1219482421875,0.1219482421875,parity2,0.1,1.0,0.5,0.5,0.75,3193,0.9628800458639861,0.9668562752859933
39,0.75,0.755732536315918,0.7381601333618164,3,6d403e216e3b7b94,0.9880170822143555,0.05838641973660115,"[8, 15, 32, 40, 43, 50, 55, 59, 68, 69, 73, 77, 87, 89, 116, 120, 133, 156, 163, 164, 170, 186, 187, 189, 197, 202, 212, 214, 221, 222, 244, 248]",2.0,-397.9084537561099,-398.23724317408437,-398.42789003897354,0.09929682314395905,0.0995102971792221,0xFFFFFFFFFFFFFFFF0000000000000000FFFFFFFF00000000FFFFFFFF00000000,True,0.198486328125,"[2, 6, 6, 2, 2, 6, 6, 2]",0.26195716857910156,conflict_enriched,"[2, 6, 6, 2, 2, 6, 6, 2]",0.198486328125,0.198486328125,mux3,0.1,1.0,0.625,0.625,0.125,1298,0.9827077794918604,0.9863052368164062
40,0.75,0.47670602798461914,0.48085832595825195,4,c07d550b631777b8,0.9728913307189941,0.010850770615233183,"[18, 21, 32, 35, 42, 47, 50, 52, 65, 67, 74, 75, 78, 90, 105, 113, 128, 154, 166, 168, 170, 174, 183, 187, 192, 198, 200, 206, 207, 221, 247, 249]",1.0,-430.99615444750833,-432.9304718145912,-435.1523493120603,0.09931999444961548,0.09952372312545776,0x0000000000000000FFFFFFFFFFFFFFFFFFFFFFFFFFFFFFFF0000000000000000,True,0.0694580078125,"[2, 6, 6, 2, 2, 6, 6, 2]",0.5228285789489746,conflict_enriched,"[8, 8, 8, 8]",0.0694580078125,0.0694580078125,parity2,0.1,1.0,0.5,0.5,0.75,3205,0.9666849621276197,0.9690186636788505
41,0.75,0.7526607513427734,0.7471990585327148,4,c07d550b631777b8,0.9942493438720703,0.2447142705217617,"[18, 21, 32, 35, 42, 47, 50, 52, 65, 67, 74, 75, 78, 90, 105, 113, 128, 154, 166, 168, 170, 174, 183, 187, 192, 198, 200, 206, 207, 221, 247, 249]",3.5,-401.4463068930261,-402.16389205468107,-402.96609366400486,0.09928768873214722,0.09950762987136841,0xFFFFFFFFFFFFFFFF0000000000000000FFFFFFFF00000000FFFFFFFF00000000,True,0.4781494140625,"[2, 6, 6, 2, 2, 6, 6, 2]",0.2557497024536133,conflict_enriched,"[2, 6, 6, 2, 2, 6, 6, 2]",0.4781494140625,0.4781494140625,mux3,0.1,1.0,0.625,0.625,0.125,431,0.9898996496243823,0.9934278215680804
42,0.75,0.4972090721130371,0.49732542037963867,5,5396d0ca2e9c4a5d,0.9929699897766113,0.22302718518228848,"[26, 27, 32, 40, 48, 51, 55, 56, 66, 79, 80, 85, 89, 95, 104, 120, 128, 133, 161, 165, 181, 184, 185, 190, 203, 205, 209, 214, 219, 220, 241, 253]",1.5,-433.08171876643496,-434.67623131171376,-437.0150452791226,0.09932725131511688,0.09952886402606964,0x0000000000000000FFFFFFFFFFFFFFFFFFFFFFFFFFFFFFFF0000000000000000,True,0.46630859375,"[2, 6, 6, 2, 2, 6, 6, 2]",0.5065226554870605,conflict_enriched,"[8, 8, 8, 8]",0.46630859375,0.46630859375,parity2,0.1,1.0,0.5,0.5,0.75,1202,0.9860218262936983,0.9919657026018415
43,0.75,0.7500014305114746,0.7499823570251465,5,5396d0ca2e9c4a5d,0.9999222755432129,0.9735779695321084,"[26, 27, 32, 40, 48, 51, 55, 56, 66, 79, 80, 85, 89, 95, 104, 120, 128, 133, 161, 165, 181, 184, 185, 190, 203, 205, 209, 214, 219, 220, 241, 253]",4.0,-410.0065972049364,-410.980744220126,-411.1580695331967,0.09930183738470078,0.09951981902122498,0xFFFFFFFFFFFFFFFF0000000000000000FFFFFFFF00000000FFFFFFFF00000000,True,0.9866943359375,"[2, 6, 6, 2, 2, 6, 6, 2]",0.2500748634338379,conflict_enriched,"[2, 6, 6, 2, 2, 6, 6, 2]",0.9866943359375,0.9866943359375,mux3,0.1,1.0,0.625,0.625,0.125,35,0.9998228360773156,0.9999111720493862
44,0.75,0.49567127227783203,0.49607372283935547,6,115d70ccbbe53f44,0.9956645965576172,0.44983710446297764,"[11, 22, 35, 43, 51, 53, 54, 59, 66, 67, 76, 78, 85, 91, 97, 124, 140, 147, 166, 172, 175, 179, 187, 188, 193, 202, 211, 216, 222, 223, 228, 249]",1.5,-437.05255840717916,-439.26102481498526,-441.9047837934788,0.0993090346455574,0.09951501339673996,0x0000000000000000FFFFFFFFFFFFFFFFFFFFFFFFFFFFFFFF0000000000000000,True,0.669189453125,"[2, 6, 6, 2, 2, 6, 6, 2]",0.5039310455322266,conflict_enriched,"[8, 8, 8, 8]",0.669189453125,0.669189453125,parity2,0.1,1.0,0.5,0.5,0.75,673,0.9911347766657652,0.9950452532087054
45,0.75,0.7506709098815918,0.747887134552002,6,115d70ccbbe53f44,0.9973998069763184,0.5102706571999756,"[11, 22, 35, 43, 51, 53, 54, 59, 66, 67, 76, 78, 85, 91, 97, 124, 140, 147, 166, 172, 175, 179, 187, 188, 193, 202, 211, 216, 222, 223, 228, 249]",2.5,-405.97575613447856,-406.6801528485682,-407.23824610456484,0.09929816424846649,0.09951556473970413,0xFFFFFFFFFFFFFFFF0000000000000000FFFFFFFF00000000FFFFFFFF00000000,True,0.7086181640625,"[2, 6, 6, 2, 2, 6, 6, 2]",0.25260019302368164,conflict_enriched,"[2, 6, 6, 2, 2, 6, 6, 2]",0.7086181640625,0.7086181640625,mux3,0.1,1.0,0.625,0.625,0.125,326,0.9947534689343195,0.9970283508300781
46,0.75,0.4806485176086426,0.4720911979675293,7,7f4875de86af6e6e,0.9630732536315918,0.005202809295263094,"[8, 30, 35, 36, 42, 56, 60, 63, 69, 75, 78, 79, 81, 89, 114, 123, 141, 156, 161, 163, 179, 182, 183, 189, 200, 201, 205, 209, 212, 216, 243, 251]",1.5,-425.1387491967566,-429.0108484917692,-437.4240489675973,0.09931543469429016,0.09952384233474731,0x0000000000000000FFFFFFFFFFFFFFFFFFFFFFFFFFFFFFFF0000000000000000,True,0.06787109375,"[2, 6, 6, 2, 2, 6, 6, 2]",0.5269427299499512,conflict_enriched,"[8, 8, 8, 8]",0.06787109375,0.06787109375,parity2,0.1,1.0,0.5,0.5,0.75,5503,0.9487165511881568,0.9577980041503906
47,0.75,0.7434859275817871,0.7565064430236816,7,7f4875de86af6e6e,0.9876103401184082,0.07609044511506531,"[8, 30, 35, 36, 42, 56, 60, 63, 69, 75, 78, 79, 81, 89, 114, 123, 141, 156, 161, 163, 179, 182, 183, 189, 200, 201, 205, 209, 212, 216, 243, 251]",2.5,-396.14781584043465,-396.34598892297925,-396.9590021189668,0.09928155690431595,0.09949696809053421,0xFFFFFFFFFFFFFFFF0000000000000000FFFFFFFF00000000FFFFFFFF00000000,True,0.2562255859375,"[2, 6, 6, 2, 2, 6, 6, 2]",0.26238203048706055,conflict_enriched,"[2, 6, 6, 2, 2, 6, 6, 2]",0.2562255859375,0.2562255859375,mux3,0.1,1.0,0.625,0.625,0.125,1642,0.9797476750457101,0.9858403887067523
0,0.375,0.4399867057800293,0.4943089485168457,0,b1674c8027723817,0.9058642387390137,0.00027630125671468684,"[1, 12, 25, 26, 27, 31, 34, 35, 36, 51, 52, 62, 80, 84, 98, 110, 120, 124, 134, 137, 138, 140, 149, 156, 161, 212, 213, 222, 225, 235, 242, 249]",3.0,-505.2680336936453,-506.9535175094768,-507.7982012243595,0.04962916672229767,0.04974101483821869,0x0000000000000000FFFFFFFFFFFFFFFF55555555555555550000000000000000,False,0.0115966796875,"[6, 6, 2, 4, 6, 1, 3, 4]",0.4724307060241699,uniform_random,"[12, 6, 7, 7]",0.002685546875,0.002685546875,parity2,0.05,1.0,0.5625,0.4375,0.375,6844,0.9281322030131272,0.892416272844587
1,0.375,0.6646251678466797,0.8353357315063477,0,b1674c8027723817,0.8333311080932617,1.4247249267488707e-05,"[1, 12, 25, 26, 27, 31, 34, 35, 36, 51, 52, 62, 80, 84, 98, 110, 120, 124, 134, 137, 138, 140, 149, 156, 161, 212, 213, 222, 225, 235, 242, 249]",3.5,-377.6827856784396,-378.3317064624115,-378.9768003573941,0.04962639510631561,0.04973810911178589,0xFFFFFFFFFCFCFCFCFDFDFCFC00000000FFFFFFFFC0C0C0C0FFFFFFFF00000000,False,0.0010986328125,"[6, 6, 2, 4, 6, 1, 3, 4]",0.4166297912597656,uniform_random,"[6, 6, 2, 4, 6, 1, 3, 4]",0.0,0.0,mux3,0.05,1.0,0.75,0.875,0.3125,7871,0.9386322353729625,0.8095212663922992
2,0.4375,0.49219560623168945,0.49550390243530273,1,58ad15a270c226c7,0.9905400276184082,0.17152796919828164,"[4, 16, 18, 22, 37, 40, 48, 68, 87, 93, 94, 97, 106, 114, 115, 118, 130, 131, 136, 139, 152, 171, 173, 178, 188, 200, 213, 216, 226, 229, 238, 242]",1.5,-529.9190877475861,-535.3151389935324,-540.7712853356799,0.049635015428066254,0.0497451052069664,0x0000000000000000FFFFFFFFFFFFFFFFFFFFFFFFFFFFFFFF0000000000000000,True,0.3818359375,"[4, 3, 4, 5, 5, 4, 3, 4]",0.5035881996154785,uniform_random,"[7, 9, 9, 7]",0.3818359375,0.3818359375,parity2,0.05,1.0,0.5,0.5,0.4375,846,0.984961207875221,0.9891886029924665
3,0.4375,0.781313419342041,0.7183918952941895,1,58ad15a270c226c7,0.8208804130554199,0.00027552630173361005,"[4, 16, 18, 22, 37, 40, 48, 68, 87, 93, 94, 97, 106, 114, 115, 118, 130, 131, 136, 139, 152, 171, 173, 178, 188, 200, 213, 216, 226, 229, 238, 242]",2.5,-401.78296094895865,-402.5138024150041,-402.6993577410898,0.04962124675512314,0.04974263533949852,0xFFFFFFFF033F233F0003033300000000FFFFFFFF030B030B0333033F00000000,False,0.007568359375,"[4, 3, 4, 5, 5, 4, 3, 4]",0.428861141204834,uniform_random,"[4, 3, 4, 5, 5, 4, 3, 4]",0.0,0.0,mux3,0.05,1.0,0.78125,0.78125,0.28125,6490,0.9543886516804521,0.7952919006347656
4,0.46875,0.54974365234375,0.47748756408691406,2,ce3fbc86d8d7ac0f,0.9467678070068359,0.0010706599182792088,"[17, 24, 35, 40, 46, 55, 56, 66, 79, 81, 85, 97, 98, 101, 103, 111, 121, 123, 128, 131, 134, 137, 145, 146, 147, 178, 201, 202, 214, 215, 217, 249]",1.0,-514.5880059504271,-516.8575074865614,-519.5972665941108,0.04962679743766785,0.049733228981494904,0x00000000000000000FFFFFFFFFFFFFFFFFFFFFFFFFFFFFFF0000000000000000,False,0.0140380859375,"[2, 5, 4, 7, 7, 1, 5, 1]",0.4792022705078125,uniform_random,"[7, 11, 8, 6]",0.0040283203125,0.0040283203125,parity2,0.05,1.0,0.5625,0.46875,0.46875,4852,0.9533451060888049,0.9391632080078125
5,0.46875,0.6402254104614258,0.8515920639038086,2,ce3fbc86d8d7ac0f,0.8781681060791016,0.004886776692787816,"[17, 24, 35, 40, 46, 55, 56, 66, 79, 81, 85, 97, 98, 101, 103, 111, 121, 123, 128, 131, 134, 137, 145, 146, 147, 178, 201, 202, 214, 215, 217, 249]",3.0,-418.4474461421156,-419.9765278193049,-422.38651411223975,0.0496254488825798,0.04974322021007538,0xFFFFFFFFFFFFFFFFFFF2FFFB00000000FFFFFFFF00000000FFFFFFFF00000000,False,0.051025390625,"[2, 5, 4, 7, 7, 1, 5, 1]",0.3636493682861328,uniform_random,"[2, 5, 4, 7, 7, 1, 5, 1]",0.0,0.0,mux3,0.05,1.0,0.71875,0.8125,0.25,4485,0.9651913573332762,0.8607635498046875
6,0.53125,0.5244917869567871,0.5382513999938965,3,c6350c79ea7d662f,0.9456000328063965,0.0015836205038304236,"[15, 16, 30, 40, 45, 63, 64, 66, 77, 86, 101, 105, 106, 110, 113, 124, 126, 130, 144, 161, 164, 174, 188, 190, 207, 209, 210, 219, 220, 231, 235, 252]",2.0,-518.5480061861213,-519.5811050741066,-520.3829473494519,0.04963166266679764,0.04974507540464401,0x0000000000000000FFFFFFFF55FF55FFFFFFFFFFFFFFFFFF0000005500000000,False,0.021240234375,"[3, 3, 4, 7, 2, 5, 5, 3]",0.5156159400939941,uniform_random,"[6, 11, 7, 8]",0.010986328125,0.010986328125,parity2,0.05,1.0,0.53125,0.625,0.53125,4931,0.9544337465189218,0.937828608921596
7,0.53125,0.7746591567993164,0.7026739120483398,3,c6350c79ea7d662f,0.9025983810424805,4.619923925650104e-05,"[15, 16, 30, 40, 45, 63, 64, 66, 77, 86, 101, 105, 106, 110, 113, 124, 126, 130, 144, 161, 164, 174, 188, 190, 207, 209, 210, 219, 220, 231, 235, 252]",1.0,-446.0010243069765,-447.0174897116899,-448.2585437053504,0.04962673783302307,0.04974089935421944,0xFFFFFFFFFFFFFFAF0A000A000A000000FFFFFFFFAF0A0A00FFAFFF0A0A000000,False,0.00244140625,"[3, 3, 4, 7, 2, 5, 5, 3]",0.33371734619140625,uniform_random,"[3, 3, 4, 7, 2, 5, 5, 3]",0.0,0.0,mux3,0.05,1.0,0.78125,0.6875,0.15625,7467,0.9433033011598391,0.8886838640485492
8,0.5,0.4695863723754883,0.5307102203369141,4,999d074f63d85a28,0.9685955047607422,0.012211055054709437,"[3, 7, 10, 28, 69, 70, 73, 84, 110, 119, 130, 138, 142, 143, 145, 155, 156, 166, 176, 179, 181, 186, 190, 197, 202, 204, 210, 219, 221, 248, 249, 252]",2.0,-519.211601413048,-521.9851595354143,-523.3155200804161,0.049635764211416245,0.04975006356835365,0x0000000000000000FFFFFFFFFFFFFFFFFFFFFFFFFFFFFFFF0000000000000000,True,0.0927734375,"[4, 0, 4, 2, 7, 6, 6, 3]",0.47028064727783203,uniform_random,"[4, 6, 13, 9]",0.0927734375,0.0927734375,parity2,0.05,1.0,0.3125,0.5625,0.5,3188,0.9616483163497513,0.9641091482979911
9,0.5,0.8726396560668945,0.6216163635253906,4,999d074f63d85a28,0.8716163635253906,0.5333359403613722,"[3, 7, 10, 28, 69, 70, 73, 84, 110, 119, 130, 138, 142, 143, 145, 155, 156, 166, 176, 179, 181, 186, 190, 197, 202, 204, 210, 219, 221, 248, 249, 252]",6.0,-348.0906989803822,-348.13122210311747,-348.81882316800545,0.04957874119281769,0.04970397427678108,0xFFFFFFFFFFFFFFFF0000000000000000FFFFFFFF000000000000000000000000,False,0.728515625,"[4, 0, 4, 2, 7, 6, 6, 3]",0.3783836364746094,uniform_random,"[4, 0, 4, 2, 7, 6, 6, 3]",0.0,0.0,mux3,0.05,1.0,0.875,0.625,0.3125,308,0.9931973530480963,0.8532758440290179
10,0.5,0.5155868530273438,0.5194578170776367,5,60086b80022888b1,0.9782238006591797,0.01769728923132096,"[1, 7, 12, 18, 42, 43, 55, 82, 84, 93, 100, 104, 111, 112, 115, 118, 155, 167, 177, 178, 184, 199, 200, 202, 204, 214, 219, 228, 229, 238, 251, 255]",1.5,-509.7893895262041,-511.4521991013197,-512.2053849253597,0.04963444918394089,0.049747198820114136,0x0000000000000000FFFFFFFFFFFFFFFFFFFFFFFFFFFFFFFF0000000000000000,True,0.1019287109375,"[4, 3, 3, 6, 1, 4, 6, 5]",0.5132722854614258,uniform_random,"[7, 9, 5, 11]",0.1019287109375,0.1019287109375,parity2,0.05,1.0,0.5,0.625,0.5,2491,0.971612330100002,0.9751129150390625
11,0.5,0.8012676239013672,0.698491096496582,5,60086b80022888b1,0.9229030609130859,0.00014089277675192284,"[1, 7, 12, 18, 42, 43, 55, 82, 84, 93, 100, 104, 111, 112, 115, 118, 155, 167, 177, 178, 184, 199, 200, 202, 204, 214, 219, 228, 229, 238, 251, 255]",2.0,-427.74231114564896,-429.1264911227148,-430.54182222220163,0.04962528496980667,0.04973406344652176,0xFFFFFFFFFFFFFFFF0000000000000000FFFFFFFF0000FFCCFFECFFFF00000000,False,0.00439453125,"[4, 3, 3, 6, 1, 4, 6, 5]",0.3268718719482422,uniform_random,"[4, 3, 3, 6, 1, 4, 6, 5]",0.0,0.0,mux3,0.05,1.0,0.8125,0.6875,0.1875,6743,0.9529872236452164,0.9118892124720982
12,0.53125,0.5110535621643066,0.49683332443237305,6,651a6b4b9f13fb6f,0.9860186576843262,0.12794420300291479,"[7, 17, 21, 22, 30, 46, 48, 58, 68, 69, 70, 71, 82, 86, 88, 99, 105, 134, 136, 140, 141, 149, 154, 169, 175, 183, 193, 197, 201, 204, 227, 237]",1.0,-535.7027237172844,-542.8868708860239,-546.1186947440497,0.04960789531469345,0.04972780868411064,0x0000000000000000FFFFFFFFFFFFFFFFFFFFFFFFFFFFFFFF0000000000000000,True,0.3511962890625,"[5, 3, 7, 2, 6, 3, 4, 2]",0.4996829032897949,uniform_random,"[8, 9, 9, 6]",0.3511962890625,0.3511962890625,parity2,0.05,1.0,0.53125,0.4375,0.53125,1447,0.9774620055619899,0.9840213230678013
13,0.53125,0.7124419212341309,0.7700181007385254,6,651a6b4b9f13fb6f,0.8966498374938965,2.1460291783664998e-06,"[7, 17, 21, 22, 30, 46, 48, 58, 68, 69, 70, 71, 82, 86, 88, 99, 105, 134, 136, 140, 141, 149, 154, 169, 175, 183, 193, 197, 201, 204, 227, 237]",4.0,-427.44202009069966,-429.1966324716317,-429.6615248355657,0.04960283637046814,0.04972493276000023,0xFFFFFFFF3F3FFFFF0000040500000000FFFFFFFF000000005F5FDFDF00000000,False,0.00048828125,"[5, 3, 7, 2, 6, 3, 4, 2]",0.35295724868774414,uniform_random,"[5, 3, 7, 2, 6, 3, 4, 2]",0.0,0.0,mux3,0.05,1.0,0.6875,0.78125,0.25,8130,0.9207251806536693,0.8818855285644531
14,0.5625,0.5420951843261719,0.4516925811767578,7,f12319a0b53a94f6,0.9317283630371094,0.00031513842365095835,"[6, 27, 43, 53, 56, 57, 58, 62, 68, 70, 79, 83, 87, 89, 113, 114, 130, 133, 142, 144, 162, 196, 211, 212, 220, 222, 226, 229, 231, 242, 243, 250]",3.0,-505.99672358924,-507.4712168709344,-508.0073812951731,0.049640730023384094,0.049747101962566376,0x00000000000000000F0FFFFFFFFFFFFFFFFFFFFFFFFFFFFF0000000000000003,False,0.010986328125,"[2, 6, 6, 2, 4, 1, 5, 6]",0.477630615234375,uniform_random,"[8, 8, 5, 11]",0.0009765625,0.0009765625,parity2,0.05,1.0,0.5,0.3125,0.5625,6219,0.9494013805284246,0.9219752720424107
15,0.5625,0.6345553398132324,0.844550609588623,7,f12319a0b53a94f6,0.8725018501281738,0.0007033312572488097,"[6, 27, 43, 53, 56, 57, 58, 62, 68, 70, 79, 83, 87, 89, 113, 114, 130, 133, 142, 144, 162, 196, 211, 212, 220, 222, 226, 229, 231, 242, 243, 250]",4.5,-413.74013860999753,-414.489315712027,-415.98790395538225,0.04962488263845444,0.049740105867385864,0xFFFFFFFFFFFFFFFBFFFFFFB332000000FFFFFFFF00000000FFFFFFFB00000000,False,0.007568359375,"[2, 6, 6, 2, 4, 1, 5, 6]",0.35660505294799805,uniform_random,"[2, 6, 6, 2, 4, 1, 5, 6]",0.0,0.0,mux3,0.05,1.0,0.625,0.8125,0.3125,4091,0.9680965571869725,0.854287828717913
16,0.5,0.500403881072998,0.49958181381225586,0,6293e349a9faad3b,0.9944930076599121,0.3143559277617965,"[8, 21, 23, 31, 36, 40, 48, 51, 64, 73, 79, 80, 101, 103, 104, 110, 128, 131, 136, 146, 160, 170, 180, 185, 198, 209, 210, 220, 230, 244, 250, 253]",1.0,-525.8953200126292,-527.6435795752716,-536.8028231684625,0.049630820751190186,0.04974169284105301,0x0000000000000000FFFFFFFFFFFFFFFFFFFFFFFFFFFFFFFF0000000000000000,True,0.556396484375,"[4, 4, 4, 4, 4, 4, 4, 4]",0.5029072761535645,cell_balanced,"[8, 8, 8, 8]",0.556396484375,0.556396484375,parity2,0.05,1.0,0.5,0.5,0.5,1054,0.9886780578498273,0.993706294468471
17,0.5,0.749842643737793,0.750157356262207,0,6293e349a9faad3b,0.9994783401489258,0.8288549777862135,"[8, 21, 23, 31, 36, 40, 48, 51, 64, 73, 79, 80, 101, 103, 104, 110, 128, 131, 136, 146, 160, 170, 180, 185, 198, 209, 210, 220, 230, 244, 250, 253]",2.0,-473.2783201192911,-474.85093093762333,-475.37095550951744,0.049621619284152985,0.04973606765270233,0xFFFFFFFFFFFFFFFF0000000000000000FFFFFFFF00000000FFFFFFFF00000000,True,0.9095458984375,"[4, 4, 4, 4, 4, 4, 4, 4]",0.2505216598510742,cell_balanced,"[4, 4, 4, 4, 4, 4, 4, 4]",0.9095458984375,0.9095458984375,mux3,0.05,1.0,0.75,0.75,0.25,64,0.998854310824189,0.999403817313058
18,0.5,0.5190649032592773,0.49640941619873047,1,c9b4a81f93ef801a,0.9805412292480469,0.04018985085574106,"[0, 4, 7, 21, 33, 41, 42, 50, 65, 75, 81, 90, 101, 106, 110, 122, 135, 145, 148, 154, 167, 176, 178, 181, 205, 213, 220, 222, 224, 232, 236, 239]",1.0,-520.6580538038401,-526.0447849393493,-530.5685896879336,0.04962119832634926,0.04974093288183212,0x0000000000000000FFFFFFFFFFFFFFFFFFFFFFFFFFFFFFFF0000000000000000,True,0.170654296875,"[4, 4, 4, 4, 4, 4, 4, 4]",0.4962787628173828,cell_balanced,"[8, 8, 8, 8]",0.170654296875,0.170654296875,parity2,0.05,1.0,0.5,0.5,0.5,1477,0.9751029061509058,0.9777614048549107
19,0.5,0.7204489707946777,0.7761273384094238,1,c9b4a81f93ef801a,0.8875088691711426,7.421684241850812e-06,"[0, 4, 7, 21, 33, 41, 42, 50, 65, 75, 81, 90, 101, 106, 110, 122, 135, 145, 148, 154, 167, 176, 178, 181, 205, 213, 220, 222, 224, 232, 236, 239]",4.0,-417.1160748608326,-418.47404527322584,-420.18909348723747,0.04959840700030327,0.049717195332050323,0xFFFFFFFFF7F1F7F10000100000000000FFFFFFFF70107010FFFFFFFF00000000,False,0.000732421875,"[4, 4, 4, 4, 4, 4, 4, 4]",0.36024999618530273,cell_balanced,"[4, 4, 4, 4, 4, 4, 4, 4]",0.0,0.0,mux3,0.05,1.0,0.75,0.75,0.25,7994,0.9371047681853331,0.871438707624163
20,0.5,0.5194253921508789,0.5105476379394531,2,92402e067f850060,0.9784393310546875,0.09682239844036138,"[1, 8, 20, 30, 40, 44, 55, 59, 66, 70, 84, 88, 98, 105, 118, 120, 132, 150, 152, 158, 173, 175, 176, 189, 193, 200, 211, 212, 226, 229, 233, 240]",2.0,-539.5996664339925,-544.3228603672455,-558.6069891612882,0.049613963812589645,0.04973147064447403,0x0000000000000000FFFFFFFFFFFFFFFFFFFFFFFFFFFFFFFF0000000000000000,True,0.2991943359375,"[4, 4, 4, 4, 4, 4, 4, 4]",0.5087099075317383,cell_balanced,"[8, 8, 8, 8]",0.2991943359375,0.2991943359375,parity2,0.05,1.0,0.5,0.5,0.5,2055,0.9778644892681717,0.9753592354910714
21,0.5,0.7583584785461426,0.7416291236877441,2,92402e067f850060,0.9877715110778809,0.0711426258145373,"[1, 8, 20, 30, 40, 44, 55, 59, 66, 70, 84, 88, 98, 105, 118, 120, 132, 150, 152, 158, 173, 175, 176, 189, 193, 200, 211, 212, 226, 229, 233, 240]",2.5,-461.8941294520712,-462.92157748956265,-465.3968509602396,0.049609601497650146,0.04972652345895767,0xFFFFFFFFFFFFFFFF0000000000000000FFFFFFFF00000000FFFFFFFF00000000,True,0.2244873046875,"[4, 4, 4, 4, 4, 4, 4, 4]",0.26221609115600586,cell_balanced,"[4, 4, 4, 4, 4, 4, 4, 4]",0.2244873046875,0.2244873046875,mux3,0.05,1.0,0.75,0.75,0.25,602,0.9831987522478522,0.9860245840890067
22,0.5,0.47506093978881836,0.5098881721496582,3,369096b35ac51fa1,0.9323182106018066,0.0003660470047155414,"[15, 16, 24, 26, 34, 46, 54, 56, 69, 71, 73, 74, 112, 115, 117, 125, 129, 139, 152, 159, 160, 164, 173, 187, 192, 194, 215, 220, 232, 244, 252, 255]",1.5,-512.5868192017558,-516.1868178574712,-517.6404771734801,0.04964502155780792,0.04975287988781929,0x0000000000000000FFFFFFFFFFFFFFFFFFFFFFFFFFFFFFFF0000000200000002,False,0.0115966796875,"[4, 4, 4, 4, 4, 4, 4, 4]",0.49767351150512695,cell_balanced,"[8, 8, 8, 8]",0.0047607421875,0.0047607421875,parity2,0.05,1.0,0.5,0.5,0.5,6907,0.9327155560539993,0.9226493835449219
23,0.5,0.7713356018066406,0.7113628387451172,3,369096b35ac51fa1,0.8134965896606445,7.809161732389208e-06,"[15, 16, 24, 26, 34, 46, 54, 56, 69, 71, 73, 74, 112, 115, 117, 125, 129, 139, 152, 159, 160, 164, 173, 187, 192, 194, 215, 220, 232, 244, 252, 255]",3.5,-414.7722250681437,-415.0490672777051,-416.5844608523376,0.04962032288312912,0.049734778702259064,0xFFFFFFFFD5FF55D54444000000000000FFFFFFFF55550055D5DD555500000000,False,0.0006103515625,"[4, 4, 4, 4, 4, 4, 4, 4]",0.42746829986572266,cell_balanced,"[4, 4, 4, 4, 4, 4, 4, 4]",0.0,0.0,mux3,0.05,1.0,0.75,0.75,0.25,7976,0.939070003631185,0.7868532453264508
24,0.5,0.4941401481628418,0.5098834037780762,4,7b2268760b066630,0.911414623260498,2.172854543096081e-05,"[0, 16, 17, 23, 33, 39, 51, 63, 69, 70, 78, 79, 100, 103, 106, 126, 130, 145, 146, 154, 163, 166, 183, 191, 207, 216, 220, 222, 233, 234, 237, 253]",1.0,-498.35417915310285,-499.2497142457107,-501.61367007770315,0.04961632192134857,0.04973350465297699,0x0000000000000000FFFFFFFFFFFFFFFFF5F5FFFFF5F5FFFF0000000000000000,False,0.002197265625,"[4, 4, 4, 4, 4, 4, 4, 4]",0.5070004463195801,cell_balanced,"[8, 8, 8, 8]",0.0001220703125,0.0001220703125,parity2,0.05,1.0,0.5,0.5,0.5,7901,0.9158885726060826,0.8987595694405692
25,0.5,0.7362895011901855,0.763007640838623,4,7b2268760b066630,0.9448056221008301,0.00019239747703271885,"[0, 16, 17, 23, 33, 39, 51, 63, 69, 70, 78, 79, 100, 103, 106, 126, 130, 145, 146, 154, 163, 166, 183, 191, 207, 216, 220, 222, 233, 234, 237, 253]",3.0,-442.34543709085824,-442.44532119333155,-442.80203966038516,0.04961878061294556,0.0497291125357151,0xFFFFFFFFFFFFFFFF0000000000000000FFFFFFFF03000000FFFFFFFF00000000,False,0.004638671875,"[4, 4, 4, 4, 4, 4, 4, 4]",0.3045201301574707,cell_balanced,"[4, 4, 4, 4, 4, 4, 4, 4]",0.0028076171875,0.0028076171875,mux3,0.05,1.0,0.75,0.75,0.25,6408,0.947803267564733,0.9369207109723773
26,0.5,0.49566650390625,0.5014257431030273,5,a1c7eb317b0df480,0.9954547882080078,0.36197276832041264,"[12, 15, 16, 22, 35, 39, 40, 63, 65, 69, 75, 85, 97, 101, 117, 124, 130, 134, 143, 148, 161, 164, 178, 185, 193, 202, 217, 221, 226, 249, 250, 254]",1.5,-527.0781211684534,-528.2009866831411,-535.2846755110058,0.049629148095846176,0.049742601811885834,0x0000000000000000FFFFFFFFFFFFFFFFFFFFFFFFFFFFFFFF0000000000000000,True,0.5894775390625,"[4, 4, 4, 4, 4, 4, 4, 4]",0.4987802505493164,cell_balanced,"[8, 8, 8, 8]",0.5894775390625,0.5894775390625,parity2,0.05,1.0,0.5,0.5,0.5,411,0.9916909797067328,0.9948054722377232
27,0.5,0.7609677314758301,0.739006519317627,5,a1c7eb317b0df480,0.9624152183532715,0.0011831178084177757,"[12, 15, 16, 22, 35, 39, 40, 63, 65, 69, 75, 85, 97, 101, 117, 124, 130, 134, 143, 148, 161, 164, 178, 185, 193, 202, 217, 221, 226, 249, 250, 254]",1.5,-451.8740730110324,-452.26129202239895,-453.7651515832839,0.04960102587938309,0.04972463846206665,0xFFFFFFFFFF7FFF7F0000000000000000FFFFFFFF01000100FFFFFFFF00000000,False,0.015380859375,"[4, 4, 4, 4, 4, 4, 4, 4]",0.28755903244018555,cell_balanced,"[4, 4, 4, 4, 4, 4, 4, 4]",0.00830078125,0.00830078125,mux3,0.05,1.0,0.75,0.75,0.25,5182,0.9579204889707867,0.9570459638323102
28,0.5,0.4999990463256836,0.5,6,381f0eb2f9087f35,0.9999990463256836,0.9995117485559608,"[2, 12, 23, 24, 43, 55, 56, 60, 65, 71, 92, 93, 96, 99, 119, 126, 129, 142, 143, 152, 172, 177, 182, 184, 197, 202, 207, 217, 224, 241, 252, 255]",1.5,-545.0816209204737,-546.7615136694303,-554.7433554641136,0.049634430557489395,0.04973845183849335,0x0000000000000000FFFFFFFFFFFFFFFFFFFFFFFFFFFFFFFF0000000000000000,True,0.999755859375,"[4, 4, 4, 4, 4, 4, 4, 4]",0.5,cell_balanced,"[8, 8, 8, 8]",0.999755859375,0.999755859375,parity2,0.05,1.0,0.5,0.5,0.5,3,0.9999978201729911,0.9999989100864956
29,0.5,0.7508902549743652,0.7491097450256348,6,381f0eb2f9087f35,0.9977335929870605,0.5149698053694604,"[2, 12, 23, 24, 43, 55, 56, 60, 65, 71, 92, 93, 96, 99, 119, 126, 129, 142, 143, 152, 172, 177, 182, 184, 197, 202, 207, 217, 224, 241, 252, 255]",2.5,-467.93765919742987,-468.66507503178855,-469.7109593522373,0.04962478578090668,0.049741603434085846,0xFFFFFFFFFFFFFFFF0000000000000000FFFFFFFF00000000FFFFFFFF00000000,True,0.7135009765625,"[4, 4, 4, 4, 4, 4, 4, 4]",0.25226640701293945,cell_balanced,"[4, 4, 4, 4, 4, 4, 4, 4]",0.7135009765625,0.7135009765625,mux3,0.05,1.0,0.75,0.75,0.25,298,0.9952181618364568,0.9974098205566406
30,0.5,0.5207986831665039,0.4908256530761719,7,99ec5727040b68b9,0.9785575866699219,0.019898071959696617,"[13, 25, 26, 28, 33, 36, 42, 53, 68, 69, 86, 93, 97, 121, 123, 127, 129, 135, 147, 150, 162, 163, 170, 177, 199, 207, 214, 219, 227, 241, 243, 255]",2.5,-528.6227531949658,-529.8166925621863,-531.0940748518954,0.049628183245658875,0.04973853379487991,0x0000000000000000FFFFFFFFFFFFFFFFFFFFFFFFFFFFFFFF0000000000000000,True,0.0931396484375,"[4, 4, 4, 4, 4, 4, 4, 4]",0.49146556854248047,cell_balanced,"[8, 8, 8, 8]",0.0931396484375,0.0931396484375,parity2,0.05,1.0,0.5,0.5,0.5,1172,0.9763155448743726,0.975494384765625
31,0.5,0.7544875144958496,0.7455077171325684,7,99ec5727040b68b9,0.9708352088928223,0.004334859716457087,"[13, 25, 26, 28, 33, 36, 42, 53, 68, 69, 86, 93, 97, 121, 123, 127, 129, 135, 147, 150, 162, 163, 170, 177, 199, 207, 214, 219, 227, 241, 243, 255]",4.0,-452.55067828847694,-453.03498922351463,-453.40573078457237,0.04961514472961426,0.04973427206277847,0xFFFFFFFFFFFFFFFF0000000000000000FFFFFFFF00000000FFFFFFFF00000000,True,0.0321044921875,"[4, 4, 4, 4, 4, 4, 4, 4]",0.27916479110717773,cell_balanced,"[4, 4, 4, 4, 4, 4, 4, 4]",0.0321044921875,0.0321044921875,mux3,0.05,1.0,0.75,0.75,0.25,3671,0.9633794317725348,0.9666688101632255
32,0.75,0.49500322341918945,0.49506521224975586,0,0a1fd335b9818c8b,0.9948525428771973,0.3973482113562141,"[17, 19, 34, 37, 47, 54, 58, 59, 69, 72, 83, 87, 88, 90, 102, 116, 134, 144, 162, 168, 176, 180, 183, 187, 193, 197, 198, 208, 218, 223, 226, 231]",2.0,-531.8202909642632,-532.1339714803853,-532.3942210173394,0.04962259903550148,0.04973314702510834,0x0000000000000000FFFFFFFFFFFFFFFFFFFFFFFFFFFFFFFF0000000000000000,True,0.6279296875,"[2, 6, 6, 2, 2, 6, 6, 2]",0.5050854682922363,conflict_enriched,"[8, 8, 8, 8]",0.6279296875,0.6279296875,parity2,0.05,1.0,0.5,0.5,0.75,663,0.9897526891376796,0.994117191859654
33,0.75,0.747981071472168,0.7475395202636719,0,0a1fd335b9818c8b,0.9975166320800781,0.5388624721969998,"[17, 19, 34, 37, 47, 54, 58, 59, 69, 72, 83, 87, 88, 90, 102, 116, 134, 144, 162, 168, 176, 180, 183, 187, 193, 197, 198, 208, 218, 223, 226, 231]",2.0,-495.4617333761851,-498.9622780814377,-500.40330771852985,0.04961094632744789,0.049735091626644135,0xFFFFFFFFFFFFFFFF0000000000000000FFFFFFFF00000000FFFFFFFF00000000,True,0.7275390625,"[2, 6, 6, 2, 2, 6, 6, 2]",0.25248241424560547,conflict_enriched,"[2, 6, 6, 2, 2, 6, 6, 2]",0.7275390625,0.7275390625,mux3,0.05,1.0,0.625,0.625,0.125,282,0.9950878519482452,0.997161865234375
34,0.75,0.46317625045776367,0.4926323890686035,1,98cc2a02e7d0e9e2,0.9396777153015137,0.00010655630989805885,"[8, 13, 33, 45, 46, 55, 57, 63, 64, 68, 81, 82, 83, 85, 117, 122, 150, 158, 160, 162, 166, 171, 175, 190, 194, 196, 199, 213, 216, 217, 244, 255]",3.5,-508.151067213769,-508.2956097204884,-509.58931746151114,0.04962722212076187,0.04974139481782913,0x0000000000000000FFFFFFFFFFFFFFFFFFFF5FFFFFFFFFFF0000000000040000,False,0.0030517578125,"[2, 6, 6, 2, 2, 6, 6, 2]",0.524686336517334,conflict_enriched,"[8, 8, 8, 8]",0.0028076171875,0.0028076171875,parity2,0.05,1.0,0.5,0.5,0.75,6952,0.9412452766439222,0.9310602460588727
35,0.75,0.7497639656066895,0.7502293586730957,1,98cc2a02e7d0e9e2,0.9991021156311035,0.7563377606710109,"[8, 13, 33, 45, 46, 55, 57, 63, 64, 68, 81, 82, 83, 85, 117, 122, 150, 158, 160, 162, 166, 171, 175, 190, 194, 196, 199, 213, 216, 217, 244, 255]",2.0,-495.941821089319,-497.13579234569784,-497.9050824650784,0.049610037356615067,0.049729011952877045,0xFFFFFFFFFFFFFFFF0000000000000000FFFFFFFF00000000FFFFFFFF00000000,True,0.867919921875,"[2, 6, 6, 2, 2, 6, 6, 2]",0.25089120864868164,conflict_enriched,"[2, 6, 6, 2, 2, 6, 6, 2]",0.867919921875,0.867919921875,mux3,0.05,1.0,0.625,0.625,0.125,98,0.9980456700785244,0.9989738464355469
36,0.75,0.5005807876586914,0.5005168914794922,2,ac77bde2e98598db,0.9973068237304688,0.4541205787029972,"[5, 31, 37, 40, 48, 49, 52, 60, 66, 69, 83, 88, 90, 94, 102, 120, 147, 158, 163, 168, 174, 184, 189, 191, 198, 208, 209, 214, 218, 223, 224, 238]",3.0,-526.9469461731918,-528.0751081466793,-529.5656932839279,0.04962737485766411,0.04973970726132393,0x0000000000000000FFFFFFFFFFFFFFFFFFFFFFFFFFFFFFFF0000000000000000,True,0.6669921875,"[2, 6, 6, 2, 2, 6, 6, 2]",0.5023202896118164,conflict_enriched,"[8, 8, 8, 8]",0.6669921875,0.6669921875,parity2,0.05,1.0,0.5,0.5,0.75,298,0.9945161483884981,0.9969220842633929
37,0.75,0.7561845779418945,0.739837646484375,2,ac77bde2e98598db,0.9776973724365234,0.015571319464580027,"[5, 31, 37, 40, 48, 49, 52, 60, 66, 69, 83, 88, 90, 94, 102, 120, 147, 158, 163, 168, 174, 184, 189, 191, 198, 208, 209, 214, 218, 223, 224, 238]",1.5,-483.23012747409683,-484.67832353453,-485.60773989251913,0.049617521464824677,0.04972703754901886,0xFFFFFFFFFFFFFFFF0000000000000000FFFFFFFF00000000FFFFFFFF00000000,True,0.0650634765625,"[2, 6, 6, 2, 2, 6, 6, 2]",0.2720918655395508,conflict_enriched,"[2, 6, 6, 2, 2, 6, 6, 2]",0.0650634765625,0.0650634765625,mux3,0.05,1.0,0.625,0.625,0.125,2077,0.9761325533487049,0.9745112827845982
38,0.75,0.4841423034667969,0.48823070526123047,3,6d403e216e3b7b94,0.9839487075805664,0.0754371878719784,"[8, 15, 32, 40, 43, 50, 55, 59, 68, 69, 73, 77, 87, 89, 116, 120, 133, 156, 163, 164, 170, 186, 187, 189, 197, 202, 212, 214, 221, 222, 244, 248]",1.0,-529.7216144393012,-531.2641623523025,-537.2658011329551,0.04961772263050079,0.04973452910780907,0x0000000000000000FFFFFFFFFFFFFFFFFFFFFFFFFFFFFFFF0000000000000000,True,0.2574462890625,"[2, 6, 6, 2, 2, 6, 6, 2]",0.511962890625,conflict_enriched,"[8, 8, 8, 8]",0.2574462890625,0.2574462890625,parity2,0.05,1.0,0.5,0.5,0.75,1613,0.9758593891843164,0.9816556658063617
39,0.75,0.7528214454650879,0.7448744773864746,3,6d403e216e3b7b94,0.9948267936706543,0.22291398214312966,"[8, 15, 32, 40, 43, 50, 55, 59, 68, 69, 73, 77, 87, 89, 116, 120, 133, 156, 163, 164, 170, 186, 187, 189, 197, 202, 212, 214, 221, 222, 244, 248]",2.0,-489.78246757148395,-490.8953355367105,-491.90574987381416,0.04960710555315018,0.049721866846084595,0xFFFFFFFFFFFFFFFF0000000000000000FFFFFFFF00000000FFFFFFFF00000000,True,0.439453125,"[2, 6, 6, 2, 2, 6, 6, 2]",0.25516748428344727,conflict_enriched,"[2, 6, 6, 2, 2, 6, 6, 2]",0.439453125,0.439453125,mux3,0.05,1.0,0.625,0.625,0.125,402,0.9914264267641848,0.9940877641950335
40,0.75,0.48824214935302734,0.4893922805786133,4,c07d550b631777b8,0.9861049652099609,0.05738562499046209,"[18, 21, 32, 35, 42, 47, 50, 52, 65, 67, 74, 75, 78, 90, 105, 113, 128, 154, 166, 168, 170, 174, 183, 187, 192, 198, 200, 206, 207, 221, 247, 249]",1.0,-526.5142423447251,-527.7955065018525,-530.4150509877325,0.04961287975311279,0.04972955584526062,0x0000000000000000FFFFFFFFFFFFFFFFFFFFFFFFFFFFFFFF0000000000000000,True,0.199462890625,"[2, 6, 6, 2, 2, 6, 6, 2]",0.5127048492431641,conflict_enriched,"[8, 8, 8, 8]",0.199462890625,0.199462890625,parity2,0.05,1.0,0.5,0.5,0.75,1412,0.980435309302608,0.9841199602399554
41,0.75,0.751737117767334,0.7482476234436035,4,c07d550b631777b8,0.9976515769958496,0.5234074853974637,"[18, 21, 32, 35, 42, 47, 50, 52, 65, 67, 74, 75, 78, 90, 105, 113, 128, 154, 166, 168, 170, 174, 183, 187, 192, 198, 200, 206, 207, 221, 247, 249]",2.5,-492.84624822165574,-493.9374745377379,-495.0882982943591,0.04960361495614052,0.049721188843250275,0xFFFFFFFFFFFFFFFF0000000000000000FFFFFFFF00000000FFFFFFFF00000000,True,0.7186279296875,"[2, 6, 6, 2, 2, 6, 6, 2]",0.25234079360961914,conflict_enriched,"[2, 6, 6, 2, 2, 6, 6, 2]",0.7186279296875,0.7186279296875,mux3,0.05,1.0,0.625,0.625,0.125,153,0.9953205157361233,0.9973160879952567
42,0.75,0.49785470962524414,0.4979262351989746,5,5396d0ca2e9c4a5d,0.9970650672912598,0.4950408246284031,"[26, 27, 32, 40, 48, 51, 55, 56, 66, 79, 80, 85, 89, 95, 104, 120, 128, 133, 161, 165, 181, 184, 185, 190, 203, 205, 209, 214, 219, 220, 241, 253]",1.5,-529.1423710834927,-530.7481715722612,-532.8822461364786,0.04963304102420807,0.0497441366314888,0x0000000000000000FFFFFFFFFFFFFFFFFFFFFFFFFFFFFFFF0000000000000000,True,0.7001953125,"[2, 6, 6, 2, 2, 6, 6, 2]",0.5028462409973145,conflict_enriched,"[8, 8, 8, 8]",0.7001953125,0.7001953125,parity2,0.05,1.0,0.5,0.5,0.75,351,0.9940071119268139,0.9966457911900112
43,0.75,0.7500019073486328,0.7499933242797852,5,5396d0ca2e9c4a5d,0.9999904632568359,0.9956114299421621,"[26, 27, 32, 40, 48, 51, 55, 56, 66, 79, 80, 85, 89, 95, 104, 120, 128, 133, 161, 165, 181, 184, 185, 190, 203, 205, 209, 214, 219, 220, 241, 253]",3.0,-503.1186558284414,-504.5301056385224,-504.7957216586176,0.049612388014793396,0.04973004385828972,0xFFFFFFFFFFFFFFFF0000000000000000FFFFFFFF00000000FFFFFFFF00000000,True,0.997802734375,"[2, 6, 6, 2, 2, 6, 6, 2]",0.25000953674316406,conflict_enriched,"[2, 6, 6, 2, 2, 6, 6, 2]",0.997802734375,0.997802734375,mux3,0.05,1.0,0.625,0.625,0.125,8,0.9999782230276831,0.9999891008649554
44,0.75,0.4961414337158203,0.4966907501220703,6,115d70ccbbe53f44,0.9961414337158203,0.5006199639848614,"[11, 22, 35, 43, 51, 53, 54, 59, 66, 67, 76, 78, 85, 91, 97, 124, 140, 147, 166, 172, 175, 179, 187, 188, 193, 202, 211, 216, 222, 223, 228, 249]",1.5,-531.3119873687059,-534.6159743270921,-536.4341457678064,0.049616944044828415,0.04972909018397331,0x0000000000000000FFFFFFFFFFFFFFFFFFFFFFFFFFFFFFFF0000000000000000,True,0.704833984375,"[2, 6, 6, 2, 2, 6, 6, 2]",0.5033092498779297,conflict_enriched,"[8, 8, 8, 8]",0.704833984375,0.704833984375,parity2,0.05,1.0,0.5,0.5,0.75,433,0.9925414231876925,0.9955902099609375
45,0.75,0.7505006790161133,0.7489662170410156,6,115d70ccbbe53f44,0.9989328384399414,0.723668072951639,"[11, 22, 35, 43, 51, 53, 54, 59, 66, 67, 76, 78, 85, 91, 97, 124, 140, 147, 166, 172, 175, 179, 187, 188, 193, 202, 211, 216, 222, 223, 228, 249]",1.5,-498.36137498354304,-499.86002557938514,-500.82284367412194,0.049616821110248566,0.0497354194521904,0xFFFFFFFFFFFFFFFF0000000000000000FFFFFFFF00000000FFFFFFFF00000000,True,0.8482666015625,"[2, 6, 6, 2, 2, 6, 6, 2]",0.2510671615600586,conflict_enriched,"[2, 6, 6, 2, 2, 6, 6, 2]",0.8482666015625,0.8482666015625,mux3,0.05,1.0,0.625,0.625,0.125,110,0.9977514748962986,0.9987803867885044
46,0.75,0.487548828125,0.48370933532714844,7,7f4875de86af6e6e,0.9801025390625,0.04693675795079966,"[8, 30, 35, 36, 42, 56, 60, 63, 69, 75, 78, 79, 81, 89, 114, 123, 141, 156, 161, 163, 179, 182, 183, 189, 200, 201, 205, 209, 212, 216, 243, 251]",1.5,-520.8211470056611,-523.5887329807078,-530.7594450208447,0.04961814731359482,0.049730122089385986,0x0000000000000000FFFFFFFFFFFFFFFFFFFFFFFFFFFFFFFF0000000000000000,True,0.210205078125,"[2, 6, 6, 2, 2, 6, 6, 2]",0.5156154632568359,conflict_enriched,"[8, 8, 8, 8]",0.210205078125,0.210205078125,parity2,0.05,1.0,0.5,0.5,0.75,3063,0.9681998593699566,0.9772600446428571
47,0.75,0.7470231056213379,0.7529768943786621,7,7f4875de86af6e6e,0.9951109886169434,0.28750346941383836,"[8, 30, 35, 36, 42, 56, 60, 63, 69, 75, 78, 79, 81, 89, 114, 123, 141, 156, 161, 163, 179, 182, 183, 189, 200, 201, 205, 209, 212, 216, 243, 251]",2.0,-487.4009560743303,-487.917844395074,-488.58269838635573,0.049614034593105316,0.049729298800230026,0xFFFFFFFFFFFFFFFF0000000000000000FFFFFFFF00000000FFFFFFFF00000000,True,0.5201416015625,"[2, 6, 6, 2, 2, 6, 6, 2]",0.25488901138305664,conflict_enriched,"[2, 6, 6, 2, 2, 6, 6, 2]",0.5201416015625,0.5201416015625,mux3,0.05,1.0,0.625,0.625,0.125,497,0.9909775165763118,0.9944125584193638
0,0.375,0.4441380500793457,0.5019364356994629,0,b1674c8027723817,0.9235997200012207,0.0005376697270632402,"[1, 12, 25, 26, 27, 31, 34, 35, 36, 51, 52, 62, 80, 84, 98, 110, 120, 124, 134, 137, 138, 140, 149, 156, 161, 212, 213, 222, 225, 235, 242, 249]",3.0,-572.6023270019133,-574.2107220377586,-574.7270652579182,0.02977113053202629,0.02983662486076355,0x0000000000000000FFFFFFFFFFFFFFFFFFFFFFFFFFFFFFFF0000000000000000,True,0.0115966796875,"[6, 6, 2, 4, 6, 1, 3, 4]",0.4778132438659668,uniform_random,"[12, 6, 7, 7]",0.0115966796875,0.0115966796875,parity2,0.03,1.0,0.5625,0.4375,0.375,6042,0.9323853894665716,0.9126853942871094
1,0.375,0.6700887680053711,0.8298740386962891,0,b1674c8027723817,0.8576545715332031,1.4247249267488707e-05,"[1, 12, 25, 26, 27, 31, 34, 35, 36, 51, 52, 62, 80, 84, 98, 110, 120, 124, 134, 137, 138, 140, 149, 156, 161, 212, 213, 222, 225, 235, 242, 249]",2.5,-442.2917691916143,-443.69709166611165,-444.5474671070154,0.029758060351014137,0.029831774532794952,0xFFFFFFFFFCFFFCFCFCFDD4FC00000000FFFFFFFFC0C0C0C0FFFFFDFF00000000,False,0.0009765625,"[6, 6, 2, 4, 6, 1, 3, 4]",0.39230823516845703,uniform_random,"[6, 6, 2, 4, 6, 1, 3, 4]",0.0,0.0,mux3,0.03,1.0,0.75,0.875,0.3125,7866,0.9391023847643982,0.8373195103236607
2,0.4375,0.49617576599121094,0.49753379821777344,1,58ad15a270c226c7,0.9958829879760742,0.39999626233251434,"[4, 16, 18, 22, 37, 40, 48, 68, 87, 93, 94, 97, 106, 114, 115, 118, 130, 131, 136, 139, 152, 171, 173, 178, 188, 200, 213, 216, 226, 229, 238, 242]",1.5,-597.5362051305797,-603.068059475679,-608.6494177272325,0.029770199209451675,0.029836993664503098,0x0000000000000000FFFFFFFFFFFFFFFFFFFFFFFFFFFFFFFF0000000000000000,True,0.61669921875,"[4, 3, 4, 5, 5, 4, 3, 4]",0.5022478103637695,uniform_random,"[7, 9, 9, 7]",0.61669921875,0.61669921875,parity2,0.03,1.0,0.5,0.5,0.4375,322,0.9924765278101881,0.9952948434012276
3,0.4375,0.7867050170898438,0.7132177352905273,1,58ad15a270c226c7,0.8436155319213867,5.0729745299719206e-05,"[4, 16, 18, 22, 37, 40, 48, 68, 87, 93, 94, 97, 106, 114, 115, 118, 130, 131, 136, 139, 152, 171, 173, 178, 188, 200, 213, 216, 226, 229, 238, 242]",2.5,-467.2213279469647,-468.2174734423362,-468.7719000709143,0.02976142428815365,0.029833953827619553,0xFFFFFFFF033F233F0003033300000000FFFFFFFF030B030B0333033F00000000,False,0.0015869140625,"[4, 3, 4, 5, 5, 4, 3, 4]",0.4063119888305664,uniform_random,"[4, 3, 4, 5, 5, 4, 3, 4]",0.0,0.0,mux3,0.03,1.0,0.78125,0.78125,0.28125,7208,0.9479977465764087,0.821274893624442
4,0.46875,0.540867805480957,0.4817352294921875,2,ce3fbc86d8d7ac0f,0.9571113586425781,0.0024324346557959954,"[17, 24, 35, 40, 46, 55, 56, 66, 79, 81, 85, 97, 98, 101, 103, 111, 121, 123, 128, 131, 134, 137, 145, 146, 147, 178, 201, 202, 214, 215, 217, 249]",1.0,-580.8577573290722,-583.0056815553739,-585.0659205185221,0.029766054823994637,0.029834913089871407,0x0000000000000000FFFFFFFFFFFFFFFFFFFFFFFFFFFFFFFF0000000000000000,True,0.01806640625,"[2, 5, 4, 7, 7, 1, 5, 1]",0.48296642303466797,uniform_random,"[7, 11, 8, 6]",0.01806640625,0.01806640625,parity2,0.03,1.0,0.5625,0.46875,0.46875,3576,0.9613051900677958,0.9509844098772321
5,0.46875,0.6481151580810547,0.8454513549804688,2,ce3fbc86d8d7ac0f,0.8901882171630859,0.0051586070553809055,"[17, 24, 35, 40, 46, 55, 56, 66, 79, 81, 85, 97, 98, 101, 103, 111, 121, 123, 128, 131, 134, 137, 145, 146, 147, 178, 201, 202, 214, 215, 217, 249]",3.0,-482.92816043560714,-484.8060591867111,-487.9257692176042,0.029761821031570435,0.029833663254976273,0xFFFFFFFFFFFFFFFFFFF2FFFB00000000FFFFFFFF00000000FFFFFFFF00000000,False,0.038818359375,"[2, 5, 4, 7, 7, 1, 5, 1]",0.3533782958984375,uniform_random,"[2, 5, 4, 7, 7, 1, 5, 1]",0.0,0.0,mux3,0.03,1.0,0.71875,0.8125,0.25,3553,0.9697819952772104,0.8745008196149554
6,0.53125,0.5202531814575195,0.5314931869506836,3,c6350c79ea7d662f,0.9577884674072266,0.004099660879700281,"[15, 16, 30, 40, 45, 63, 64, 66, 77, 86, 101, 105, 106, 110, 113, 124, 126, 130, 144, 161, 164, 174, 188, 190, 207, 209, 210, 219, 220, 231, 235, 252]",2.0,-585.9786411593915,-587.4424506603466,-588.1385943071166,0.02977731078863144,0.029846929013729095,0x0000000000000000FFFFFFFFFFFFFFFFFFFFFFFFFFFFFFFF0000000000000000,True,0.0316162109375,"[3, 3, 4, 7, 2, 5, 5, 3]",0.5139598846435547,uniform_random,"[6, 11, 7, 8]",0.0316162109375,0.0316162109375,parity2,0.03,1.0,0.53125,0.625,0.53125,3447,0.9618522340017267,0.9517582484654018
7,0.53125,0.7726974487304688,0.7086639404296875,3,c6350c79ea7d662f,0.9181423187255859,9.537907459406666e-05,"[15, 16, 30, 40, 45, 63, 64, 66, 77, 86, 101, 105, 106, 110, 113, 124, 126, 130, 144, 161, 164, 174, 188, 190, 207, 209, 210, 219, 220, 231, 235, 252]",1.0,-511.6109352207213,-512.3983921956539,-513.9035817030983,0.029763303697109222,0.02983793243765831,0xFFFFFFFFFFFFFFAF0A000A000A000000FFFFFFFF0F000000FFAFFF0A00000000,False,0.0025634765625,"[3, 3, 4, 7, 2, 5, 5, 3]",0.3209571838378906,uniform_random,"[3, 3, 4, 7, 2, 5, 5, 3]",0.0,0.0,mux3,0.03,1.0,0.78125,0.6875,0.15625,6838,0.9483129834253579,0.9064483642578125
8,0.5,0.4740018844604492,0.5259666442871094,4,999d074f63d85a28,0.9736490249633789,0.021319339394991452,"[3, 7, 10, 28, 69, 70, 73, 84, 110, 119, 130, 138, 142, 143, 145, 155, 156, 166, 176, 179, 181, 186, 190, 197, 202, 204, 210, 219, 221, 248, 249, 252]",2.0,-585.3490603381081,-589.2185831608726,-590.5936448968866,0.029770981520414352,0.02983836829662323,0x0000000000000000FFFFFFFFFFFFFFFFFFFFFFFFFFFFFFFF0000000000000000,True,0.11767578125,"[4, 0, 4, 2, 7, 6, 6, 3]",0.47438621520996094,uniform_random,"[4, 6, 13, 9]",0.11767578125,0.11767578125,parity2,0.03,1.0,0.3125,0.5625,0.5,2182,0.9687824034958743,0.9698845999581474
9,0.5,0.8734579086303711,0.6230487823486328,4,999d074f63d85a28,0.8730487823486328,0.6467944166043523,"[3, 7, 10, 28, 69, 70, 73, 84, 110, 119, 130, 138, 142, 143, 145, 155, 156, 166, 176, 179, 181, 186, 190, 197, 202, 204, 210, 219, 221, 248, 249, 252]",4.5,-406.5834296409711,-406.66846723876296,-406.9879369570918,0.02973354049026966,0.02981555461883545,0xFFFFFFFFFFFFFFFF0000000000000000FFFFFFFF000000000000000000000000,False,0.8017578125,"[4, 0, 4, 2, 7, 6, 6, 3]",0.3769512176513672,uniform_random,"[4, 0, 4, 2, 7, 6, 6, 3]",0.0,0.0,mux3,0.03,1.0,0.875,0.625,0.3125,142,0.9959977034356408,0.8549128941127232
10,0.5,0.5079975128173828,0.509129524230957,5,60086b80022888b1,0.9901180267333984,0.11879863140565865,"[1, 7, 12, 18, 42, 43, 55, 82, 84, 93, 100, 104, 111, 112, 115, 118, 155, 167, 177, 178, 184, 199, 200, 202, 204, 214, 219, 228, 229, 238, 251, 255]",1.5,-577.1663978222871,-579.1938959556843,-580.1398513989986,0.02977120131254196,0.029841512441635132,0x0000000000000000FFFFFFFFFFFFFFFFFFFFFFFFFFFFFFFF0000000000000000,True,0.303955078125,"[4, 3, 3, 6, 1, 4, 6, 5]",0.5072488784790039,uniform_random,"[7, 9, 5, 11]",0.303955078125,0.303955078125,parity2,0.03,1.0,0.5,0.625,0.5,892,0.9846753103051367,0.9887063162667411
11,0.5,0.7957396507263184,0.7040352821350098,5,60086b80022888b1,0.9388175010681152,0.0004361804305029911,"[1, 7, 12, 18, 42, 43, 55, 82, 84, 93, 100, 104, 111, 112, 115, 118, 155, 167, 177, 178, 184, 199, 200, 202, 204, 214, 219, 228, 229, 238, 251, 255]",1.0,-493.08026804326556,-494.50422095684496,-496.5223501022319,0.029756411910057068,0.029826728627085686,0xFFFFFFFFFFFFFFFF0000000000000000FFFFFFFF0000FFCCFFFFFFFF00000000,False,0.00732421875,"[4, 3, 3, 6, 1, 4, 6, 5]",0.3109622001647949,uniform_random,"[4, 3, 3, 6, 1, 4, 6, 5]",0.000244140625,0.000244140625,mux3,0.03,1.0,0.8125,0.6875,0.1875,5458,0.959430450986806,0.930077144077846
12,0.53125,0.5037789344787598,0.4984307289123535,6,651a6b4b9f13fb6f,0.9946589469909668,0.40442554733281955,"[7, 17, 21, 22, 30, 46, 48, 58, 68, 69, 70, 71, 82, 86, 88, 99, 105, 134, 136, 140, 141, 149, 154, 169, 175, 183, 193, 197, 201, 204, 227, 237]",1.0,-598.8035251858184,-606.4579182355576,-609.8959667952861,0.029758336022496223,0.029829159379005432,0x0000000000000000FFFFFFFFFFFFFFFFFFFFFFFFFFFFFFFF0000000000000000,True,0.6339111328125,"[5, 3, 7, 2, 6, 3, 4, 2]",0.49991846084594727,uniform_random,"[8, 9, 9, 6]",0.6339111328125,0.6339111328125,parity2,0.03,1.0,0.53125,0.4375,0.53125,601,0.9895504540097265,0.9938959394182477
13,0.53125,0.717893123626709,0.7666678428649902,6,651a6b4b9f13fb6f,0.9142632484436035,8.673534595897937e-06,"[7, 17, 21, 22, 30, 46, 48, 58, 68, 69, 70, 71, 82, 86, 88, 99, 105, 134, 136, 140, 141, 149, 154, 169, 175, 183, 193, 197, 201, 204, 227, 237]",2.5,-489.42390111606215,-490.6477907692532,-491.26810220115453,0.029747571796178818,0.02982265129685402,0xFFFFFFFF3F3FFFFF0000000000000000FFFFFFFF00000000FFFFFFFF00000000,False,0.0008544921875,"[5, 3, 7, 2, 6, 3, 4, 2]",0.33552980422973633,uniform_random,"[5, 3, 7, 2, 6, 3, 4, 2]",0.0,0.0,mux3,0.03,1.0,0.6875,0.78125,0.25,7959,0.9277649271870052,0.902015141078404
14,0.5625,0.5356531143188477,0.4588909149169922,7,f12319a0b53a94f6,0.9442520141601562,0.0011128353528262727,"[6, 27, 43, 53, 56, 57, 58, 62, 68, 70, 79, 83, 87, 89, 113, 114, 130, 133, 142, 144, 162, 196, 211, 212, 220, 222, 226, 229, 231, 242, 243, 250]",3.0,-573.434110644605,-574.7792618361327,-575.6032210678175,0.029773099347949028,0.029840588569641113,0x00000000000000000F0FFFFFFFFFFFFFFFFFFFFFFFFFFFFF0000000000000003,False,0.0169677734375,"[2, 6, 6, 2, 4, 1, 5, 6]",0.47881031036376953,uniform_random,"[8, 8, 5, 11]",0.00146484375,0.00146484375,parity2,0.03,1.0,0.5,0.3125,0.5625,4396,0.9596264314914384,0.9362880161830357
15,0.5625,0.6446514129638672,0.8403520584106445,7,f12319a0b53a94f6,0.8855295181274414,0.0015281218048010011,"[6, 27, 43, 53, 56, 57, 58, 62, 68, 70, 79, 83, 87, 89, 113, 114, 130, 133, 142, 144, 162, 196, 211, 212, 220, 222, 226, 229, 231, 242, 243, 250]",3.0,-477.73152510414235,-478.78876356367675,-480.98982156360245,0.02975582703948021,0.02983241155743599,0xFFFFFFFFFFFFFFFFFFFBFBB200000000FFFFFFFF00000000FFFFFFFF00000000,False,0.011474609375,"[2, 6, 6, 2, 4, 1, 5, 6]",0.3494739532470703,uniform_random,"[2, 6, 6, 2, 4, 1, 5, 6]",0.0,0.0,mux3,0.03,1.0,0.625,0.8125,0.3125,3019,0.9722467087444769,0.8691765921456474
16,0.5,0.5007123947143555,0.5003290176391602,0,6293e349a9faad3b,0.9973716735839844,0.5182704876636705,"[8, 21, 23, 31, 36, 40, 48, 51, 64, 73, 79, 80, 101, 103, 104, 110, 128, 131, 136, 146, 160, 170, 180, 185, 198, 209, 210, 220, 230, 244, 250, 253]",1.0,-593.5005494237478,-594.9984865688892,-604.2196988372103,0.02976895123720169,0.029835663735866547,0x0000000000000000FFFFFFFFFFFFFFFFFFFFFFFFFFFFFFFF0000000000000000,True,0.7166748046875,"[4, 4, 4, 4, 4, 4, 4, 4]",0.5017662048339844,cell_balanced,"[8, 8, 8, 8]",0.7166748046875,0.7166748046875,parity2,0.03,1.0,0.5,0.5,0.5,431,0.9944444888384679,0.9969961983816964
17,0.5,0.749967098236084,0.750032901763916,0,6293e349a9faad3b,0.999946117401123,0.977225503792272,"[8, 21, 23, 31, 36, 40, 48, 51, 64, 73, 79, 80, 101, 103, 104, 110, 128, 131, 136, 146, 160, 170, 180, 185, 198, 209, 210, 220, 230, 244, 250, 253]",2.0,-539.2442774429175,-540.6349325161232,-541.0883032345637,0.029765784740447998,0.029835272580385208,0xFFFFFFFFFFFFFFFF0000000000000000FFFFFFFF00000000FFFFFFFF00000000,True,0.988525390625,"[4, 4, 4, 4, 4, 4, 4, 4]",0.25005388259887695,cell_balanced,"[4, 4, 4, 4, 4, 4, 4, 4]",0.988525390625,0.988525390625,mux3,0.03,1.0,0.75,0.75,0.25,15,0.999877559638704,0.9999384198869977
18,0.5,0.5151538848876953,0.4976663589477539,1,c9b4a81f93ef801a,0.9847784042358398,0.07055905490782566,"[0, 4, 7, 21, 33, 41, 42, 50, 65, 75, 81, 90, 101, 106, 110, 122, 135, 145, 148, 154, 167, 176, 178, 181, 205, 213, 220, 222, 224, 232, 236, 239]",1.0,-587.4668029930643,-592.3046914266665,-596.1962331258325,0.02976643294095993,0.02983679808676243,0x0000000000000000FFFFFFFFFFFFFFFFFFFFFFFFFFFFFFFF0000000000000000,True,0.237548828125,"[4, 4, 4, 4, 4, 4, 4, 4]",0.4976177215576172,cell_balanced,"[8, 8, 8, 8]",0.237548828125,0.237548828125,parity2,0.03,1.0,0.5,0.5,0.5,898,0.9796670922614731,0.9826038905552456
19,0.5,0.7312097549438477,0.7665367126464844,1,c9b4a81f93ef801a,0.9006242752075195,3.061072175253327e-05,"[0, 4, 7, 21, 33, 41, 42, 50, 65, 75, 81, 90, 101, 106, 110, 122, 135, 145, 148, 154, 167, 176, 178, 181, 205, 213, 220, 222, 224, 232, 236, 239]",3.0,-477.6392423346258,-478.9103498740277,-481.05482271781534,0.02974725514650345,0.029821831732988358,0xFFFFFFFFF7F1F7F10000000000000000FFFFFFFF70107010FFFFFFFF00000000,False,0.001708984375,"[4, 4, 4, 4, 4, 4, 4, 4]",0.34784793853759766,cell_balanced,"[4, 4, 4, 4, 4, 4, 4, 4]",0.0,0.0,mux3,0.03,1.0,0.75,0.75,0.25,7609,0.9445881127096518,0.886427743094308
20,0.5,0.5078983306884766,0.5048484802246094,2,92402e067f850060,0.9917392730712891,0.22350694192749665,"[1, 8, 20, 30, 40, 44, 55, 59, 66, 70, 84, 88, 98, 105, 118, 120, 132, 150, 152, 158, 173, 175, 176, 189, 193, 200, 211, 212, 226, 229, 233, 240]",2.0,-603.628655371994,-608.3550369072415,-623.4627745458916,0.029754454270005226,0.029828941449522972,0x0000000000000000FFFFFFFFFFFFFFFFFFFFFFFFFFFFFFFF0000000000000000,True,0.45703125,"[4, 4, 4, 4, 4, 4, 4, 4]",0.5045127868652344,cell_balanced,"[8, 8, 8, 8]",0.45703125,0.45703125,parity2,0.03,1.0,0.5,0.5,0.5,625,0.9880405809119073,0.9905591692243304
21,0.5,0.7558565139770508,0.7441368103027344,2,92402e067f850060,0.9899024963378906,0.07836127185134599,"[1, 8, 20, 30, 40, 44, 55, 59, 66, 70, 84, 88, 98, 105, 118, 120, 132, 150, 152, 158, 173, 175, 176, 189, 193, 200, 211, 212, 226, 229, 233, 240]",1.0,-525.2757897337676,-526.2699791530482,-528.898021369953,0.029755907133221626,0.029832132160663605,0xFFFFFFFFFFFFFFFF0000000000000000FFFFFFFF00000000FFFFFFFF00000000,True,0.2127685546875,"[4, 4, 4, 4, 4, 4, 4, 4]",0.26009082794189453,cell_balanced,"[4, 4, 4, 4, 4, 4, 4, 4]",0.2127685546875,0.2127685546875,mux3,0.03,1.0,0.75,0.75,0.25,349,0.9863108929723212,0.9884599958147321
22,0.5,0.47729015350341797,0.5063714981079102,3,369096b35ac51fa1,0.9566802978515625,0.003341039565147723,"[15, 16, 24, 26, 34, 46, 54, 56, 69, 71, 73, 74, 112, 115, 117, 125, 129, 139, 152, 159, 160, 164, 173, 187, 192, 194, 215, 220, 232, 244, 252, 255]",1.5,-580.3444695184515,-584.118415515231,-586.0221706923484,0.02977302484214306,0.029839949682354927,0x0000000000000000FFFFFFFFFFFFFFFFFFFFFFFFFFFFFFFF0000000200000002,False,0.036865234375,"[4, 4, 4, 4, 4, 4, 4, 4]",0.4973487854003906,cell_balanced,"[8, 8, 8, 8]",0.0213623046875,0.0213623046875,parity2,0.03,1.0,0.5,0.5,0.5,4782,0.9530924452899414,0.9504917689732143
23,0.5,0.7798547744750977,0.7109651565551758,3,369096b35ac51fa1,0.8405065536499023,6.387417401721401e-05,"[15, 16, 24, 26, 34, 46, 54, 56, 69, 71, 73, 74, 112, 115, 117, 125, 129, 139, 152, 159, 160, 164, 173, 187, 192, 194, 215, 220, 232, 244, 252, 255]",2.5,-478.5708368056474,-479.4732261844533,-480.72224796851066,0.029754046350717545,0.0298287495970726,0xFFFFFFFFFDFF55D54444000000000000FFFFFFFF55550050D5DD555500000000,False,0.0023193359375,"[4, 4, 4, 4, 4, 4, 4, 4]",0.40422534942626953,cell_balanced,"[4, 4, 4, 4, 4, 4, 4, 4]",0.0,0.0,mux3,0.03,1.0,0.75,0.75,0.25,7337,0.9475341973646512,0.8177217755998883
24,0.5,0.5053596496582031,0.5123271942138672,4,7b2268760b066630,0.9214992523193359,5.663132554022708e-05,"[0, 16, 17, 23, 33, 39, 51, 63, 69, 70, 78, 79, 100, 103, 106, 126, 130, 145, 146, 154, 163, 166, 183, 191, 207, 216, 220, 222, 233, 234, 237, 253]",1.0,-561.8371692694633,-562.7072979105178,-565.6406623627207,0.029755782335996628,0.02982749231159687,0x0000000000000000FFFFCFFFFFFFCFFFF5F5FFFFF5F5FFFF0000000000000000,False,0.003662109375,"[4, 4, 4, 4, 4, 4, 4, 4]",0.5083293914794922,cell_balanced,"[8, 8, 8, 8]",0.0003662109375,0.0003662109375,parity2,0.03,1.0,0.5,0.5,0.5,7641,0.9237085976415291,0.9102848597935268
25,0.5,0.7423958778381348,0.7571864128112793,4,7b2268760b066630,0.9622302055358887,0.00120639626381089,"[0, 16, 17, 23, 33, 39, 51, 63, 69, 70, 78, 79, 100, 103, 106, 126, 130, 145, 146, 154, 163, 166, 183, 191, 207, 216, 220, 222, 233, 234, 237, 253]",2.5,-504.7407761061955,-505.4856707038002,-505.7242359292433,0.029750047251582146,0.029825028032064438,0xFFFFFFFFFFFFFFFF0000000000000000FFFFFFFF03000000FFFFFFFF00000000,False,0.0206298828125,"[4, 4, 4, 4, 4, 4, 4, 4]",0.2873539924621582,cell_balanced,"[4, 4, 4, 4, 4, 4, 4, 4]",0.0155029296875,0.0155029296875,mux3,0.03,1.0,0.75,0.75,0.25,5066,0.9564562649859645,0.9568345206124442
26,0.5,0.4973478317260742,0.5011634826660156,5,a1c7eb317b0df480,0.9972257614135742,0.5307141186305854,"[12, 15, 16, 22, 35, 39, 40, 63, 65, 69, 75, 85, 97, 101, 117, 124, 130, 134, 143, 148, 161, 164, 178, 185, 193, 202, 217, 221, 226, 249, 250, 254]",1.5,-593.2413468179147,-594.2016678016462,-601.814597659445,0.02976631186902523,0.029833154752850533,0x0000000000000000FFFFFFFFFFFFFFFFFFFFFFFFFFFFFFFF0000000000000000,True,0.723388671875,"[4, 4, 4, 4, 4, 4, 4, 4]",0.4989509582519531,cell_balanced,"[8, 8, 8, 8]",0.723388671875,0.723388671875,parity2,0.03,1.0,0.5,0.5,0.5,266,0.9945003859071175,0.9968294416155133
27,0.5,0.7606120109558105,0.7393507957458496,5,a1c7eb317b0df480,0.9714055061340332,0.0052877264776126235,"[12, 15, 16, 22, 35, 39, 40, 63, 65, 69, 75, 85, 97, 101, 117, 124, 130, 134, 143, 148, 161, 164, 178, 185, 193, 202, 217, 221, 226, 249, 250, 254]",1.0,-513.9666285256105,-514.3390928917239,-516.4161516436646,0.029750484973192215,0.02982829511165619,0xFFFFFFFFFF7FFF7F0000000000000000FFFFFFFF01000100FFFFFFFF00000000,False,0.0419921875,"[4, 4, 4, 4, 4, 4, 4, 4]",0.27855730056762695,cell_balanced,"[4, 4, 4, 4, 4, 4, 4, 4]",0.0186767578125,0.0186767578125,mux3,0.03,1.0,0.75,0.75,0.25,3347,0.9676851342732546,0.9673205784388951
28,0.5,0.5,0.5,6,381f0eb2f9087f35,1.0,1.0,"[2, 12, 23, 24, 43, 55, 56, 60, 65, 71, 92, 93, 96, 99, 119, 126, 129, 142, 143, 152, 172, 177, 182, 184, 197, 202, 207, 217, 224, 241, 252, 255]",1.5,-612.5623283580984,-614.4125287331035,-622.3844283355828,0.029770709574222565,0.02983992174267769,0x0000000000000000FFFFFFFFFFFFFFFFFFFFFFFFFFFFFFFF0000000000000000,True,1.0,"[4, 4, 4, 4, 4, 4, 4, 4]",0.5,cell_balanced,"[8, 8, 8, 8]",1.0,1.0,parity2,0.03,1.0,0.5,0.5,0.5,1,1.0,1.0
29,0.5,0.7509498596191406,0.749049186706543,6,381f0eb2f9087f35,0.9987668991088867,0.6856074407123672,"[2, 12, 23, 24, 43, 55, 56, 60, 65, 71, 92, 93, 96, 99, 119, 126, 129, 142, 143, 152, 172, 177, 182, 184, 197, 202, 207, 217, 224, 241, 252, 255]",2.0,-532.5089362095437,-533.5072187570986,-535.0569714901086,0.029757071286439896,0.02983058989048004,0xFFFFFFFFFFFFFFFF0000000000000000FFFFFFFF00000000FFFFFFFF00000000,True,0.8255615234375,"[4, 4, 4, 4, 4, 4, 4, 4]",0.2512331008911133,cell_balanced,"[4, 4, 4, 4, 4, 4, 4, 4]",0.8255615234375,0.8255615234375,mux3,0.03,1.0,0.75,0.75,0.25,139,0.9973660576276149,0.9985907418387276
30,0.5,0.5150041580200195,0.4921274185180664,7,99ec5727040b68b9,0.9845104217529297,0.04672009842166707,"[13, 25, 26, 28, 33, 36, 42, 53, 68, 69, 86, 93, 97, 121, 123, 127, 129, 135, 147, 150, 162, 163, 170, 177, 199, 207, 214, 219, 227, 241, 243, 255]",2.5,-594.9954723056892,-596.3467071676744,-598.098149445084,0.029767433181405067,0.029838494956493378,0x0000000000000000FFFFFFFFFFFFFFFFFFFFFFFFFFFFFFFF0000000000000000,True,0.153076171875,"[4, 4, 4, 4, 4, 4, 4, 4]",0.4926128387451172,cell_balanced,"[8, 8, 8, 8]",0.153076171875,0.153076171875,parity2,0.03,1.0,0.5,0.5,0.5,697,0.981101210780067,0.9822976248604911
31,0.5,0.7579855918884277,0.7419991493225098,7,99ec5727040b68b9,0.9787001609802246,0.012275942631394213,"[13, 25, 26, 28, 33, 36, 42, 53, 68, 69, 86, 93, 97, 121, 123, 127, 129, 135, 147, 150, 162, 163, 170, 177, 199, 207, 214, 219, 227, 241, 243, 255]",4.0,-516.414207561636,-516.8673021914353,-517.9114820263313,0.029761020094156265,0.029835086315870285,0xFFFFFFFFFFFFFFFF0000000000000000FFFFFFFF00000000FFFFFFFF00000000,True,0.04931640625,"[4, 4, 4, 4, 4, 4, 4, 4]",0.2712998390197754,cell_balanced,"[4, 4, 4, 4, 4, 4, 4, 4]",0.04931640625,0.04931640625,mux3,0.03,1.0,0.75,0.75,0.25,2093,0.9737853029533161,0.9756573268345424
32,0.75,0.49611616134643555,0.49613523483276367,0,0a1fd335b9818c8b,0.9960761070251465,0.4616051535221585,"[17, 19, 34, 37, 47, 54, 58, 59, 69, 72, 83, 87, 88, 90, 102, 116, 134, 144, 162, 168, 176, 180, 183, 187, 193, 197, 198, 208, 218, 223, 226, 231]",1.0,-597.754814035854,-597.9362982991474,-598.280556474018,0.029760131612420082,0.029831675812602043,0x0000000000000000FFFFFFFFFFFFFFFFFFFFFFFFFFFFFFFF0000000000000000,True,0.6763916015625,"[2, 6, 6, 2, 2, 6, 6, 2]",0.5039048194885254,conflict_enriched,"[8, 8, 8, 8]",0.6763916015625,0.6763916015625,parity2,0.03,1.0,0.5,0.5,0.75,437,0.9921885494477368,0.9955155508858817
33,0.75,0.7481393814086914,0.7479343414306641,0,0a1fd335b9818c8b,0.9979324340820312,0.6035908254391252,"[17, 19, 34, 37, 47, 54, 58, 59, 69, 72, 83, 87, 88, 90, 102, 116, 134, 144, 162, 168, 176, 180, 183, 187, 193, 197, 198, 208, 218, 223, 226, 231]",2.0,-557.5328560546999,-562.7864121403672,-564.1720224970493,0.029752783477306366,0.02982669696211815,0xFFFFFFFFFFFFFFFF0000000000000000FFFFFFFF00000000FFFFFFFF00000000,True,0.7725830078125,"[2, 6, 6, 2, 2, 6, 6, 2]",0.25206565856933594,conflict_enriched,"[2, 6, 6, 2, 2, 6, 6, 2]",0.7725830078125,0.7725830078125,mux3,0.03,1.0,0.625,0.625,0.125,199,0.9959090163165472,0.9976370675223214
34,0.75,0.4666404724121094,0.4902057647705078,1,98cc2a02e7d0e9e2,0.9532976150512695,0.0006622884492125503,"[8, 13, 33, 45, 46, 55, 57, 63, 64, 68, 81, 82, 83, 85, 117, 122, 150, 158, 160, 162, 166, 171, 175, 190, 194, 196, 199, 213, 216, 217, 244, 255]",3.0,-573.4795704983247,-574.502677335566,-576.2989747576445,0.02976495400071144,0.02983434870839119,0x0000000000000000FFFFFFFFFFFFFFFFFFFFFFFFFFFFFFFF0000000000000000,True,0.0101318359375,"[2, 6, 6, 2, 2, 6, 6, 2]",0.5209512710571289,conflict_enriched,"[8, 8, 8, 8]",0.0101318359375,0.0101318359375,parity2,0.03,1.0,0.5,0.5,0.75,5508,0.9524879154735371,0.9466258457728794
35,0.75,0.749971866607666,0.7500252723693848,1,98cc2a02e7d0e9e2,0.9997420310974121,0.9084177875297583,"[8, 13, 33, 45, 46, 55, 57, 63, 64, 68, 81, 82, 83, 85, 117, 122, 150, 158, 160, 162, 166, 171, 175, 190, 194, 196, 199, 213, 216, 217, 244, 255]",2.0,-559.6889259187767,-561.0920700177069,-561.9707249789305,0.029753979295492172,0.02982788160443306,0xFFFFFFFFFFFFFFFF0000000000000000FFFFFFFF00000000FFFFFFFF00000000,True,0.952880859375,"[2, 6, 6, 2, 2, 6, 6, 2]",0.25025510787963867,conflict_enriched,"[2, 6, 6, 2, 2, 6, 6, 2]",0.952880859375,0.952880859375,mux3,0.03,1.0,0.625,0.625,0.125,26,0.9994218086063241,0.9997051783970424
36,0.75,0.500370979309082,0.5003299713134766,2,ac77bde2e98598db,0.9987659454345703,0.6748983378288671,"[5, 31, 37, 40, 48, 49, 52, 60, 66, 69, 83, 88, 90, 94, 102, 120, 147, 158, 163, 168, 174, 184, 189, 191, 198, 208, 209, 214, 218, 223, 224, 238]",3.0,-593.1306798607773,-594.6311972938956,-596.4680579815778,0.029770908877253532,0.029840584844350815,0x0000000000000000FFFFFFFFFFFFFFFFFFFFFFFFFFFFFFFF0000000000000000,True,0.819091796875,"[2, 6, 6, 2, 2, 6, 6, 2]",0.5011377334594727,conflict_enriched,"[8, 8, 8, 8]",0.819091796875,0.819091796875,parity2,0.03,1.0,0.5,0.5,0.75,143,0.9973560253119083,0.9985896519252232
37,0.75,0.7562050819396973,0.7407803535461426,2,ac77bde2e98598db,0.9845385551452637,0.03845135857953852,"[5, 31, 37, 40, 48, 49, 52, 60, 66, 69, 83, 88, 90, 94, 102, 120, 147, 158, 163, 168, 174, 184, 189, 191, 198, 208, 209, 214, 218, 223, 224, 238]",1.0,-547.2966303229582,-547.9813735751086,-550.1821321917564,0.029751107096672058,0.029823414981365204,0xFFFFFFFFFFFFFFFF0000000000000000FFFFFFFF00000000FFFFFFFF00000000,True,0.133544921875,"[2, 6, 6, 2, 2, 6, 6, 2]",0.2653975486755371,conflict_enriched,"[2, 6, 6, 2, 2, 6, 6, 2]",0.133544921875,0.133544921875,mux3,0.03,1.0,0.625,0.625,0.125,1043,0.9817694885564854,0.9823297773088727
38,0.75,0.4906949996948242,0.49268531799316406,3,6d403e216e3b7b94,0.9906482696533203,0.1729248851635942,"[8, 15, 32, 40, 43, 50, 55, 59, 68, 69, 73, 77, 87, 89, 116, 120, 133, 156, 163, 164, 170, 186, 187, 189, 197, 202, 212, 214, 221, 222, 244, 248]",1.0,-595.1924290488242,-596.9557809214616,-601.9255420327688,0.029761170968413353,0.029835235327482224,0x0000000000000000FFFFFFFFFFFFFFFFFFFFFFFFFFFFFFFF0000000000000000,True,0.4005126953125,"[2, 6, 6, 2, 2, 6, 6, 2]",0.5073614120483398,conflict_enriched,"[8, 8, 8, 8]",0.4005126953125,0.4005126953125,parity2,0.03,1.0,0.5,0.5,0.75,866,0.9844682469721723,0.9893123081752232
39,0.75,0.751617431640625,0.7466459274291992,3,6d403e216e3b7b94,0.9965925216674805,0.3687950546903614,"[8, 15, 32, 40, 43, 50, 55, 59, 68, 69, 73, 77, 87, 89, 116, 120, 133, 156, 163, 164, 170, 186, 187, 189, 197, 202, 212, 214, 221, 222, 244, 248]",2.0,-552.2854513634134,-553.9382393663864,-555.5407886315113,0.029751092195510864,0.02983148768544197,0xFFFFFFFFFFFFFFFF0000000000000000FFFFFFFF00000000FFFFFFFF00000000,True,0.58837890625,"[2, 6, 6, 2, 2, 6, 6, 2]",0.2533998489379883,conflict_enriched,"[2, 6, 6, 2, 2, 6, 6, 2]",0.58837890625,0.58837890625,mux3,0.03,1.0,0.625,0.625,0.125,250,0.9939369235204147,0.9961057390485492
40,0.75,0.4916224479675293,0.4927210807800293,4,c07d550b631777b8,0.9895844459533691,0.10361815750518862,"[18, 21, 32, 35, 42, 47, 50, 52, 65, 67, 74, 75, 78, 90, 105, 113, 128, 154, 166, 168, 170, 174, 183, 187, 192, 198, 200, 206, 207, 221, 247, 249]",1.0,-592.1762241126838,-593.4343651595677,-595.7041250866242,0.029762178659439087,0.029834600165486336,0x0000000000000000FFFFFFFFFFFFFFFFFFFFFFFFFFFFFFFF0000000000000000,True,0.2928466796875,"[2, 6, 6, 2, 2, 6, 6, 2]",0.5092921257019043,conflict_enriched,"[8, 8, 8, 8]",0.2928466796875,0.2928466796875,parity2,0.03,1.0,0.5,0.5,0.75,1062,0.9837698999357387,0.9880965096609933
41,0.75,0.7515497207641602,0.7484502792358398,4,c07d550b631777b8,0.9980573654174805,0.5787195693062508,"[18, 21, 32, 35, 42, 47, 50, 52, 65, 67, 74, 75, 78, 90, 105, 113, 128, 154, 166, 168, 170, 174, 183, 187, 192, 198, 200, 206, 207, 221, 247, 249]",2.5,-555.3618276937859,-556.5165321927136,-557.8428710643037,0.02974802255630493,0.029825475066900253,0xFFFFFFFFFFFFFFFF0000000000000000FFFFFFFF00000000FFFFFFFF00000000,True,0.7569580078125,"[2, 6, 6, 2, 2, 6, 6, 2]",0.25194263458251953,conflict_enriched,"[2, 6, 6, 2, 2, 6, 6, 2]",0.7569580078125,0.7569580078125,mux3,0.03,1.0,0.625,0.625,0.125,85,0.9960730634736319,0.9977798461914062
42,0.75,0.4981660842895508,0.4981956481933594,5,5396d0ca2e9c4a5d,0.9978837966918945,0.6312892663727719,"[26, 27, 32, 40, 48, 51, 55, 56, 66, 79, 80, 85, 89, 95, 104, 120, 128, 133, 161, 165, 181, 184, 185, 190, 203, 205, 209, 214, 219, 220, 241, 253]",1.5,-595.6232245587669,-597.3532736749762,-598.709066847088,0.029766995459794998,0.029837055131793022,0x0000000000000000FFFFFFFFFFFFFFFFFFFFFFFFFFFFFFFF0000000000000000,True,0.792724609375,"[2, 6, 6, 2, 2, 6, 6, 2]",0.5020847320556641,conflict_enriched,"[8, 8, 8, 8]",0.792724609375,0.792724609375,parity2,0.03,1.0,0.5,0.5,0.75,203,0.9955649369592752,0.9975814819335938
43,0.75,0.7500052452087402,0.749992847442627,5,5396d0ca2e9c4a5d,0.999992847442627,0.9963433451158283,"[26, 27, 32, 40, 48, 51, 55, 56, 66, 79, 80, 85, 89, 95, 104, 120, 128, 133, 161, 165, 181, 184, 185, 190, 203, 205, 209, 214, 219, 220, 241, 253]",3.0,-567.4138750047152,-568.4074366953498,-569.631165183646,0.029754135757684708,0.029824385419487953,0xFFFFFFFFFFFFFFFF0000000000000000FFFFFFFF00000000FFFFFFFF00000000,True,0.9981689453125,"[2, 6, 6, 2, 2, 6, 6, 2]",0.25000619888305664,conflict_enriched,"[2, 6, 6, 2, 2, 6, 6, 2]",0.9981689453125,0.9981689453125,mux3,0.03,1.0,0.625,0.625,0.125,4,0.9999836757898712,0.9999918256487165
44,0.75,0.4945716857910156,0.49553966522216797,6,115d70ccbbe53f44,0.9945716857910156,0.35481334672773474,"[11, 22, 35, 43, 51, 53, 54, 59, 66, 67, 76, 78, 85, 91, 97, 124, 140, 147, 166, 172, 175, 179, 187, 188, 193, 202, 211, 216, 222, 223, 228, 249]",1.0,-595.632834295926,-599.8918668918161,-601.6632048030278,0.029759883880615234,0.029831819236278534,0x0000000000000000FFFFFFFFFFFFFFFFFFFFFFFFFFFFFFFF0000000000000000,True,0.5877685546875,"[2, 6, 6, 2, 2, 6, 6, 2]",0.504460334777832,conflict_enriched,"[8, 8, 8, 8]",0.5877685546875,0.5877685546875,parity2,0.03,1.0,0.5,0.5,0.75,386,0.9906561507608996,0.9937962123325893
45,0.75,0.7502846717834473,0.7494330406188965,6,115d70ccbbe53f44,0.999413013458252,0.8371233301508515,"[11, 22, 35, 43, 51, 53, 54, 59, 66, 67, 76, 78, 85, 91, 97, 124, 140, 147, 166, 172, 175, 179, 187, 188, 193, 202, 211, 216, 222, 223, 228, 249]",1.5,-561.1788537418,-563.5688257073066,-564.8155973153299,0.02975286915898323,0.02982703223824501,0xFFFFFFFFFFFFFFFF0000000000000000FFFFFFFF00000000FFFFFFFF00000000,True,0.9141845703125,"[2, 6, 6, 2, 2, 6, 6, 2]",0.25058698654174805,conflict_enriched,"[2, 6, 6, 2, 2, 6, 6, 2]",0.9141845703125,0.9141845703125,mux3,0.03,1.0,0.625,0.625,0.125,65,0.9987210959198171,0.9993291582380023
46,0.75,0.4905533790588379,0.4880061149597168,7,7f4875de86af6e6e,0.985924243927002,0.0941010844123886,"[8, 30, 35, 36, 42, 56, 60, 63, 69, 75, 78, 79, 81, 89, 114, 123, 141, 156, 161, 163, 179, 182, 183, 189, 200, 201, 205, 209, 212, 216, 243, 251]",1.5,-586.3427697237188,-588.674107328621,-594.8845415905539,0.02976188063621521,0.02983434870839119,0x0000000000000000FFFFFFFFFFFFFFFFFFFFFFFFFFFFFFFF0000000000000000,True,0.3013916015625,"[2, 6, 6, 2, 2, 6, 6, 2]",0.5112996101379395,conflict_enriched,"[8, 8, 8, 8]",0.3013916015625,0.3013916015625,parity2,0.03,1.0,0.5,0.5,0.75,1969,0.9767511306433644,0.9839134216308594
47,0.75,0.7487053871154785,0.7512946128845215,7,7f4875de86af6e6e,0.9976210594177246,0.4773119708845837,"[8, 30, 35, 36, 42, 56, 60, 63, 69, 75, 78, 79, 81, 89, 114, 123, 141, 156, 161, 163, 179, 182, 183, 189, 200, 201, 205, 209, 212, 216, 243, 251]",2.0,-550.0429686493376,-550.4827304334299,-550.6931013652628,0.029750723391771317,0.02983022853732109,0xFFFFFFFFFFFFFFFF0000000000000000FFFFFFFF00000000FFFFFFFF00000000,True,0.680419921875,"[2, 6, 6, 2, 2, 6, 6, 2]",0.2523789405822754,conflict_enriched,"[2, 6, 6, 2, 2, 6, 6, 2]",0.680419921875,0.680419921875,mux3,0.03,1.0,0.625,0.625,0.125,202,0.9953165138846823,0.9972812107631138
0,0.375,0.44826698303222656,0.5061683654785156,0,b1674c8027723817,0.9340429306030273,0.0008597827455438897,"[1, 12, 25, 26, 27, 31, 34, 35, 36, 51, 52, 62, 80, 84, 98, 110, 120, 124, 134, 137, 138, 140, 149, 156, 161, 212, 213, 222, 225, 235, 242, 249]",2.5,-624.1555870088522,-625.5109545526707,-626.5964635874958,0.01984107494354248,0.019889917224645615,0x0000000000000000FFFFFFFFFFFFFFFFFFFFFFFFFFFFFFFF0000000000000000,True,0.019287109375,"[6, 6, 2, 4, 6, 1, 3, 4]",0.47971630096435547,uniform_random,"[12, 6, 7, 7]",0.019287109375,0.019287109375,parity2,0.02,1.0,0.5625,0.4375,0.375,5434,0.9383745120935908,0.9246204921177456
1,0.375,0.676124095916748,0.8238701820373535,0,b1674c8027723817,0.8705019950866699,1.6691338053961665e-05,"[1, 12, 25, 26, 27, 31, 34, 35, 36, 51, 52, 62, 80, 84, 98, 110, 120, 124, 134, 137, 138, 140, 149, 156, 161, 212, 213, 222, 225, 235, 242, 249]",2.0,-491.40275085204166,-492.75145500418694,-493.79283422783504,0.01983514241874218,0.019883595407009125,0xFFFFFFFFFFFFFCFDFDFDD4DC00000000FFFFFFFF00000000FFFFFDFF00000000,False,0.0008544921875,"[6, 6, 2, 4, 6, 1, 3, 4]",0.37949228286743164,uniform_random,"[6, 6, 2, 4, 6, 1, 3, 4]",0.0,0.0,mux3,0.02,1.0,0.75,0.875,0.3125,7801,0.9398662650466206,0.8520022800990513
2,0.4375,0.4975576400756836,0.49837684631347656,1,58ad15a270c226c7,0.9974575042724609,0.5169715736975034,"[4, 16, 18, 22, 37, 40, 48, 68, 87, 93, 94, 97, 106, 114, 115, 118, 130, 131, 136, 139, 152, 171, 173, 178, 188, 200, 213, 216, 226, 229, 238, 242]",1.5,-649.566973012361,-655.0759196416293,-660.5453362459215,0.01984160766005516,0.01988697424530983,0x0000000000000000FFFFFFFFFFFFFFFFFFFFFFFFFFFFFFFF0000000000000000,True,0.7059326171875,"[4, 3, 4, 5, 5, 4, 3, 4]",0.5015687942504883,uniform_random,"[7, 9, 9, 7]",0.7059326171875,0.7059326171875,parity2,0.02,1.0,0.5,0.5,0.4375,164,0.9951638828660682,0.9970942905970982
3,0.4375,0.7880334854125977,0.7119560241699219,1,58ad15a270c226c7,0.859710693359375,3.9910181525454765e-05,"[4, 16, 18, 22, 37, 40, 48, 68, 87, 93, 94, 97, 106, 114, 115, 118, 130, 131, 136, 139, 152, 171, 173, 178, 188, 200, 213, 216, 226, 229, 238, 242]",2.5,-516.367118680791,-518.1454342148,-518.7486575017386,0.019835002720355988,0.019884269684553146,0xFFFFFFFF3F3F3F3F0003000300000000FFFFFFFF03030303033F333F00000000,False,0.001220703125,"[4, 3, 4, 5, 5, 4, 3, 4]",0.3902864456176758,uniform_random,"[4, 3, 4, 5, 5, 4, 3, 4]",0.0,0.0,mux3,0.02,1.0,0.78125,0.78125,0.28125,7346,0.9477650865156408,0.8396693638392857
4,0.46875,0.5350656509399414,0.48386192321777344,2,ce3fbc86d8d7ac0f,0.9630556106567383,0.005524952119704554,"[17, 24, 35, 40, 46, 55, 56, 66, 79, 81, 85, 97, 98, 101, 103, 111, 121, 123, 128, 131, 134, 137, 145, 146, 147, 178, 201, 202, 214, 215, 217, 249]",1.0,-630.94047586347,-633.7853989304823,-634.9938641622715,0.01983608677983284,0.019885461777448654,0x00000000000000000FFFFFFFFFFFFFFFFFFFFFFFFFFFFFFF0000000000000000,False,0.0325927734375,"[2, 5, 4, 7, 7, 1, 5, 1]",0.48526763916015625,uniform_random,"[7, 11, 8, 6]",0.0252685546875,0.0252685546875,parity2,0.02,1.0,0.5625,0.46875,0.46875,2967,0.9647552758586309,0.957777840750558
5,0.46875,0.6505265235900879,0.8434109687805176,2,ce3fbc86d8d7ac0f,0.894864559173584,0.0060273613951288,"[17, 24, 35, 40, 46, 55, 56, 66, 79, 81, 85, 97, 98, 101, 103, 111, 121, 123, 128, 131, 134, 137, 145, 146, 147, 178, 201, 202, 214, 215, 217, 249]",2.5,-531.9136560643569,-533.7429806309215,-536.1591164403266,0.01983259804546833,0.01988484337925911,0xFFFFFFFFFFFFFFFFFFF2FFFB00000000FFFFFFFF00000000FFFFFFFF00000000,False,0.033447265625,"[2, 5, 4, 7, 7, 1, 5, 1]",0.3490729331970215,uniform_random,"[2, 5, 4, 7, 7, 1, 5, 1]",0.0,0.0,mux3,0.02,1.0,0.71875,0.8125,0.25,3201,0.971416016285231,0.879845210484096
6,0.53125,0.5168881416320801,0.5292840003967285,3,c6350c79ea7d662f,0.9634661674499512,0.0069106908497131,"[15, 16, 30, 40, 45, 63, 64, 66, 77, 86, 101, 105, 106, 110, 113, 124, 126, 130, 144, 161, 164, 174, 188, 190, 207, 209, 210, 219, 220, 231, 235, 252]",2.0,-637.8808967233964,-639.4457261173947,-640.1174980449935,0.019843891263008118,0.019890304654836655,0x0000000000000000FFFFFFFFFFFFFFFFFFFFFFFFFFFFFFFF0000000000000000,True,0.048583984375,"[3, 3, 4, 7, 2, 5, 5, 3]",0.512779712677002,uniform_random,"[6, 11, 7, 8]",0.048583984375,0.048583984375,parity2,0.02,1.0,0.53125,0.625,0.53125,2665,0.9650353058924088,0.9582470485142299
7,0.53125,0.7699122428894043,0.7138819694519043,3,c6350c79ea7d662f,0.9292540550231934,0.00017841848141252593,"[15, 16, 30, 40, 45, 63, 64, 66, 77, 86, 101, 105, 106, 110, 113, 124, 126, 130, 144, 161, 164, 174, 188, 190, 207, 209, 210, 219, 220, 231, 235, 252]",1.0,-561.5336611277785,-561.9400283660174,-563.665134443246,0.019831880927085876,0.01988488808274269,0xFFFFFFFFFFFFFFAF0000000000000000FFFFFFFF0A000000FFAFFFAF00000000,False,0.003662109375,"[3, 3, 4, 7, 2, 5, 5, 3]",0.31043291091918945,uniform_random,"[3, 3, 4, 7, 2, 5, 5, 3]",0.0006103515625,0.0006103515625,mux3,0.02,1.0,0.78125,0.6875,0.15625,6304,0.9497115064444333,0.9191474914550781
8,0.5,0.47504568099975586,0.5248417854309082,4,999d074f63d85a28,0.9748377799987793,0.020151392820626297,"[3, 7, 10, 28, 69, 70, 73, 84, 110, 119, 130, 138, 142, 143, 145, 155, 156, 166, 176, 179, 181, 186, 190, 197, 202, 204, 210, 219, 221, 248, 249, 252]",2.0,-635.6741171159595,-640.4763293514235,-642.1982075449316,0.01984015479683876,0.019889041781425476,0x0000000000000000FFFFFFFFFFFFFFFFFFFFFFFFFFFFFFFF0000000000000000,True,0.098388671875,"[4, 0, 4, 2, 7, 6, 6, 3]",0.47536611557006836,uniform_random,"[4, 6, 13, 9]",0.098388671875,0.098388671875,parity2,0.02,1.0,0.3125,0.5625,0.5,1982,0.9704393994759112,0.971243177141462
9,0.5,0.8741793632507324,0.6238160133361816,4,999d074f63d85a28,0.8738160133361816,0.7366731588023441,"[3, 7, 10, 28, 69, 70, 73, 84, 110, 119, 130, 138, 142, 143, 145, 155, 156, 166, 176, 179, 181, 186, 190, 197, 202, 204, 210, 219, 221, 248, 249, 252]",4.0,-450.5405282184138,-451.30708273538767,-451.576426308068,0.019822634756565094,0.01987914741039276,0xFFFFFFFFFFFFFFFF0000000000000000FFFFFFFF000000000000000000000000,False,0.8564453125,"[4, 0, 4, 2, 7, 6, 6, 3]",0.37618398666381836,uniform_random,"[4, 0, 4, 2, 7, 6, 6, 3]",0.0,0.0,mux3,0.02,1.0,0.875,0.625,0.3125,91,0.9975022989454502,0.8557897295270648
10,0.5,0.5045781135559082,0.5052742958068848,5,60086b80022888b1,0.9944500923156738,0.254325590062645,"[1, 7, 12, 18, 42, 43, 55, 82, 84, 93, 100, 104, 111, 112, 115, 118, 155, 167, 177, 178, 184, 199, 200, 202, 204, 214, 219, 228, 229, 238, 251, 255]",1.5,-629.3122674536158,-631.1193203199716,-631.9896280275595,0.019844815135002136,0.01989048346877098,0x0000000000000000FFFFFFFFFFFFFFFFFFFFFFFFFFFFFFFF0000000000000000,True,0.475341796875,"[4, 3, 3, 6, 1, 4, 6, 5]",0.5043044090270996,uniform_random,"[7, 9, 5, 11]",0.475341796875,0.475341796875,parity2,0.02,1.0,0.5,0.625,0.5,445,0.9905798775809151,0.9936572483607701
11,0.5,0.7910504341125488,0.7085347175598145,5,60086b80022888b1,0.9478106498718262,0.0009204974877151752,"[1, 7, 12, 18, 42, 43, 55, 82, 84, 93, 100, 104, 111, 112, 115, 118, 155, 167, 177, 178, 184, 199, 200, 202, 204, 214, 219, 228, 229, 238, 251, 255]",1.0,-541.9316299436758,-543.9352647819567,-544.8766331108664,0.01983407698571682,0.019884737208485603,0xFFFFFFFFFFFFFFFF0000000000000000FFFFFFFF0000FFCCFFFFFFFF00000000,False,0.0115966796875,"[4, 3, 3, 6, 1, 4, 6, 5]",0.3017745018005371,uniform_random,"[4, 3, 3, 6, 1, 4, 6, 5]",0.0009765625,0.0009765625,mux3,0.02,1.0,0.8125,0.6875,0.1875,4519,0.9631029270525395,0.9403550284249442
12,0.53125,0.5020899772644043,0.49909067153930664,6,651a6b4b9f13fb6f,0.9970612525939941,0.5633103048505982,"[7, 17, 21, 22, 30, 46, 48, 58, 68, 69, 70, 71, 82, 86, 88, 99, 105, 134, 136, 140, 141, 149, 154, 169, 175, 183, 193, 197, 201, 204, 227, 237]",1.0,-646.6834704686383,-655.1427722742357,-658.4026505026475,0.01983068138360977,0.019881051033735275,0x0000000000000000FFFFFFFFFFFFFFFFFFFFFFFFFFFFFFFF0000000000000000,True,0.749267578125,"[5, 3, 7, 2, 6, 3, 4, 2]",0.49992990493774414,uniform_random,"[8, 9, 9, 6]",0.749267578125,0.749267578125,parity2,0.02,1.0,0.53125,0.4375,0.53125,290,0.9939238855565731,0.9966414315359933
13,0.53125,0.7200984954833984,0.7644071578979492,6,651a6b4b9f13fb6f,0.921173095703125,2.760031971065804e-05,"[7, 17, 21, 22, 30, 46, 48, 58, 68, 69, 70, 71, 82, 86, 88, 99, 105, 134, 136, 140, 141, 149, 154, 169, 175, 183, 193, 197, 201, 204, 227, 237]",2.0,-536.2567425407628,-537.1664950114183,-537.9032547805903,0.019823381677269936,0.019877968356013298,0xFFFFFFFF3F3FFFFF0000000100000000FFFFFFFF00000000FFFFFFFF00000000,False,0.00244140625,"[5, 3, 7, 2, 6, 3, 4, 2]",0.32871532440185547,uniform_random,"[5, 3, 7, 2, 6, 3, 4, 2]",0.0001220703125,0.0001220703125,mux3,0.02,1.0,0.6875,0.78125,0.25,7782,0.9315719077372319,0.909912109375
14,0.5625,0.5301871299743652,0.46241331100463867,7,f12319a0b53a94f6,0.9507002830505371,0.002012140802405079,"[6, 27, 43, 53, 56, 57, 58, 62, 68, 70, 79, 83, 87, 89, 113, 114, 130, 133, 142, 144, 162, 196, 211, 212, 220, 222, 226, 229, 231, 242, 243, 250]",2.5,-625.0416181329921,-626.4024062186164,-627.1727998834388,0.019841380417346954,0.01988675445318222,0x00000000000000000F0FFFFFFFFFFFFFFFFFFFFFFFFFFFFF0000000000000003,False,0.02734375,"[2, 6, 6, 2, 4, 1, 5, 6]",0.48145341873168945,uniform_random,"[8, 8, 5, 11]",0.0020751953125,0.0020751953125,parity2,0.02,1.0,0.5,0.3125,0.5625,3551,0.9646896047097656,0.943657466343471
15,0.5625,0.651390552520752,0.8376669883728027,7,f12319a0b53a94f6,0.8925871849060059,0.003045573075631791,"[6, 27, 43, 53, 56, 57, 58, 62, 68, 70, 79, 83, 87, 89, 113, 114, 130, 133, 142, 144, 162, 196, 211, 212, 220, 222, 226, 229, 231, 242, 243, 250]",3.0,-525.0199146313295,-527.5017855039184,-530.2208468287513,0.019825901836156845,0.019879596307873726,0xFFFFFFFFFFFFFFFFFFFBFBB200000000FFFFFFFF00000000FFFFFFFB00000000,False,0.0245361328125,"[2, 6, 6, 2, 4, 1, 5, 6]",0.34647035598754883,uniform_random,"[2, 6, 6, 2, 4, 1, 5, 6]",0.0,0.0,mux3,0.02,1.0,0.625,0.8125,0.3125,2585,0.9740114256628344,0.8772424970354352
16,0.5,0.5004630088806152,0.5002274513244629,0,6293e349a9faad3b,0.9985089302062988,0.6833492517034703,"[8, 21, 23, 31, 36, 40, 48, 51, 64, 73, 79, 80, 101, 103, 104, 110, 128, 131, 136, 146, 160, 170, 180, 185, 198, 209, 210, 220, 230, 244, 250, 253]",1.0,-645.6863529524231,-646.7715045137912,-655.6834452132971,0.01984339766204357,0.019891593605279922,0x0000000000000000FFFFFFFFFFFFFFFFFFFFFFFFFFFFFFFF0000000000000000,True,0.8251953125,"[4, 4, 4, 4, 4, 4, 4, 4]",0.5010209083557129,cell_balanced,"[8, 8, 8, 8]",0.8251953125,0.8251953125,parity2,0.02,1.0,0.5,0.5,0.5,234,0.9967739705023126,0.9982959202357701
17,0.5,0.7499880790710449,0.7500119209289551,0,6293e349a9faad3b,0.9999785423278809,0.9902667442734404,"[8, 21, 23, 31, 36, 40, 48, 51, 64, 73, 79, 80, 101, 103, 104, 110, 128, 131, 136, 146, 160, 170, 180, 185, 198, 209, 210, 220, 230, 244, 250, 253]",2.0,-589.4601916285116,-590.3122755486361,-590.5615259993929,0.01983489841222763,0.019884619861841202,0xFFFFFFFFFFFFFFFF0000000000000000FFFFFFFF00000000FFFFFFFF00000000,True,0.9951171875,"[4, 4, 4, 4, 4, 4, 4, 4]",0.25002145767211914,cell_balanced,"[4, 4, 4, 4, 4, 4, 4, 4]",0.9951171875,0.9951171875,mux3,0.02,1.0,0.75,0.75,0.25,9,0.999951058251384,0.9999754769461495
18,0.5,0.5127029418945312,0.49869537353515625,1,c9b4a81f93ef801a,0.9872493743896484,0.10708301103154377,"[0, 4, 7, 21, 33, 41, 42, 50, 65, 75, 81, 90, 101, 106, 110, 122, 135, 145, 148, 154, 167, 176, 178, 181, 205, 213, 220, 222, 224, 232, 236, 239]",1.0,-638.3286651758995,-642.7386561769483,-646.3060836369422,0.019840456545352936,0.019889701157808304,0x0000000000000000FFFFFFFFFFFFFFFFFFFFFFFFFFFFFFFF0000000000000000,True,0.3048095703125,"[4, 4, 4, 4, 4, 4, 4, 4]",0.49865150451660156,cell_balanced,"[8, 8, 8, 8]",0.3048095703125,0.3048095703125,parity2,0.02,1.0,0.5,0.5,0.5,630,0.9822616912588353,0.9854278564453125
19,0.5,0.7354860305786133,0.7628030776977539,1,c9b4a81f93ef801a,0.9093236923217773,6.414242766450983e-05,"[0, 4, 7, 21, 33, 41, 42, 50, 65, 75, 81, 90, 101, 106, 110, 122, 135, 145, 148, 154, 167, 176, 178, 181, 205, 213, 220, 222, 224, 232, 236, 239]",2.5,-523.3466970849236,-524.8019041672303,-527.3844600171439,0.019826065748929977,0.019877446815371513,0xFFFFFFFFF7F1F7F10000100000000000FFFFFFFF70107010FFFFFFFF00000000,False,0.0025634765625,"[4, 4, 4, 4, 4, 4, 4, 4]",0.33942222595214844,cell_balanced,"[4, 4, 4, 4, 4, 4, 4, 4]",0.0,0.0,mux3,0.02,1.0,0.75,0.75,0.25,7191,0.9487476975830129,0.8963699340820312
20,0.5,0.5046572685241699,0.5031046867370605,2,92402e067f850060,0.9952359199523926,0.3372167718379929,"[1, 8, 20, 30, 40, 44, 55, 59, 66, 70, 84, 88, 98, 105, 118, 120, 132, 150, 152, 158, 173, 175, 176, 189, 193, 200, 211, 212, 226, 229, 233, 240]",1.5,-652.518715750515,-657.3511321704776,-672.0885442125226,0.01983509585261345,0.01988484337925911,0x0000000000000000FFFFFFFFFFFFFFFFFFFFFFFFFFFFFFFF0000000000000000,True,0.5615234375,"[4, 4, 4, 4, 4, 4, 4, 4]",0.502997875213623,cell_balanced,"[8, 8, 8, 8]",0.5615234375,0.5615234375,parity2,0.02,1.0,0.5,0.5,0.5,312,0.9920860347498884,0.9945553370884487
21,0.5,0.7544403076171875,0.7455558776855469,2,92402e067f850060,0.992161750793457,0.12223809025340313,"[1, 8, 20, 30, 40, 44, 55, 59, 66, 70, 84, 88, 98, 105, 118, 120, 132, 150, 152, 158, 173, 175, 176, 189, 193, 200, 211, 212, 226, 229, 233, 240]",1.0,-573.4106123488107,-574.343121643725,-576.5664042639573,0.01982979290187359,0.019879961386322975,0xFFFFFFFFFFFFFFFF0000000000000000FFFFFFFF00000000FFFFFFFF00000000,True,0.2791748046875,"[4, 4, 4, 4, 4, 4, 4, 4]",0.25783443450927734,cell_balanced,"[4, 4, 4, 4, 4, 4, 4, 4]",0.2791748046875,0.2791748046875,mux3,0.02,1.0,0.75,0.75,0.25,209,0.9889635869684484,0.991042000906808
22,0.5,0.4822840690612793,0.5039410591125488,3,369096b35ac51fa1,0.9716286659240723,0.01668320102666036,"[15, 16, 24, 26, 34, 46, 54, 56, 69, 71, 73, 74, 112, 115, 117, 125, 129, 139, 152, 159, 160, 164, 173, 187, 192, 194, 215, 220, 232, 244, 252, 255]",1.5,-631.9772623273553,-636.1811034035484,-638.3092508941061,0.01984449103474617,0.01989097148180008,0x0000000000000000FFFFFFFFFFFFFFFFFFFFFFFFFFFFFFFF0000000200000002,False,0.0885009765625,"[4, 4, 4, 4, 4, 4, 4, 4]",0.49796533584594727,cell_balanced,"[8, 8, 8, 8]",0.06396484375,0.06396484375,parity2,0.02,1.0,0.5,0.5,0.5,2996,0.9668668301957909,0.9675756181989398
23,0.5,0.7821106910705566,0.7100787162780762,3,369096b35ac51fa1,0.8491978645324707,9.43656719265047e-05,"[15, 16, 24, 26, 34, 46, 54, 56, 69, 71, 73, 74, 112, 115, 117, 125, 129, 139, 152, 159, 160, 164, 173, 187, 192, 194, 215, 220, 232, 244, 252, 255]",2.0,-526.9126813557658,-527.7437979573853,-528.9083231559072,0.01982668787240982,0.019878756254911423,0xFFFFFFFFF5FF55D54444000000000000FFFFFFFF50550050D5DD555500000000,False,0.0025634765625,"[4, 4, 4, 4, 4, 4, 4, 4]",0.39620542526245117,cell_balanced,"[4, 4, 4, 4, 4, 4, 4, 4]",0.0,0.0,mux3,0.02,1.0,0.75,0.75,0.25,7030,0.9511435612088779,0.8276547023228237
24,0.5,0.5105266571044922,0.5139713287353516,4,7b2268760b066630,0.9305419921875,7.260732053473324e-05,"[0, 16, 17, 23, 33, 39, 51, 63, 69, 70, 78, 79, 100, 103, 106, 126, 130, 145, 146, 154, 163, 166, 183, 191, 207, 216, 220, 222, 233, 234, 237, 253]",1.0,-609.7315358951279,-611.0720482758409,-614.0410759938752,0.019832897931337357,0.019884571433067322,0x0000000000000000FFFFFFFFFFFFFFFFFDFFFFFFFDFFFFFF0000000000000000,False,0.0029296875,"[4, 4, 4, 4, 4, 4, 4, 4]",0.5095405578613281,cell_balanced,"[8, 8, 8, 8]",0.002685546875,0.002685546875,parity2,0.02,1.0,0.5,0.5,0.5,7381,0.9313339828671177,0.9206194196428571
25,0.5,0.7482028007507324,0.7516560554504395,4,7b2268760b066630,0.9707598686218262,0.0049364334234983515,"[0, 16, 17, 23, 33, 39, 51, 63, 69, 70, 78, 79, 100, 103, 106, 126, 130, 145, 146, 154, 163, 166, 183, 191, 207, 216, 220, 222, 233, 234, 237, 253]",2.5,-552.4902128573829,-553.3157876812095,-553.503627888798,0.019826926290988922,0.01987558975815773,0xFFFFFFFFFFFFFFFF0000000000000000FFFFFFFF03000000FFFFFFFF00000000,False,0.05078125,"[4, 4, 4, 4, 4, 4, 4, 4]",0.2790999412536621,cell_balanced,"[4, 4, 4, 4, 4, 4, 4, 4]",0.0296630859375,0.0296630859375,mux3,0.02,1.0,0.75,0.75,0.25,3915,0.962995057029812,0.9665827069963727
26,0.5,0.4986233711242676,0.5007824897766113,5,a1c7eb317b0df480,0.9985642433166504,0.6851160000305213,"[12, 15, 16, 22, 35, 39, 40, 63, 65, 69, 75, 85, 97, 101, 117, 124, 130, 134, 143, 148, 161, 164, 178, 185, 193, 202, 217, 221, 226, 249, 250, 254]",1.0,-643.3802386435844,-644.5575817830678,-652.5904384440664,0.019837453961372375,0.019886478781700134,0x0000000000000000FFFFFFFFFFFFFFFFFFFFFFFFFFFFFFFF0000000000000000,True,0.824951171875,"[4, 4, 4, 4, 4, 4, 4, 4]",0.49927473068237305,cell_balanced,"[8, 8, 8, 8]",0.824951171875,0.824951171875,parity2,0.02,1.0,0.5,0.5,0.5,142,0.9970236996628001,0.998359135219029
27,0.5,0.7605304718017578,0.7394590377807617,5,a1c7eb317b0df480,0.9753322601318359,0.011535771206583445,"[12, 15, 16, 22, 35, 39, 40, 63, 65, 69, 75, 85, 97, 101, 117, 124, 130, 134, 143, 148, 161, 164, 178, 185, 193, 202, 217, 221, 226, 249, 250, 254]",1.0,-560.9907629227458,-561.7570593522607,-563.8329199846812,0.019829601049423218,0.019881945103406906,0xFFFFFFFFFF7FFF7F0000000000000000FFFFFFFF01000100FFFFFFFF00000000,False,0.0626220703125,"[4, 4, 4, 4, 4, 4, 4, 4]",0.2746572494506836,cell_balanced,"[4, 4, 4, 4, 4, 4, 4, 4]",0.01904296875,0.01904296875,mux3,0.02,1.0,0.75,0.75,0.25,2323,0.9741769546124364,0.9718082972935268
28,0.5,0.5,0.5,6,381f0eb2f9087f35,1.0,1.0,"[2, 12, 23, 24, 43, 55, 56, 60, 65, 71, 92, 93, 96, 99, 119, 126, 129, 142, 143, 152, 172, 177, 182, 184, 197, 202, 207, 217, 224, 241, 252, 255]",1.0,-664.4148570364307,-666.141049544229,-674.116608369831,0.019842516630887985,0.019890431314706802,0x0000000000000000FFFFFFFFFFFFFFFFFFFFFFFFFFFFFFFF0000000000000000,True,1.0,"[4, 4, 4, 4, 4, 4, 4, 4]",0.5,cell_balanced,"[8, 8, 8, 8]",1.0,1.0,parity2,0.02,1.0,0.5,0.5,0.5,1,1.0,1.0
29,0.5,0.7507162094116211,0.7492828369140625,6,381f0eb2f9087f35,0.9991626739501953,0.7371832580156574,"[2, 12, 23, 24, 43, 55, 56, 60, 65, 71, 92, 93, 96, 99, 119, 126, 129, 142, 143, 152, 172, 177, 182, 184, 197, 202, 207, 217, 224, 241, 252, 255]",2.0,-581.2412674137023,-581.9648288178433,-584.0592617982604,0.01982993260025978,0.01988229528069496,0xFFFFFFFFFFFFFFFF0000000000000000FFFFFFFF00000000FFFFFFFF00000000,True,0.8564453125,"[4, 4, 4, 4, 4, 4, 4, 4]",0.2508373260498047,cell_balanced,"[4, 4, 4, 4, 4, 4, 4, 4]",0.8564453125,0.8564453125,mux3,0.02,1.0,0.75,0.75,0.25,78,0.9981964545802682,0.9990430559430804
30,0.5,0.5138554573059082,0.4922060966491699,7,99ec5727040b68b9,0.985623836517334,0.05465739597958125,"[13, 25, 26, 28, 33, 36, 42, 53, 68, 69, 86, 93, 97, 121, 123, 127, 129, 135, 147, 150, 162, 163, 170, 177, 199, 207, 214, 219, 227, 241, 243, 255]",2.0,-646.4140849172903,-647.5414154536754,-649.3073836823149,0.019843965768814087,0.019891932606697083,0x0000000000000000FFFFFFFFFFFFFFFFFFFFFFFFFFFFFFFF0000000000000000,True,0.17138671875,"[4, 4, 4, 4, 4, 4, 4, 4]",0.49272680282592773,cell_balanced,"[8, 8, 8, 8]",0.17138671875,0.17138671875,parity2,0.02,1.0,0.5,0.5,0.5,551,0.9825168966090607,0.9835700988769531
31,0.5,0.7575507164001465,0.7424473762512207,7,99ec5727040b68b9,0.9824366569519043,0.02361240137803687,"[13, 25, 26, 28, 33, 36, 42, 53, 68, 69, 86, 93, 97, 121, 123, 127, 129, 135, 147, 150, 162, 163, 170, 177, 199, 207, 214, 219, 227, 241, 243, 255]",2.5,-565.0893590010769,-565.4736354394731,-566.9150157588683,0.01983322948217392,0.019884439185261726,0xFFFFFFFFFFFFFFFF0000000000000000FFFFFFFF00000000FFFFFFFF00000000,True,0.09521484375,"[4, 4, 4, 4, 4, 4, 4, 4]",0.2675633430480957,cell_balanced,"[4, 4, 4, 4, 4, 4, 4, 4]",0.09521484375,0.09521484375,mux3,0.02,1.0,0.75,0.75,0.25,1578,0.9769865902963192,0.9799276079450335
32,0.75,0.4960508346557617,0.49606800079345703,0,0a1fd335b9818c8b,0.9960165023803711,0.446306379763231,"[17, 19, 34, 37, 47, 54, 58, 59, 69, 72, 83, 87, 88, 90, 102, 116, 134, 144, 162, 168, 176, 180, 183, 187, 193, 197, 198, 208, 218, 223, 226, 231]",1.0,-647.598260033712,-648.1173364610843,-648.6875726301233,0.019838551059365273,0.01988745480775833,0x0000000000000000FFFFFFFFFFFFFFFFFFFFFFFFFFFFFFFF0000000000000000,True,0.6627197265625,"[2, 6, 6, 2, 2, 6, 6, 2]",0.5039663314819336,conflict_enriched,"[8, 8, 8, 8]",0.6627197265625,0.6627197265625,parity2,0.02,1.0,0.5,0.5,0.75,353,0.9923526365381449,0.9954474312918526
33,0.75,0.7487587928771973,0.7486777305603027,0,0a1fd335b9818c8b,0.9986767768859863,0.6852571014489989,"[17, 19, 34, 37, 47, 54, 58, 59, 69, 72, 83, 87, 88, 90, 102, 116, 134, 144, 162, 168, 176, 180, 183, 187, 193, 197, 198, 208, 218, 223, 226, 231]",1.5,-605.0847164272908,-611.2097779023277,-612.5974107318902,0.0198289155960083,0.01988181099295616,0xFFFFFFFFFFFFFFFF0000000000000000FFFFFFFF00000000FFFFFFFF00000000,True,0.8245849609375,"[2, 6, 6, 2, 2, 6, 6, 2]",0.25132322311401367,conflict_enriched,"[2, 6, 6, 2, 2, 6, 6, 2]",0.8245849609375,0.8245849609375,mux3,0.02,1.0,0.625,0.625,0.125,121,0.9972255727286214,0.9984877450125558
34,0.75,0.4702768325805664,0.48985767364501953,1,98cc2a02e7d0e9e2,0.9614038467407227,0.001692322842906849,"[8, 13, 33, 45, 46, 55, 57, 63, 64, 68, 81, 82, 83, 85, 117, 122, 150, 158, 160, 162, 166, 171, 175, 190, 194, 196, 199, 213, 216, 217, 244, 255]",2.5,-623.663411831718,-625.1387851987477,-626.8875491704241,0.01984022557735443,0.01988874189555645,0x0000000000000000FFFFFFFFFFFFFFFFFFFFFFFFFFFFFFFF0000000000000000,True,0.0205078125,"[2, 6, 6, 2, 2, 6, 6, 2]",0.5176668167114258,conflict_enriched,"[8, 8, 8, 8]",0.0205078125,0.0205078125,parity2,0.02,1.0,0.5,0.5,0.75,4364,0.9595275097278002,0.9558901105608258
35,0.75,0.7499732971191406,0.7500219345092773,1,98cc2a02e7d0e9e2,0.9999179840087891,0.9678541520418752,"[8, 13, 33, 45, 46, 55, 57, 63, 64, 68, 81, 82, 83, 85, 117, 122, 150, 158, 160, 162, 166, 171, 175, 190, 194, 196, 199, 213, 216, 217, 244, 255]",2.0,-608.1037616229073,-609.5200696052815,-610.9490014851854,0.019829485565423965,0.019882099702954292,0xFFFFFFFFFFFFFFFF0000000000000000FFFFFFFF00000000FFFFFFFF00000000,True,0.9837646484375,"[2, 6, 6, 2, 2, 6, 6, 2]",0.2500772476196289,conflict_enriched,"[2, 6, 6, 2, 2, 6, 6, 2]",0.9837646484375,0.9837646484375,mux3,0.02,1.0,0.625,0.625,0.125,22,0.9998137413960406,0.9999062674386161
36,0.75,0.4999690055847168,0.4999728202819824,2,ac77bde2e98598db,0.9993901252746582,0.8008963904266115,"[5, 31, 37, 40, 48, 49, 52, 60, 66, 69, 83, 88, 90, 94, 102, 120, 147, 158, 163, 168, 174, 184, 189, 191, 198, 208, 209, 214, 218, 223, 224, 238]",2.0,-643.7002710688455,-645.9162657393845,-647.8107172139926,0.019840996712446213,0.019888170063495636,0x0000000000000000FFFFFFFFFFFFFFFFFFFFFFFFFFFFFFFF0000000000000000,True,0.8941650390625,"[2, 6, 6, 2, 2, 6, 6, 2]",0.5006003379821777,conflict_enriched,"[8, 8, 8, 8]",0.8941650390625,0.8941650390625,parity2,0.02,1.0,0.5,0.5,0.75,59,0.998656726597292,0.9993030003138951
37,0.75,0.7548017501831055,0.7426433563232422,2,ac77bde2e98598db,0.988499641418457,0.07395726230580821,"[5, 31, 37, 40, 48, 49, 52, 60, 66, 69, 83, 88, 90, 94, 102, 120, 147, 158, 163, 168, 174, 184, 189, 191, 198, 208, 209, 214, 218, 223, 224, 238]",1.0,-595.3277943964849,-596.0746009355919,-599.6203397741607,0.019830740988254547,0.019880812615156174,0xFFFFFFFFFFFFFFFF0000000000000000FFFFFFFF00000000FFFFFFFF00000000,True,0.21875,"[2, 6, 6, 2, 2, 6, 6, 2]",0.2614774703979492,conflict_enriched,"[2, 6, 6, 2, 2, 6, 6, 2]",0.21875,0.21875,mux3,0.02,1.0,0.625,0.625,0.125,693,0.9848218719910506,0.9868567330496651
38,0.75,0.49305057525634766,0.4941587448120117,3,6d403e216e3b7b94,0.9929380416870117,0.2690883334223538,"[8, 15, 32, 40, 43, 50, 55, 59, 68, 69, 73, 77, 87, 89, 116, 120, 133, 156, 163, 164, 170, 186, 187, 189, 197, 202, 212, 214, 221, 222, 244, 248]",1.0,-645.5303613523137,-646.9388695810508,-651.4282237179284,0.019837047904729843,0.019886964932084084,0x0000000000000000FFFFFFFFFFFFFFFFFFFFFFFFFFFFFFFF0000000000000000,True,0.5108642578125,"[2, 6, 6, 2, 2, 6, 6, 2]",0.5059537887573242,conflict_enriched,"[8, 8, 8, 8]",0.5108642578125,0.5108642578125,parity2,0.02,1.0,0.5,0.5,0.75,674,0.987306872651452,0.991929190499442
39,0.75,0.7512655258178711,0.7476329803466797,3,6d403e216e3b7b94,0.9976301193237305,0.460761674637178,"[8, 15, 32, 40, 43, 50, 55, 59, 68, 69, 73, 77, 87, 89, 116, 120, 133, 156, 163, 164, 170, 186, 187, 189, 197, 202, 212, 214, 221, 222, 244, 248]",2.0,-600.1345764968916,-601.9861300054023,-604.2805390791863,0.019831497222185135,0.019882898777723312,0xFFFFFFFFFFFFFFFF0000000000000000FFFFFFFF00000000FFFFFFFF00000000,True,0.6658935546875,"[2, 6, 6, 2, 2, 6, 6, 2]",0.25236988067626953,conflict_enriched,"[2, 6, 6, 2, 2, 6, 6, 2]",0.6658935546875,0.6658935546875,mux3,0.02,1.0,0.625,0.625,0.125,116,0.9955415605242482,0.9972915649414062
40,0.75,0.49364709854125977,0.4945101737976074,4,c07d550b631777b8,0.9916815757751465,0.14327367690147724,"[18, 21, 32, 35, 42, 47, 50, 52, 65, 67, 74, 75, 78, 90, 105, 113, 128, 154, 166, 168, 170, 174, 183, 187, 192, 198, 200, 206, 207, 221, 247, 249]",1.0,-642.5174032442864,-643.7181970583493,-645.5946808831592,0.019832860678434372,0.01988164335489273,0x0000000000000000FFFFFFFFFFFFFFFFFFFFFFFFFFFFFFFF0000000000000000,True,0.35791015625,"[2, 6, 6, 2, 2, 6, 6, 2]",0.507443904876709,conflict_enriched,"[8, 8, 8, 8]",0.35791015625,0.35791015625,parity2,0.02,1.0,0.5,0.5,0.75,761,0.986216540113315,0.9904932294573102
41,0.75,0.7509760856628418,0.749021053314209,4,c07d550b631777b8,0.9988837242126465,0.7200459035641252,"[18, 21, 32, 35, 42, 47, 50, 52, 65, 67, 74, 75, 78, 90, 105, 113, 128, 154, 166, 168, 170, 174, 183, 187, 192, 198, 200, 206, 207, 221, 247, 249]",2.0,-603.2916090465216,-604.2138113667949,-605.6065996351349,0.019829194992780685,0.019882261753082275,0xFFFFFFFFFFFFFFFF0000000000000000FFFFFFFF00000000FFFFFFFF00000000,True,0.8470458984375,"[2, 6, 6, 2, 2, 6, 6, 2]",0.2511134147644043,conflict_enriched,"[2, 6, 6, 2, 2, 6, 6, 2]",0.8470458984375,0.8470458984375,mux3,0.02,1.0,0.625,0.625,0.125,61,0.9976307979905603,0.9987242562430245
42,0.75,0.4975771903991699,0.4975771903991699,5,5396d0ca2e9c4a5d,0.9974007606506348,0.5447875991465481,"[26, 27, 32, 40, 48, 51, 55, 56, 66, 79, 80, 85, 89, 95, 104, 120, 128, 133, 161, 165, 181, 184, 185, 190, 203, 205, 209, 214, 219, 220, 241, 253]",1.5,-646.7847170896084,-648.2781353530197,-649.3250970979674,0.019838115200400352,0.01988629251718521,0x0000000000000000FFFFFFFFFFFFFFFFFFFFFFFFFFFFFFFF0000000000000000,True,0.7337646484375,"[2, 6, 6, 2, 2, 6, 6, 2]",0.5025992393493652,conflict_enriched,"[8, 8, 8, 8]",0.7337646484375,0.7337646484375,parity2,0.02,1.0,0.5,0.5,0.75,178,0.9949148858165082,0.9970294407435826
43,0.75,0.7500004768371582,0.7499995231628418,5,5396d0ca2e9c4a5d,0.9999995231628418,0.999755859375,"[26, 27, 32, 40, 48, 51, 55, 56, 66, 79, 80, 85, 89, 95, 104, 120, 128, 133, 161, 165, 181, 184, 185, 190, 203, 205, 209, 214, 219, 220, 241, 253]",2.5,-616.0733240988309,-616.7709662020808,-619.0165956943547,0.019831426441669464,0.019882170483469963,0xFFFFFFFFFFFFFFFF0000000000000000FFFFFFFF00000000FFFFFFFF00000000,True,0.9998779296875,"[2, 6, 6, 2, 2, 6, 6, 2]",0.2500004768371582,conflict_enriched,"[2, 6, 6, 2, 2, 6, 6, 2]",0.9998779296875,0.9998779296875,mux3,0.02,1.0,0.625,0.625,0.125,2,0.9999989100864956,0.9999994550432477
44,0.75,0.49387073516845703,0.4947643280029297,6,115d70ccbbe53f44,0.993870735168457,0.2374228085226926,"[11, 22, 35, 43, 51, 53, 54, 59, 66, 67, 76, 78, 85, 91, 97, 124, 140, 147, 166, 172, 175, 179, 187, 188, 193, 202, 211, 216, 222, 223, 228, 249]",1.0,-644.8779293657979,-649.1436598085855,-651.9755956288675,0.019835783168673515,0.01988694816827774,0x0000000000000000FFFFFFFFFFFFFFFFFFFFFFFFFFFFFFFF0000000000000000,True,0.459716796875,"[2, 6, 6, 2, 2, 6, 6, 2]",0.5052356719970703,conflict_enriched,"[8, 8, 8, 8]",0.459716796875,0.459716796875,parity2,0.02,1.0,0.5,0.5,0.75,295,0.9902662769333334,0.992995125906808
45,0.75,0.7501006126403809,0.7497200965881348,6,115d70ccbbe53f44,0.9997172355651855,0.9125555404273745,"[11, 22, 35, 43, 51, 53, 54, 59, 66, 67, 76, 78, 85, 91, 97, 124, 140, 147, 166, 172, 175, 179, 187, 188, 193, 202, 211, 216, 222, 223, 228, 249]",1.5,-609.2165315553563,-611.6677421627853,-613.0144931187382,0.019828645512461662,0.019881412386894226,0xFFFFFFFFFFFFFFFF0000000000000000FFFFFFFF00000000FFFFFFFF00000000,True,0.955078125,"[2, 6, 6, 2, 2, 6, 6, 2]",0.25028276443481445,conflict_enriched,"[2, 6, 6, 2, 2, 6, 6, 2]",0.955078125,0.955078125,mux3,0.02,1.0,0.625,0.625,0.125,45,0.9993673821488614,0.9996768406459263
46,0.75,0.4919719696044922,0.48963260650634766,7,7f4875de86af6e6e,0.9878921508789062,0.12285179498649432,"[8, 30, 35, 36, 42, 56, 60, 63, 69, 75, 78, 79, 81, 89, 114, 123, 141, 156, 161, 163, 179, 182, 183, 189, 200, 201, 205, 209, 212, 216, 243, 251]",1.5,-636.7936736011271,-638.3210041956952,-643.2030249806229,0.019833628088235855,0.01988646388053894,0x0000000000000000FFFFFFFFFFFFFFFFFFFFFFFFFFFFFFFF0000000000000000,True,0.3450927734375,"[2, 6, 6, 2, 2, 6, 6, 2]",0.5095529556274414,conflict_enriched,"[8, 8, 8, 8]",0.3450927734375,0.3450927734375,parity2,0.02,1.0,0.5,0.5,0.75,1540,0.9797998146548574,0.9861624581473214
47,0.75,0.7489833831787109,0.7510166168212891,7,7f4875de86af6e6e,0.99835205078125,0.588987454551871,"[8, 30, 35, 36, 42, 56, 60, 63, 69, 75, 78, 79, 81, 89, 114, 123, 141, 156, 161, 163, 179, 182, 183, 189, 200, 201, 205, 209, 212, 216, 243, 251]",2.0,-597.4941743838122,-598.38555429198,-598.6177599664894,0.019831949844956398,0.019883904606103897,0xFFFFFFFFFFFFFFFF0000000000000000FFFFFFFF00000000FFFFFFFF00000000,True,0.7615966796875,"[2, 6, 6, 2, 2, 6, 6, 2]",0.25164794921875,conflict_enriched,"[2, 6, 6, 2, 2, 6, 6, 2]",0.7615966796875,0.7615966796875,mux3,0.02,1.0,0.625,0.625,0.125,123,0.9966518932680366,0.9981166294642857
