condition_index,dataset_index,lineage_count,log_volume,replica,sampling_protocol,target_function_mass,target_name,threshold,train_hard_exact_mass,unseen_agreement,unseen_target_accuracy
0,0,720,-1.7535894400778878,0,uniform_random,0.0,parity2,0.68,0.0,0.9316247389915393,0.48638698032924105
0,0,687,-1.8610044665860077,1,uniform_random,0.0,parity2,0.68,0.0,0.9305225537105967,0.48601205008370535
0,0,705,-1.7591802921812543,2,uniform_random,0.0,parity2,0.68,0.0,0.9262568761136178,0.4859837123325893
0,0,716,-1.7811268412540853,3,uniform_random,0.0,parity2,0.68,0.0,0.9324656432002243,0.48675755092075895
1,0,605,-2.2425941652004284,0,uniform_random,0.0,mux3,0.68,0.0,0.624943281902223,0.5550297328404018
1,0,590,-2.2416260399554586,1,uniform_random,0.0,mux3,0.68,0.0,0.6199563105163425,0.5577850341796875
1,0,617,-2.2350853096678085,2,uniform_random,0.0,mux3,0.68,0.0,0.6230400256363843,0.5601850237165179
1,0,597,-2.2654810496467177,3,uniform_random,0.0,mux3,0.68,0.0,0.6212581858414318,0.5574689592633929
2,1,461,-3.2218042472829977,0,uniform_random,0.0,parity2,0.68,0.0,0.914167502277669,0.49029541015625
2,1,477,-3.1308690429771358,1,uniform_random,0.0,parity2,0.68,0.0,0.91182794410524,0.49025399344308035
2,1,473,-3.1470943861394547,2,uniform_random,0.0,parity2,0.68,0.0,0.9129648639232502,0.48991176060267855
2,1,473,-3.184938797448291,3,uniform_random,0.0,parity2,0.68,0.0,0.9180978762645085,0.49020603724888395
3,1,544,-2.5717973986482336,0,uniform_random,0.0,mux3,0.68,0.0,0.5874908764602434,0.5749795096261161
3,1,525,-2.6350674603523685,1,uniform_random,0.0,mux3,0.68,0.0,0.5742674005015778,0.5768454415457589
3,1,518,-2.665402339927748,2,uniform_random,0.0,mux3,0.68,0.0,0.5876841452260003,0.5733664376395089
3,1,521,-2.6998747008908355,3,uniform_random,0.0,mux3,0.68,0.0,0.5867520226579674,0.5736018589564732
4,2,688,-1.841494498768409,0,uniform_random,0.0,parity2,0.68,0.0,0.9163968295692956,0.4862758091517857
4,2,720,-1.7884323556656816,1,uniform_random,0.0,parity2,0.68,0.0,0.9172399657845322,0.485382080078125
4,2,697,-1.851359234681374,2,uniform_random,0.0,parity2,0.68,0.0,0.9183274044878393,0.4861057826450893
4,2,674,-1.9229146545942597,3,uniform_random,0.0,parity2,0.68,0.0,0.9215943443441567,0.48544529506138395
5,2,683,-1.8940408516807816,0,uniform_random,0.0,mux3,0.68,0.0,0.7581804807823895,0.5284750802176339
5,2,673,-1.9139927433758446,1,uniform_random,0.0,mux3,0.68,0.0,0.7751254464353866,0.5290658133370536
5,2,668,-1.9152726063050651,2,uniform_random,0.0,mux3,0.68,0.0,0.7661292077242284,0.5293361118861607
5,2,666,-1.9065038172126265,3,uniform_random,0.0,mux3,0.68,0.0,0.7657336974411868,0.5285709926060268
6,3,466,-3.137925185674467,0,uniform_random,0.0,parity2,0.68,0.0,0.8024844818466647,0.48624747140066965
6,3,472,-3.127197472949714,1,uniform_random,0.0,parity2,0.68,0.0,0.79720552013045,0.48586600167410715
6,3,466,-3.1998669761863314,2,uniform_random,0.0,parity2,0.68,0.0,0.7970395678876206,0.48665073939732145
6,3,451,-3.1992801509871454,3,uniform_random,0.0,parity2,0.68,0.0,0.7939069616011726,0.4867183140345982
7,3,632,-2.0528301165043863,0,uniform_random,0.0,mux3,0.68,0.0,0.7957332817938598,0.5276096888950893
7,3,654,-2.0041482750979935,1,uniform_random,0.0,mux3,0.68,0.0,0.7920034604109508,0.5263998849051339
7,3,643,-2.004821856419027,2,uniform_random,0.0,mux3,0.68,0.0,0.8025168012163381,0.5245404924665179
7,3,638,-2.030092748239394,3,uniform_random,0.0,mux3,0.68,0.0,0.7963715206595889,0.5262625558035714
8,4,688,-1.8141954444181052,0,uniform_random,0.0,parity2,0.68,0.0,0.9314923073127487,0.48529488699776785
8,4,700,-1.8071510461027915,1,uniform_random,0.0,parity2,0.68,0.0,0.9308091258876231,0.48502022879464285
8,4,663,-1.8800367248769543,2,uniform_random,0.0,parity2,0.68,0.0,0.926951965123313,0.48495265415736605
8,4,649,-1.9525615396303408,3,uniform_random,0.0,parity2,0.68,0.0,0.9264645102268837,0.48443821498325895
9,4,852,-1.2049643878247442,0,uniform_random,0.0,mux3,0.68,0.0,0.8820345243195344,0.49457877022879465
9,4,827,-1.2763040941978872,1,uniform_random,0.0,mux3,0.68,0.0,0.886347059145652,0.4945744105747768
9,4,855,-1.2141832777329484,2,uniform_random,0.0,mux3,0.68,0.0,0.8765414688756739,0.495819091796875
9,4,865,-1.2060415503730038,3,uniform_random,0.0,mux3,0.68,0.0,0.884562804183305,0.49344961983816965
10,5,573,-2.5402865744604735,0,uniform_random,0.0,parity2,0.68,0.0,0.8035467976976053,0.48770359584263395
10,5,536,-2.682072386916766,1,uniform_random,0.0,parity2,0.68,0.0,0.8080299915742604,0.48741585867745535
10,5,547,-2.6247877438253036,2,uniform_random,0.0,parity2,0.68,0.0,0.800808560133596,0.4865570068359375
10,5,538,-2.5803899750751667,3,uniform_random,0.0,parity2,0.68,0.0,0.8090279434271189,0.4868382045200893
11,5,862,-1.27319932959976,0,uniform_random,0.0,mux3,0.68,0.0,0.8790928930287517,0.5031498500279018
11,5,853,-1.2232383464604468,1,uniform_random,0.0,mux3,0.68,0.0,0.8688913303140702,0.5061732700892857
11,5,845,-1.2457231477102364,2,uniform_random,0.0,mux3,0.68,0.0,0.8762741158084949,0.5030626569475446
11,5,796,-1.3314531119353241,3,uniform_random,0.0,mux3,0.68,0.0,0.8846491006274426,0.5008806501116071
12,6,299,-5.595612496643429,0,uniform_random,0.0,parity2,0.68,0.0,0.9062264723507888,0.5001765659877232
12,6,265,-5.538769968172955,1,uniform_random,0.0,parity2,0.68,0.0,0.91503499036591,0.5000392368861607
12,6,302,-5.620194305368445,2,uniform_random,0.0,parity2,0.68,0.0,0.9127659533775746,0.5000457763671875
12,6,301,-5.6327883126071585,3,uniform_random,0.0,parity2,0.68,0.0,0.9082501760388678,0.5006888253348214
13,6,865,-1.1984887579322685,0,uniform_random,0.0,mux3,0.68,0.0,0.8814813807035774,0.49332101004464285
13,6,858,-1.2001891078424305,1,uniform_random,0.0,mux3,0.68,0.0,0.8680698837502836,0.4970615931919643
13,6,859,-1.1910156371814218,2,uniform_random,0.0,mux3,0.68,0.0,0.8658927083140233,0.49637058803013395
13,6,896,-1.1224332621754463,3,uniform_random,0.0,mux3,0.68,0.0,0.8786773202440745,0.49293300083705355
14,7,722,-1.627576768573523,0,uniform_random,0.0,parity2,0.68,0.0,0.9277490065696642,0.486053466796875
14,7,719,-1.7065830679535723,1,uniform_random,0.0,parity2,0.68,0.0,0.9293458539132288,0.48667689732142855
14,7,717,-1.6724383532338578,2,uniform_random,0.0,parity2,0.68,0.0,0.9343349337785806,0.48641531808035715
14,7,725,-1.676763657617239,3,uniform_random,0.0,parity2,0.68,0.0,0.9366814903990324,0.48592921665736605
15,7,759,-1.589226643126281,0,uniform_random,0.0,mux3,0.68,0.0,0.8573806680698889,0.509979248046875
15,7,774,-1.4955434673201797,1,uniform_random,0.0,mux3,0.68,0.0,0.863152091788833,0.5097438267299107
15,7,763,-1.5334913859776458,2,uniform_random,0.0,mux3,0.68,0.0,0.854778310294028,0.5112958635602679
15,7,757,-1.5643676605725463,3,uniform_random,0.0,mux3,0.68,0.0,0.8629194711289442,0.5086386544363839
16,0,353,-4.476892032667829,0,cell_balanced,0.0,parity2,0.68,0.0,0.5894273338235342,0.4871673583984375
16,0,343,-4.5603218106394845,1,cell_balanced,0.0,parity2,0.68,0.0,0.5887050795050958,0.4869624546595982
16,0,337,-4.647391728546024,2,cell_balanced,0.0,parity2,0.68,0.0,0.5951828417171361,0.48625401088169645
16,0,337,-4.631767534981498,3,cell_balanced,0.0,parity2,0.68,0.0,0.5946818542161002,0.4858616420200893
17,0,453,-3.0778837099098406,0,cell_balanced,0.0,mux3,0.68,0.0,0.5490845863863548,0.5890786307198661
17,0,487,-3.0274952997070734,1,cell_balanced,0.0,mux3,0.68,0.0,0.5514462814634548,0.5889936174665179
17,0,457,-3.0768389759238888,2,cell_balanced,0.0,mux3,0.68,0.0,0.5499101753668806,0.5935276576450893
17,0,464,-3.103549522533179,3,cell_balanced,0.0,mux3,0.68,0.0,0.5496946397800407,0.5935603550502232
18,1,306,-5.409402249627208,0,cell_balanced,0.0,parity2,0.68,0.0,0.6149681038596607,0.48637826102120535
18,1,299,-5.402526714383103,1,cell_balanced,0.0,parity2,0.68,0.0,0.6139218933842372,0.48672267368861605
18,1,285,-5.457721137556975,2,cell_balanced,0.0,parity2,0.68,0.0,0.6144931230685476,0.48642403738839285
18,1,285,-5.408637249928944,3,cell_balanced,0.0,parity2,0.68,0.0,0.6103527232285979,0.4863826206752232
19,1,544,-2.4987058602819214,0,cell_balanced,0.0,mux3,0.68,0.0,0.5336163124341643,0.5578417096819196
19,1,551,-2.519104813733414,1,cell_balanced,0.0,mux3,0.68,0.0,0.5339381302947966,0.5598253522600446
19,1,557,-2.4953289406124624,2,cell_balanced,0.0,mux3,0.68,0.0,0.5335109608730273,0.5597773960658482
19,1,540,-2.5600153453470393,3,cell_balanced,0.0,mux3,0.68,0.0,0.5326771871585542,0.5588487897600446
20,2,216,-7.566607796306065,0,cell_balanced,0.0,parity2,0.68,0.0,0.6533991249069031,0.48872811453683035
20,2,225,-7.45071283564137,1,cell_balanced,0.0,parity2,0.68,0.0,0.6564799158427894,0.4887847900390625
20,2,228,-7.519535671263601,2,cell_balanced,0.0,parity2,0.68,0.0,0.6586224334139628,0.48823111397879465
20,2,233,-7.456046280148189,3,cell_balanced,0.0,parity2,0.68,0.0,0.6571780014490665,0.4888065883091518
21,2,470,-2.825401385493811,0,cell_balanced,0.0,mux3,0.68,0.0,0.5387180340881582,0.5825980050223214
21,2,517,-2.785126356128977,1,cell_balanced,0.0,mux3,0.68,0.0,0.5382606772037367,0.5802786690848214
21,2,510,-2.8409808834007104,2,cell_balanced,0.0,mux3,0.68,0.0,0.5366891571711543,0.5804574148995536
21,2,487,-2.9308419664750787,3,cell_balanced,0.0,mux3,0.68,0.0,0.5398315178373785,0.5803941999162946
22,3,389,-3.9387054725698603,0,cell_balanced,0.0,parity2,0.68,0.0,0.5735191479923254,0.48535592215401785
22,3,364,-4.060038818548117,1,cell_balanced,0.0,parity2,0.68,0.0,0.5770974634114492,0.48530360630580355
22,3,372,-4.159194379483469,2,cell_balanced,0.0,parity2,0.68,0.0,0.5775500687628401,0.4849395751953125
22,3,382,-4.0061141106804135,3,cell_balanced,0.0,parity2,0.68,0.0,0.5785691671739512,0.48507908412388395
23,3,499,-2.821022108413361,0,cell_balanced,0.0,mux3,0.68,0.0,0.5397901234868699,0.5714961460658482
23,3,507,-2.7686299090265543,1,cell_balanced,0.0,mux3,0.68,0.0,0.539674022939984,0.5688868931361607
23,3,509,-2.773720359701422,2,cell_balanced,0.0,mux3,0.68,0.0,0.5405329258961558,0.5713566371372768
23,3,508,-2.7872071773800187,3,cell_balanced,0.0,mux3,0.68,0.0,0.5409492185455413,0.572601318359375
24,4,342,-4.374738225693498,0,cell_balanced,0.0,parity2,0.68,0.0,0.5852164745630312,0.48684474400111605
24,4,355,-4.2913735535855215,1,cell_balanced,0.0,parity2,0.68,0.0,0.5846358994161752,0.48618861607142855
24,4,349,-4.388378163541947,2,cell_balanced,0.0,parity2,0.68,0.0,0.58682194963421,0.485137939453125
24,4,351,-4.444758066933797,3,cell_balanced,0.0,parity2,0.68,0.0,0.5869586536461514,0.48617335728236605
25,4,508,-2.81038068029562,0,cell_balanced,0.0,mux3,0.68,0.0,0.5455805362997188,0.5706460135323661
25,4,505,-2.8040191288326763,1,cell_balanced,0.0,mux3,0.68,0.0,0.5457402546845558,0.5694231305803571
25,4,532,-2.7693067504842945,2,cell_balanced,0.0,mux3,0.68,0.0,0.5460330564600199,0.5703081403459821
25,4,506,-2.748448656889046,3,cell_balanced,0.0,mux3,0.68,0.0,0.5470254921898172,0.5690111432756696
26,5,350,-4.610362967067513,0,cell_balanced,0.0,parity2,0.68,0.0,0.595145025392397,0.48567417689732145
26,5,337,-4.625852805386372,1,cell_balanced,0.0,parity2,0.68,0.0,0.5977190975966844,0.4864959716796875
26,5,321,-4.644104400431629,2,cell_balanced,0.0,parity2,0.68,0.0,0.5956427990595721,0.4863826206752232
26,5,341,-4.62075810472445,3,cell_balanced,0.0,parity2,0.68,0.0,0.5950781290891722,0.48591831752232145
27,5,494,-3.085969121405372,0,cell_balanced,0.0,mux3,0.68,0.0,0.5509583154204868,0.5878034319196429
27,5,474,-3.00758368089214,1,cell_balanced,0.0,mux3,0.68,0.0,0.551323461469365,0.5879298618861607
27,5,458,-3.069642107710615,2,cell_balanced,0.0,mux3,0.68,0.0,0.5506639141823128,0.5902993338448661
27,5,479,-3.1068427521601074,3,cell_balanced,0.0,mux3,0.68,0.0,0.5484083352563802,0.5893576485770089
28,6,90,-17.85871769613178,0,cell_balanced,0.0,parity2,0.68,0.0,0.6913653753151389,0.5191824776785714
28,6,83,-17.57080715273444,1,cell_balanced,0.0,parity2,0.68,0.0,0.6973345360724973,0.5163617815290179
28,6,90,-17.792236907181564,2,cell_balanced,0.0,parity2,0.68,0.0,0.7002715819528742,0.5160195486886161
28,6,96,-17.752942374929635,3,cell_balanced,0.0,parity2,0.68,0.0,0.6930077381281787,0.5185568673270089
29,6,445,-3.290052484473947,0,cell_balanced,0.0,mux3,0.68,0.0,0.5588390108878302,0.6052464076450893
29,6,451,-3.260647373294556,1,cell_balanced,0.0,mux3,0.68,0.0,0.5600587982086154,0.6035592215401786
29,6,444,-3.243261463289727,2,cell_balanced,0.0,mux3,0.68,0.0,0.5591293868470137,0.6032213483537946
29,6,445,-3.220749107611196,3,cell_balanced,0.0,mux3,0.68,0.0,0.560830307885369,0.6021793910435268
30,7,131,-12.19382914004153,0,cell_balanced,0.0,parity2,0.68,0.0,0.7214618496239597,0.4946681431361607
30,7,134,-12.022088115505776,1,cell_balanced,0.0,parity2,0.68,0.0,0.7187908981124107,0.4953155517578125
30,7,132,-12.115505896663306,2,cell_balanced,0.0,parity2,0.68,0.0,0.7216557573228898,0.4949863978794643
30,7,135,-12.122473144341917,3,cell_balanced,0.0,parity2,0.68,0.0,0.725337959016407,0.49418858119419645
31,7,449,-3.2769787535220587,0,cell_balanced,0.0,mux3,0.68,0.0,0.5518928723239093,0.5974840436662946
31,7,462,-3.2193237423750074,1,cell_balanced,0.0,mux3,0.68,0.0,0.5550459351207833,0.5968431745256696
31,7,444,-3.2579400270941776,2,cell_balanced,0.0,mux3,0.68,0.0,0.5494960487009518,0.5975385393415179
31,7,468,-3.172451179295285,3,cell_balanced,0.0,mux3,0.68,0.0,0.5492698684874479,0.5938088553292411
32,0,251,-7.02273285695239,0,conflict_enriched,0.0,parity2,0.68,0.0,0.6522991588538486,0.4891510009765625
32,0,228,-7.108444526953217,1,conflict_enriched,0.0,parity2,0.68,0.0,0.6540838887565208,0.48893955775669645
32,0,245,-7.127836848462388,2,conflict_enriched,0.0,parity2,0.68,0.0,0.6535067936656812,0.4887324741908482
32,0,234,-7.094451351895893,3,conflict_enriched,0.0,parity2,0.68,0.0,0.6544451841681423,0.4882899693080357
33,0,353,-4.281713321230782,0,conflict_enriched,0.0,mux3,0.68,0.0,0.5813614584844056,0.5860225132533482
33,0,366,-4.268585800243553,1,conflict_enriched,0.0,mux3,0.68,0.0,0.5793851764164347,0.5864998953683036
33,0,354,-4.305191377481935,2,conflict_enriched,0.0,mux3,0.68,0.0,0.578308795516577,0.5863080705915179
33,0,346,-4.36255075058663,3,conflict_enriched,0.0,mux3,0.68,0.0,0.5800963111678838,0.5855429513113839
34,1,319,-4.998812951537629,0,conflict_enriched,0.0,parity2,0.68,0.0,0.6013575174594027,0.48674229213169645
34,1,340,-4.935889321166428,1,conflict_enriched,0.0,parity2,0.68,0.0,0.6010406726286346,0.48687526157924105
34,1,327,-5.0415020473355385,2,conflict_enriched,0.0,parity2,0.68,0.0,0.6006435756615464,0.4865264892578125
34,1,327,-5.010887697760886,3,conflict_enriched,0.0,parity2,0.68,0.0,0.6011197363492524,0.48764474051339285
35,1,316,-4.838931833436691,0,conflict_enriched,0.0,mux3,0.68,0.0,0.595455067714649,0.5976366315569196
35,1,330,-4.851459160610354,1,conflict_enriched,0.0,mux3,0.68,0.0,0.5909562561814655,0.597686767578125
35,1,306,-4.993409845266143,2,conflict_enriched,0.0,mux3,0.68,0.0,0.5921956736591059,0.6011243547712054
35,1,352,-4.852443221890276,3,conflict_enriched,0.0,mux3,0.68,0.0,0.597318030724814,0.5986698695591518
36,2,262,-6.15130306463815,0,conflict_enriched,0.0,parity2,0.68,0.0,0.6332664513706087,0.4864436558314732
36,2,267,-6.1374661442558285,1,conflict_enriched,0.0,parity2,0.68,0.0,0.6340409512546125,0.48551722935267855
36,2,274,-6.0767340414163575,2,conflict_enriched,0.0,parity2,0.68,0.0,0.6309979425670297,0.485687255859375
36,2,261,-6.14865077479904,3,conflict_enriched,0.0,parity2,0.68,0.0,0.6315290025227468,0.48591395786830355
37,2,371,-4.050591580249994,0,conflict_enriched,0.0,mux3,0.68,0.0,0.5783644551150638,0.5850568498883929
37,2,374,-4.002537524092951,1,conflict_enriched,0.0,mux3,0.68,0.0,0.5746807072032679,0.5873543875558036
37,2,386,-4.067713834836253,2,conflict_enriched,0.0,mux3,0.68,0.0,0.5758599009697881,0.5871974400111607
37,2,370,-4.0551533893811325,3,conflict_enriched,0.0,mux3,0.68,0.0,0.5746733722504407,0.58514404296875
38,3,204,-8.494328223669575,0,conflict_enriched,0.0,parity2,0.68,0.0,0.6852116565809504,0.48951939174107145
38,3,210,-8.640209482515704,1,conflict_enriched,0.0,parity2,0.68,0.0,0.6825186150198298,0.48952157156808035
38,3,178,-8.579012931675333,2,conflict_enriched,0.0,parity2,0.68,0.0,0.6810641305063431,0.48990086146763395
38,3,202,-8.710573975090426,3,conflict_enriched,0.0,parity2,0.68,0.0,0.6818520309487643,0.48994227818080355
39,3,407,-3.82309162032982,0,conflict_enriched,0.0,mux3,0.68,0.0,0.5682748569198609,0.571502685546875
39,3,397,-3.793338572832174,1,conflict_enriched,0.0,mux3,0.68,0.0,0.5648549756298962,0.5693097795758929
39,3,400,-3.8449391268465885,2,conflict_enriched,0.0,mux3,0.68,0.0,0.5664419876621493,0.5711931501116071
39,3,406,-3.860988184793595,3,conflict_enriched,0.0,mux3,0.68,0.0,0.5685092580735255,0.5714438302176339
40,4,272,-6.539547829987064,0,conflict_enriched,0.0,parity2,0.68,0.0,0.6499660283491411,0.48839896065848215
40,4,238,-6.5520172323317585,1,conflict_enriched,0.0,parity2,0.68,0.0,0.6481489961150136,0.48844691685267855
40,4,248,-6.563358595657417,2,conflict_enriched,0.0,parity2,0.68,0.0,0.6465369762383649,0.4888698032924107
40,4,240,-6.607521394560481,3,conflict_enriched,0.0,parity2,0.68,0.0,0.649862972687873,0.48847743443080355
41,4,309,-4.775353050999269,0,conflict_enriched,0.0,mux3,0.68,0.0,0.6053396258652688,0.61346435546875
41,4,321,-4.858971066970897,1,conflict_enriched,0.0,mux3,0.68,0.0,0.6062858560777641,0.6134992327008929
41,4,318,-4.843491652642434,2,conflict_enriched,0.0,mux3,0.68,0.0,0.6046865083757152,0.618194580078125
41,4,324,-4.8674267909474285,3,conflict_enriched,0.0,mux3,0.68,0.0,0.6045379244663085,0.6140986851283482
42,5,204,-8.155434746403659,0,conflict_enriched,0.0,parity2,0.68,0.0,0.6684759820079146,0.4919520786830357
42,5,201,-8.169398292986255,1,conflict_enriched,0.0,parity2,0.68,0.0,0.6665298874025959,0.49113028390066965
42,5,201,-8.157373450232603,2,conflict_enriched,0.0,parity2,0.68,0.0,0.6685645977794703,0.4908229282924107
42,5,204,-8.196348199668824,3,conflict_enriched,0.0,parity2,0.68,0.0,0.6665074693673289,0.4916534423828125
43,5,287,-5.557420542895246,0,conflict_enriched,0.0,mux3,0.68,0.0,0.615535942938599,0.6517116001674107
43,5,300,-5.521452371407388,1,conflict_enriched,0.0,mux3,0.68,0.0,0.6147440023087468,0.6482936314174107
43,5,288,-5.680474319116948,2,conflict_enriched,0.0,mux3,0.68,0.0,0.617062430961141,0.651702880859375
43,5,265,-5.526955979480308,3,conflict_enriched,0.0,mux3,0.68,0.0,0.616281166904611,0.6502140590122768
44,6,217,-7.572365129518539,0,conflict_enriched,0.0,parity2,0.68,0.0,0.6544996766486998,0.48797171456473215
44,6,221,-7.651045938268499,1,conflict_enriched,0.0,parity2,0.68,0.0,0.6539795211524705,0.48934500558035715
44,6,219,-7.5978423707967915,2,conflict_enriched,0.0,parity2,0.68,0.0,0.6550185223319241,0.48979622977120535
44,6,220,-7.760889105983797,3,conflict_enriched,0.0,parity2,0.68,0.0,0.6541050757805412,0.488525390625
45,6,338,-4.7896939033309165,0,conflict_enriched,0.0,mux3,0.68,0.0,0.5938583013026195,0.6080474853515625
45,6,343,-4.743720513428489,1,conflict_enriched,0.0,mux3,0.68,0.0,0.5972132222568742,0.6123918805803571
45,6,326,-4.7459021190971935,2,conflict_enriched,0.0,mux3,0.68,0.0,0.5954870122435272,0.6105826241629464
45,6,333,-4.796850921911873,3,conflict_enriched,0.0,mux3,0.68,0.0,0.5948970618172446,0.6111079624720982
46,7,303,-5.323010658789746,0,conflict_enriched,0.0,parity2,0.68,0.0,0.6110849832405273,0.4867706298828125
46,7,300,-5.332656658451036,1,conflict_enriched,0.0,parity2,0.68,0.0,0.6142515786420076,0.4860382080078125
46,7,305,-5.39064151990506,2,conflict_enriched,0.0,parity2,0.68,0.0,0.6126336358548442,0.48605782645089285
46,7,310,-5.306365353917717,3,conflict_enriched,0.0,parity2,0.68,0.0,0.6116854888428297,0.48611014229910715
47,7,358,-4.606038274081004,0,conflict_enriched,0.0,mux3,0.68,0.0,0.5894932845056626,0.6049172537667411
47,7,365,-4.626453819908661,1,conflict_enriched,0.0,mux3,0.68,0.0,0.591155752415883,0.605987548828125
47,7,352,-4.636474594644743,2,conflict_enriched,0.0,mux3,0.68,0.0,0.5908663327266819,0.6049107142857143
47,7,336,-4.627133628291356,3,conflict_enriched,0.0,mux3,0.68,0.0,0.5921252248874387,0.6078207833426339
0,0,60,-34.943491756715666,0,uniform_random,0.0,parity2,0.6,0.0,0.8785593241954418,0.4660186767578125
0,0,56,-35.181537801027424,1,uniform_random,0.0,parity2,0.6,0.0,0.8778197931240023,0.4656132289341518
0,0,57,-35.16315118237111,2,uniform_random,0.0,parity2,0.6,0.0,0.8752966928784884,0.4662322998046875
0,0,54,-34.8321440313266,3,uniform_random,0.0,parity2,0.6,0.0,0.8789570920423616,0.466033935546875
1,0,111,-16.61488146832281,0,uniform_random,0.0,mux3,0.6,0.0,0.758407715235629,0.6667284284319196
1,0,123,-16.56583857742522,1,uniform_random,0.0,mux3,0.6,0.0,0.7618346184011663,0.6666782924107143
1,0,114,-16.602627427597138,2,uniform_random,0.0,mux3,0.6,0.0,0.7569626805437727,0.6673714773995536
1,0,111,-16.554686608296798,3,uniform_random,0.0,mux3,0.6,0.0,0.7579719968880035,0.6680319649832589
2,1,53,-48.03692302129926,0,uniform_random,0.0,parity2,0.6,0.0,0.8800376856416074,0.48385184151785715
2,1,41,-47.76017729701144,1,uniform_random,0.0,parity2,0.6,0.0,0.8760666265200816,0.4840087890625
2,1,37,-48.00909001878661,2,uniform_random,0.0,parity2,0.6,0.0,0.8782809090652588,0.484161376953125
2,1,31,-48.116673519088394,3,uniform_random,0.0,parity2,0.6,0.0,0.8781393278634292,0.48401096888950895
3,1,101,-19.641413187252976,0,uniform_random,0.0,mux3,0.6,0.0,0.7520365930999579,0.7028089250837054
3,1,91,-19.82790924226936,1,uniform_random,0.0,mux3,0.6,0.0,0.7529263543986137,0.7007991245814732
3,1,93,-19.611741500498542,2,uniform_random,0.0,mux3,0.6,0.0,0.7529521587796983,0.6996394566127232
3,1,99,-19.741247021241783,3,uniform_random,0.0,mux3,0.6,0.00048828125,0.7517117445663077,0.6987435477120536
4,2,50,-36.6563319750254,0,uniform_random,0.0,parity2,0.6,0.0,0.8438027290249996,0.4704982212611607
4,2,50,-36.47725150402854,1,uniform_random,0.0,parity2,0.6,0.0,0.8434487643066509,0.47068568638392855
4,2,48,-36.781957872249656,2,uniform_random,0.0,parity2,0.6,0.0,0.8431101638013382,0.4702366420200893
4,2,52,-36.42381756725539,3,uniform_random,0.0,parity2,0.6,0.0,0.8433288684967167,0.4708796909877232
5,2,105,-17.144517522577246,0,uniform_random,0.0,mux3,0.6,0.0,0.8178330857453089,0.5948835100446429
5,2,119,-17.138848020042047,1,uniform_random,0.0,mux3,0.6,0.0,0.8194284017790353,0.5950644356863839
5,2,102,-17.0818286513782,2,uniform_random,0.0,mux3,0.6,0.0,0.8219295951358205,0.5935559953962054
5,2,108,-17.15518096279576,3,uniform_random,0.0,mux3,0.6,0.0,0.8171516443481914,0.5960627964564732
6,3,60,-35.31534015697984,0,uniform_random,0.0,parity2,0.6,0.0,0.8320248734469323,0.4645603724888393
6,3,55,-35.35069115663248,1,uniform_random,0.0,parity2,0.6,0.0,0.8295721389117732,0.46480233328683035
6,3,61,-35.03803400832925,2,uniform_random,0.0,parity2,0.6,0.0,0.8310285402247789,0.46459742954799105
6,3,71,-35.29055116841277,3,uniform_random,0.0,parity2,0.6,0.0,0.8308298362674963,0.46513802664620535
7,3,84,-20.83866786005446,0,uniform_random,0.0,mux3,0.6,0.0,0.8016842691619978,0.6445116315569196
7,3,97,-20.937716689073575,1,uniform_random,0.0,mux3,0.6,0.0,0.8028890117363334,0.6417912074497768
7,3,89,-21.012569675154285,2,uniform_random,0.0,mux3,0.6,0.0,0.799046878680255,0.6466413225446429
7,3,97,-20.96967124152126,3,uniform_random,0.0,mux3,0.6,0.0,0.8019985795578461,0.6457911900111607
8,4,55,-32.51363272415988,0,uniform_random,0.0,parity2,0.6,0.0,0.8594066825662774,0.46319580078125
8,4,63,-32.644757198720896,1,uniform_random,0.0,parity2,0.6,0.0,0.8597758134283785,0.46197291782924105
8,4,57,-32.736007758251404,2,uniform_random,0.0,parity2,0.6,0.0,0.8593042509297414,0.46177237374441965
8,4,64,-32.60456281821365,3,uniform_random,0.0,parity2,0.6,0.0,0.8587892005095653,0.46089390345982145
9,4,125,-14.127560779264806,0,uniform_random,0.0,mux3,0.6,0.0,0.9367213044548262,0.49927847726004465
9,4,127,-14.184815180883527,1,uniform_random,0.0,mux3,0.6,0.0,0.932488344495865,0.49996512276785715
9,4,121,-14.185495049895163,2,uniform_random,0.0,mux3,0.6,0.0,0.9362911405662523,0.4996708461216518
9,4,122,-14.062907172512187,3,uniform_random,0.0,mux3,0.6,0.0,0.9358689505636787,0.4990386962890625
10,5,74,-27.510911389693334,0,uniform_random,0.0,parity2,0.6,0.0,0.8287165030338933,0.47041102818080355
10,5,69,-27.344586669902064,1,uniform_random,0.0,parity2,0.6,0.0,0.8303233816282756,0.47186279296875
10,5,69,-27.66611686258974,2,uniform_random,0.0,parity2,0.6,0.0,0.829043892391795,0.47058541434151785
10,5,73,-27.42040529533129,3,uniform_random,0.0,parity2,0.6,0.0,0.8284353532697295,0.47096688406808035
11,5,119,-15.133770100361419,0,uniform_random,0.0,mux3,0.6,0.0,0.8939275859380452,0.5363638741629464
11,5,131,-15.010319025713843,1,uniform_random,0.0,mux3,0.6,0.0,0.8947528703604252,0.535797119140625
11,5,128,-14.944935199194257,2,uniform_random,0.0,mux3,0.6,0.0,0.8952368196435115,0.5359279087611607
11,5,105,-14.844533672297153,3,uniform_random,0.0,mux3,0.6,0.0,0.8920286296924615,0.5389796665736607
12,6,32,-62.54226201797841,0,uniform_random,0.0,parity2,0.6,0.0,0.9193705459542547,0.6869049072265625
12,6,29,-63.04340387508103,1,uniform_random,0.0,parity2,0.6,0.0,0.9201969783265689,0.6875959123883929
12,6,30,-62.72546043650756,2,uniform_random,0.0,parity2,0.6,0.0,0.9187586652116938,0.6864122663225446
12,6,26,-62.69666598290169,3,uniform_random,0.0,parity2,0.6,0.0,0.9176419378117312,0.6855359758649554
13,6,134,-13.369734152853535,0,uniform_random,0.0,mux3,0.6,0.0,0.9407886742330893,0.5000348772321429
13,6,144,-13.446693635919916,1,uniform_random,0.0,mux3,0.6,0.0,0.9348886013197395,0.5022997174944196
13,6,150,-13.270840587823251,2,uniform_random,0.0,mux3,0.6,0.0,0.9412121506211181,0.5000784737723214
13,6,142,-13.338070431836519,3,uniform_random,0.0,mux3,0.6,0.0,0.9397547547021393,0.5008871895926339
14,7,64,-29.752028860633537,0,uniform_random,0.0,parity2,0.6,0.0,0.8810431215317003,0.4857940673828125
14,7,67,-29.773547162048516,1,uniform_random,0.0,parity2,0.6,0.0,0.8811554182964291,0.4849155970982143
14,7,68,-29.855423783060573,2,uniform_random,0.0,parity2,0.6,0.0,0.8814436879059185,0.48505946568080355
14,7,63,-29.818826266913547,3,uniform_random,0.0,parity2,0.6,0.0,0.88006951090296,0.48582894461495535
15,7,109,-17.41350072347713,0,uniform_random,0.0,mux3,0.6,0.0,0.8498918942109316,0.576202392578125
15,7,118,-17.132882415411924,1,uniform_random,0.0,mux3,0.6,0.0,0.847220719072772,0.5793849400111607
15,7,114,-17.28359093399412,2,uniform_random,0.0,mux3,0.6,0.0,0.8490207982800396,0.5775844029017857
15,7,110,-17.15794934592541,3,uniform_random,0.0,mux3,0.6,0.0,0.8502565908768113,0.5767582484654018
16,0,48,-40.034832547201034,0,cell_balanced,0.0,parity2,0.6,0.0,0.8676490248584873,0.46658107212611605
16,0,51,-40.23517107295326,1,cell_balanced,0.0,parity2,0.6,0.0,0.8687007237698678,0.46676199776785715
16,0,53,-40.078156620328336,2,cell_balanced,0.0,parity2,0.6,0.0,0.8665903189799752,0.466766357421875
16,0,51,-40.159885872691774,3,cell_balanced,0.0,parity2,0.6,0.0,0.8680864172110263,0.46640232631138395
17,0,86,-23.534848521580948,0,cell_balanced,0.0,mux3,0.6,0.0,0.7692197189634548,0.7240731375558036
17,0,76,-23.51190671765305,1,cell_balanced,0.0,mux3,0.6,0.0,0.766211510836034,0.7241864885602679
17,0,77,-23.611897680034197,2,cell_balanced,0.0,mux3,0.6,0.0,0.7647970853027243,0.7232513427734375
17,0,85,-23.71846212619114,3,cell_balanced,0.0,mux3,0.6,0.0,0.7654072430554949,0.7237069266183036
18,1,39,-48.165037164744255,0,cell_balanced,0.0,parity2,0.6,0.0,0.8729856524233526,0.47316196986607145
18,1,42,-48.17069228524198,1,cell_balanced,0.0,parity2,0.6,0.0,0.8711948164493225,0.47368076869419645
18,1,47,-48.06665062176934,2,cell_balanced,0.0,parity2,0.6,0.0,0.8727021173086759,0.47343880789620535
18,1,39,-47.91478164029375,3,cell_balanced,0.0,parity2,0.6,0.0,0.8719459569365176,0.4734649658203125
19,1,100,-18.80084931083543,0,cell_balanced,0.0,mux3,0.6,0.0,0.7301902667169452,0.6567709786551339
19,1,101,-18.899519389621577,1,cell_balanced,0.0,mux3,0.6,0.0,0.7307535331641415,0.6591033935546875
19,1,103,-18.760999363571518,2,cell_balanced,0.0,mux3,0.6,0.0,0.7314935732523423,0.6586826869419643
19,1,104,-18.921873985321657,3,cell_balanced,0.0,mux3,0.6,0.0,0.7292970083240554,0.6580178397042411
20,2,17,-72.66501152435586,0,cell_balanced,0.0,parity2,0.6,0.0,0.790147849391831,0.5895625523158482
20,2,19,-72.48887260168799,1,cell_balanced,0.0,parity2,0.6,0.0,0.7909723457966307,0.5909576416015625
20,2,20,-72.73464052699427,2,cell_balanced,0.0,parity2,0.6,0.0,0.7847985496523658,0.5916224888392857
20,2,13,-72.59412836690511,3,cell_balanced,0.0,parity2,0.6,0.0,0.7792951051551105,0.5920213971819196
21,2,88,-21.503172191877425,0,cell_balanced,0.0,mux3,0.6,0.0,0.7628925554300937,0.7100786481584821
21,2,85,-21.25554924282476,1,cell_balanced,0.0,mux3,0.6,0.0,0.7617160345340144,0.7104121616908482
21,2,92,-21.369564233126987,2,cell_balanced,0.0,mux3,0.6,0.0,0.7636907128797207,0.7109222412109375
21,2,88,-21.742395759958036,3,cell_balanced,0.0,mux3,0.6,0.0,0.7626362409983687,0.7107456752232143
22,3,61,-31.48250672719738,0,cell_balanced,0.0,parity2,0.6,0.0,0.883840213360062,0.46486336844308035
22,3,55,-31.62802914764674,1,cell_balanced,0.0,parity2,0.6,0.0,0.8838938326319494,0.4652557373046875
22,3,61,-31.70603329311632,2,cell_balanced,0.0,parity2,0.6,0.0,0.8817843351271624,0.4647456577845982
22,3,63,-31.588798393612084,3,cell_balanced,0.0,parity2,0.6,0.0,0.8849301481622988,0.46497671944754465
23,3,90,-20.530181289271518,0,cell_balanced,0.0,mux3,0.6,0.0,0.7513770947977824,0.6829245431082589
23,3,95,-20.39548109629632,1,cell_balanced,0.0,mux3,0.6,0.0,0.7520308299227365,0.6849779401506696
23,3,91,-20.306567701392538,2,cell_balanced,0.0,mux3,0.6,0.0,0.7527107187122433,0.6831207275390625
23,3,99,-20.455897098777978,3,cell_balanced,0.0,mux3,0.6,0.00048828125,0.7503404640604009,0.6833692278180804
24,4,52,-37.847171223204406,0,cell_balanced,0.0,parity2,0.6,0.0,0.8500206243368725,0.47176906040736605
24,4,49,-37.76824386176551,1,cell_balanced,0.0,parity2,0.6,0.0,0.8500200450374622,0.4711543491908482
24,4,54,-37.549472064667256,2,cell_balanced,0.0,parity2,0.6,0.0,0.8501516269351327,0.47152491978236605
24,4,50,-37.851896788296,3,cell_balanced,0.0,parity2,0.6,0.0,0.8479428754214574,0.471221923828125
25,4,96,-21.097928485783576,0,cell_balanced,0.0,mux3,0.6,0.0,0.7596205999483674,0.6831839425223214
25,4,97,-21.343181259372408,1,cell_balanced,0.0,mux3,0.6,0.0,0.7566179760968795,0.6842041015625
25,4,107,-21.164224888001208,2,cell_balanced,0.0,mux3,0.6,0.0,0.7564913139846422,0.6845528738839286
25,4,90,-21.165938689974254,3,cell_balanced,0.0,mux3,0.6,0.0,0.7589638256312864,0.6845855712890625
26,5,47,-41.92072202824317,0,cell_balanced,0.0,parity2,0.6,0.0,0.8639105970457367,0.47270638602120535
26,5,50,-41.663965756514905,1,cell_balanced,0.0,parity2,0.6,0.0,0.8652034953597436,0.4725799560546875
26,5,45,-41.872455335978565,2,cell_balanced,0.0,parity2,0.6,0.0,0.8639609428500005,0.4728306361607143
26,5,46,-41.83407817204745,3,cell_balanced,0.0,parity2,0.6,0.0,0.8644657767287384,0.47241646902901785
27,5,82,-23.5933795572961,0,cell_balanced,0.0,mux3,0.6,0.0,0.7719385372185558,0.7220110212053571
27,5,90,-23.55750123418386,1,cell_balanced,0.0,mux3,0.6,0.0,0.7701813091294315,0.7202845982142857
27,5,86,-23.760149841427374,2,cell_balanced,0.0,mux3,0.6,0.0,0.7713708408346928,0.72161865234375
27,5,85,-23.873978699248102,3,cell_balanced,0.0,mux3,0.6,0.0,0.7722754594594006,0.7209908621651786
28,6,21,-85.81682948919664,0,cell_balanced,0.0,parity2,0.6,0.00048828125,0.7553349003155205,0.6869288853236607
28,6,18,-85.42602124607741,1,cell_balanced,0.0,parity2,0.6,0.0,0.787011136894857,0.6845746721540179
28,6,22,-86.07142848446287,2,cell_balanced,0.0,parity2,0.6,0.0,0.7707486029853957,0.6933877127511161
28,6,19,-85.75370376990057,3,cell_balanced,0.0,parity2,0.6,0.0,0.8168541762307864,0.6862836565290179
29,6,77,-25.18611172646281,0,cell_balanced,0.0,mux3,0.6,0.0,0.7772044221024943,0.7398572649274554
29,6,75,-25.293599280023606,1,cell_balanced,0.0,mux3,0.6,0.0,0.777678725624444,0.7398768833705357
29,6,69,-25.36175994363368,2,cell_balanced,0.0,mux3,0.6,0.0,0.7757402598812123,0.7398965018136161
29,6,84,-25.03659836270068,3,cell_balanced,0.0,mux3,0.6,0.0,0.7765835387915241,0.738861083984375
30,7,24,-76.27436603752636,0,cell_balanced,0.0,parity2,0.6,0.0,0.716157115473319,0.5922372000558036
30,7,21,-76.20553579388746,1,cell_balanced,0.0,parity2,0.6,0.0,0.699966308201871,0.5922088623046875
30,7,21,-76.76446454128619,2,cell_balanced,0.0,parity2,0.6,0.0,0.7048106313675229,0.5928148542131696
30,7,24,-76.52709931094788,3,cell_balanced,0.0,parity2,0.6,0.0,0.7067774039801006,0.5900726318359375
31,7,68,-25.31888714281606,0,cell_balanced,0.0,mux3,0.6,0.0,0.7684683569794266,0.7403150285993304
31,7,74,-25.367472703645248,1,cell_balanced,0.0,mux3,0.6,0.0,0.7683067430928426,0.7414681570870536
31,7,83,-25.238126296766044,2,cell_balanced,0.0,mux3,0.6,0.0,0.7673003701007628,0.7394125802176339
31,7,75,-25.27712723715096,3,cell_balanced,0.0,mux3,0.6,0.0,0.7693445324290448,0.7415815080915179
32,0,22,-68.57973834984479,0,conflict_enriched,0.0,parity2,0.6,0.0,0.7995741135560424,0.5613316127232143
32,0,22,-68.46057296774063,1,conflict_enriched,0.0,parity2,0.6,0.0,0.7997846974107906,0.5568760463169643
32,0,17,-68.5740243471945,2,conflict_enriched,0.0,parity2,0.6,0.0,0.7870353844087765,0.5593457903180804
32,0,17,-68.89082632820609,3,conflict_enriched,0.0,parity2,0.6,0.0,0.7933028588051056,0.5588967459542411
33,0,53,-40.217960895585485,0,conflict_enriched,0.0,mux3,0.6,0.0,0.8481219982067617,0.7121494838169643
33,0,41,-40.34780511514334,1,conflict_enriched,0.0,mux3,0.6,0.0,0.8496507565718451,0.7109592982700893
33,0,43,-39.97453018611244,2,conflict_enriched,0.0,mux3,0.6,0.0,0.8508857781892545,0.7115718296595982
33,0,53,-40.47632734313968,3,conflict_enriched,0.0,mux3,0.6,0.0,0.8503950157487656,0.7109113420758929
34,1,44,-46.8204754356092,0,conflict_enriched,0.0,parity2,0.6,0.0,0.8614034083660105,0.47575160435267855
34,1,37,-47.154756032128866,1,conflict_enriched,0.0,parity2,0.6,0.0,0.8622606266683823,0.47563389369419645
34,1,44,-47.57497294483736,2,conflict_enriched,0.0,parity2,0.6,0.0,0.8651553538749269,0.4757625034877232
34,1,39,-47.45715596230627,3,conflict_enriched,0.0,parity2,0.6,0.0,0.8610676553728727,0.4758976527622768
35,1,38,-43.35115134366043,0,conflict_enriched,0.0,mux3,0.6,0.0,0.8444429443240108,0.7223292759486607
35,1,41,-43.477712453932135,1,conflict_enriched,0.0,mux3,0.6,0.0,0.8434310530790922,0.7235543387276786
35,1,39,-43.545158227159135,2,conflict_enriched,0.0,mux3,0.6,0.0,0.8459336776461852,0.7203761509486607
35,1,42,-43.139081826554545,3,conflict_enriched,0.0,mux3,0.6,0.0,0.8433134680774675,0.7218976702008929
36,2,30,-57.22858565737033,0,conflict_enriched,0.0,parity2,0.6,0.0,0.8839976869596841,0.47272164481026785
36,2,35,-56.98372044825871,1,conflict_enriched,0.0,parity2,0.6,0.0,0.8863144629049371,0.47140066964285715
36,2,33,-57.099872417070614,2,conflict_enriched,0.0,parity2,0.6,0.0,0.8797046566335643,0.47435215541294645
36,2,38,-57.24166430851026,3,conflict_enriched,0.0,parity2,0.6,0.0,0.884173845095065,0.47224644252232145
37,2,64,-31.81419029157915,0,conflict_enriched,0.0,mux3,0.6,0.0,0.8268232439424363,0.6584581647600446
37,2,64,-31.787895898320333,1,conflict_enriched,0.0,mux3,0.6,0.0,0.8261800746423882,0.6614118303571429
37,2,58,-31.538319188939997,2,conflict_enriched,0.0,mux3,0.6,0.0,0.8242482601934887,0.6612810407366071
37,2,55,-31.917275723068688,3,conflict_enriched,0.0,mux3,0.6,0.0,0.8255953805063431,0.6626521519252232
38,3,22,-71.26029460501383,0,conflict_enriched,0.0,parity2,0.6,0.0,0.7806876408379095,0.57794189453125
38,3,24,-71.47001542595125,1,conflict_enriched,0.0,parity2,0.6,0.0,0.7786645569150085,0.5821620396205357
38,3,21,-71.57935982190887,2,conflict_enriched,0.0,parity2,0.6,0.0,0.7745024951107128,0.5814426967075893
38,3,22,-72.23348727606886,3,conflict_enriched,0.0,parity2,0.6,0.0,0.7652924459322822,0.5774034772600446
39,3,62,-32.5666976986263,0,conflict_enriched,0.0,mux3,0.6,0.0,0.8205428822640057,0.65582275390625
39,3,56,-32.57232149260888,1,conflict_enriched,0.0,mux3,0.6,0.0,0.8198702027704687,0.6560821533203125
39,3,57,-32.63488240935404,2,conflict_enriched,0.0,mux3,0.6,0.0,0.8204698820192006,0.6582292829241071
39,3,61,-32.93482692500592,3,conflict_enriched,0.0,mux3,0.6,0.0,0.821028169047201,0.6568385532924107
40,4,26,-65.96773606551885,0,conflict_enriched,0.0,parity2,0.6,0.0,0.798862322833202,0.5346657889229911
40,4,27,-65.39332261406545,1,conflict_enriched,0.0,parity2,0.6,0.0,0.8018293197709573,0.5374864850725446
40,4,18,-65.75269893516622,2,conflict_enriched,0.0,parity2,0.6,0.0,0.8012800417006977,0.5356074741908482
40,4,18,-65.403830213205,3,conflict_enriched,0.0,parity2,0.6,0.0,0.8013221623052463,0.5353785923549107
41,4,51,-41.070246904361305,0,conflict_enriched,0.0,mux3,0.6,0.0,0.8722986501778517,0.726837158203125
41,4,49,-41.197983377250914,1,conflict_enriched,0.0,mux3,0.6,0.0,0.8717694665558865,0.7262987409319196
41,4,40,-41.27355241227709,2,conflict_enriched,0.0,mux3,0.6,0.0,0.870365723985231,0.7262834821428571
41,4,47,-41.23399518272147,3,conflict_enriched,0.0,mux3,0.6,0.0,0.8703934600742758,0.7257973807198661
42,5,24,-70.01246150760855,0,conflict_enriched,0.0,parity2,0.6,0.0,0.786064418963373,0.5653664725167411
42,5,28,-70.04408587925674,1,conflict_enriched,0.0,parity2,0.6,0.0,0.7852895740554556,0.5650591169084821
42,5,27,-70.33550678928897,2,conflict_enriched,0.0,parity2,0.6,0.0,0.7848617209751912,0.5642198835100446
42,5,18,-69.73076794495671,3,conflict_enriched,0.0,parity2,0.6,0.0,0.7832863311373569,0.564697265625
43,5,33,-50.01985351059937,0,conflict_enriched,0.0,mux3,0.6,0.0,0.8589983552837831,0.7624446323939732
43,5,38,-50.085261219059404,1,conflict_enriched,0.0,mux3,0.6,0.0,0.8569154927732058,0.7636522565569196
43,5,33,-50.24522144115745,2,conflict_enriched,0.0,mux3,0.6,0.0,0.8583905402859803,0.7628261021205357
43,5,39,-50.013662690536414,3,conflict_enriched,0.0,mux3,0.6,0.0,0.8566052736794427,0.7634429931640625
44,6,18,-73.5219372203306,0,conflict_enriched,0.0,parity2,0.6,0.0,0.7294400420339652,0.5979439871651786
44,6,19,-73.14565049503994,1,conflict_enriched,0.0,parity2,0.6,0.0,0.7353975869862364,0.5995701381138393
44,6,17,-73.45032339116592,2,conflict_enriched,0.0,parity2,0.6,0.0,0.7197910564144937,0.5931963239397321
44,6,16,-73.58928445267605,3,conflict_enriched,0.0,parity2,0.6,0.0,0.7230920407600517,0.590667724609375
45,6,48,-41.06338957856048,0,conflict_enriched,0.0,mux3,0.6,0.0,0.8538004145534732,0.72406005859375
45,6,40,-41.07172082118377,1,conflict_enriched,0.0,mux3,0.6,0.0,0.8530846006814198,0.7250584193638393
45,6,47,-40.9666413507351,2,conflict_enriched,0.0,mux3,0.6,0.0,0.8537166142082654,0.7249690464564732
45,6,45,-40.75290933418763,3,conflict_enriched,0.0,mux3,0.6,0.0,0.8530369788622505,0.72454833984375
46,7,32,-53.750051410459804,0,conflict_enriched,0.0,parity2,0.6,0.0,0.8706166713783018,0.48622349330357145
46,7,36,-53.83642153515408,1,conflict_enriched,0.0,parity2,0.6,0.0,0.8748432995095173,0.4858006068638393
46,7,36,-53.933653696606484,2,conflict_enriched,0.0,parity2,0.6,0.0,0.8777852694348818,0.48465183803013395
46,7,39,-53.74872536509139,3,conflict_enriched,0.0,parity2,0.6,0.0,0.8769537532842868,0.48405020577566965
47,7,47,-36.348393125407206,0,conflict_enriched,0.0,mux3,0.6,0.0,0.8439126745156512,0.7070203508649554
47,7,47,-36.46665521791942,1,conflict_enriched,0.0,mux3,0.6,0.0,0.8424607010095349,0.7071794782366071
47,7,56,-36.3782721766757,2,conflict_enriched,0.0,mux3,0.6,0.0,0.8432044554292487,0.7068416050502232
47,7,50,-36.56529432734547,3,conflict_enriched,0.0,mux3,0.6,0.0,0.8421103249658418,0.7062704903738839
0,0,17,-102.42125988248613,0,uniform_random,0.0,parity2,0.5,0.0,0.8698070110017818,0.521881103515625
0,0,15,-102.92783274468137,1,uniform_random,0.0,parity2,0.5,0.0,0.8634112281754058,0.5240631103515625
0,0,14,-103.08320360586919,2,uniform_random,0.0,parity2,0.5,0.0,0.8654996600534755,0.523040771484375
0,0,14,-102.13612951604041,3,uniform_random,0.0,parity2,0.5,0.0,0.8647998386787448,0.5219355991908482
1,0,57,-38.74583503185939,0,uniform_random,0.0,mux3,0.5,0.0,0.8367215647136054,0.7084437779017857
1,0,51,-38.89597719404388,1,uniform_random,0.0,mux3,0.5,0.0,0.8403574160649677,0.7083282470703125
1,0,51,-39.02689214905222,2,uniform_random,0.0,mux3,0.5,0.0,0.8385238695380927,0.7073168073381696
1,0,51,-38.921100432067526,3,uniform_random,0.0,mux3,0.5,0.0,0.8382683282155069,0.7073538643973214
2,1,9,-122.89437528957022,0,uniform_random,0.0,parity2,0.5,0.0,0.8897715364949086,0.5700269426618304
2,1,11,-121.09367266106301,1,uniform_random,0.0,parity2,0.5,0.0,0.8895759760888374,0.5728040422712054
2,1,10,-121.51263417613839,2,uniform_random,0.0,parity2,0.5,0.0,0.8923375900878735,0.5737980433872768
2,1,8,-122.27236528062089,3,uniform_random,0.0,parity2,0.5,0.0,0.8904435962232677,0.5712694440569196
3,1,40,-44.850785206477646,0,uniform_random,0.0,mux3,0.5,0.00048828125,0.8368743741010636,0.7207401820591518
3,1,47,-44.91554028594138,1,uniform_random,0.0,mux3,0.5,0.0,0.8371834196875655,0.7200448172433036
3,1,42,-45.05520492193199,2,uniform_random,0.0,mux3,0.5,0.0,0.8366681797172146,0.7210562569754464
3,1,51,-45.04754702205593,3,uniform_random,0.0,mux3,0.5,0.0,0.8358211311011815,0.7208448137555804
4,2,14,-107.52039193103116,0,uniform_random,0.0,parity2,0.5,0.0,0.8457838797637495,0.5631561279296875
4,2,15,-106.45950500433688,1,uniform_random,0.0,parity2,0.5,0.0,0.8428821668878455,0.564178466796875
4,2,12,-107.06808156836799,2,uniform_random,0.0,parity2,0.5,0.0,0.8467235609112203,0.5654645647321429
4,2,6,-106.46050500740077,3,uniform_random,0.0,parity2,0.5,0.0,0.8457225421791309,0.5615038190569196
5,2,45,-43.51058316977927,0,uniform_random,0.0,mux3,0.5,0.0,0.863456943843942,0.658905029296875
5,2,50,-43.43761021685917,1,uniform_random,0.0,mux3,0.5,0.0,0.8657339845351594,0.6591033935546875
5,2,38,-43.384062813880114,2,uniform_random,0.0,mux3,0.5,0.0,0.8654395726480989,0.6612657819475446
5,2,43,-43.30533757824433,3,uniform_random,0.0,mux3,0.5,0.0,0.8640897283501497,0.6600581577845982
6,3,19,-99.60691297403463,0,uniform_random,0.0,parity2,0.5,0.0,0.8944518242172507,0.49672372000558035
6,3,19,-99.41393595495069,1,uniform_random,0.0,parity2,0.5,0.0,0.8952018806478285,0.49520656040736605
6,3,16,-99.43995177078345,2,uniform_random,0.0,parity2,0.5,0.0,0.8965510817530501,0.49396841866629465
6,3,15,-100.11527226995038,3,uniform_random,0.0,parity2,0.5,0.0,0.9035385039190628,0.4869777134486607
7,3,37,-52.14750927799247,0,uniform_random,0.0,mux3,0.5,0.0,0.8635413852521001,0.6976797921316964
7,3,35,-52.28572255219829,1,uniform_random,0.0,mux3,0.5,0.0,0.8602869407988717,0.6957005092075893
7,3,43,-52.10782440762998,2,uniform_random,0.0,mux3,0.5,0.0,0.8614583608784524,0.696624755859375
7,3,35,-52.35925072001544,3,uniform_random,0.0,mux3,0.5,0.0,0.862365486250976,0.6947610037667411
8,4,14,-100.34933818866544,0,uniform_random,0.0,parity2,0.5,0.0,0.8786368651253305,0.49390738351004465
8,4,11,-100.46875352073337,1,uniform_random,0.0,parity2,0.5,0.0,0.8821527695521046,0.49422127859933035
8,4,9,-99.71548670533501,2,uniform_random,0.0,parity2,0.5,0.0,0.8788856231073947,0.49524143763950895
8,4,14,-99.80484529904503,3,uniform_random,0.0,parity2,0.5,0.0,0.8748757104596121,0.4958103724888393
9,4,49,-40.16746207523735,0,uniform_random,0.0,mux3,0.5,0.00048828125,0.8133385784919351,0.6277204241071429
9,4,41,-40.41813327608036,1,uniform_random,0.0,mux3,0.5,0.0,0.8120592447291932,0.6323787144252232
9,4,46,-40.49716117157488,2,uniform_random,0.0,mux3,0.5,0.0,0.8128135990502487,0.6323002406529018
9,4,50,-40.117977244882645,3,uniform_random,0.0,mux3,0.5,0.0,0.8135352314737323,0.6302119663783482
10,5,27,-76.2647315686364,0,uniform_random,0.0,parity2,0.5,0.0,0.9079415606673693,0.46332005092075895
10,5,24,-76.1278401650196,1,uniform_random,0.0,parity2,0.5,0.0,0.9074984306949359,0.46328953334263395
10,5,28,-76.617826049564,2,uniform_random,0.0,parity2,0.5,0.0,0.9092196676784187,0.4624241420200893
10,5,24,-76.35684825156187,3,uniform_random,0.0,parity2,0.5,0.0,0.9070267574478822,0.4629276820591518
11,5,49,-42.741834649496965,0,uniform_random,0.0,mux3,0.5,0.0,0.8598735382572057,0.6680777413504464
11,5,41,-42.46122495262968,1,uniform_random,0.0,mux3,0.5,0.0,0.8585072712469304,0.6686248779296875
11,5,50,-42.70019789302907,2,uniform_random,0.0,mux3,0.5,0.0,0.8617636857441094,0.6684352329799107
11,5,49,-42.165872719444934,3,uniform_random,0.0,mux3,0.5,0.0,0.861068865086347,0.6681932721819196
12,6,16,-126.79158863638142,0,uniform_random,0.0,parity2,0.5,0.0,0.9589820066877051,0.7245657784598214
12,6,14,-127.25337217473627,1,uniform_random,0.0,parity2,0.5,0.0,0.9561947906364223,0.7250126429966518
12,6,16,-127.41110689594309,2,uniform_random,0.0,parity2,0.5,0.0,0.9583750734176811,0.7241232735770089
12,6,13,-127.25351193012932,3,uniform_random,0.0,parity2,0.5,0.0,0.9553127455207205,0.7234235491071429
13,6,40,-41.84465228639102,0,uniform_random,0.0,mux3,0.5,0.0,0.8548313822131636,0.6325443812779018
13,6,57,-41.80339728329635,1,uniform_random,0.0,mux3,0.5,0.0,0.8542923994861001,0.6335209437779018
13,6,56,-41.372510950649435,2,uniform_random,0.0,mux3,0.5,0.0,0.8545355412455728,0.6318097795758929
13,6,52,-41.70119941891006,3,uniform_random,0.0,mux3,0.5,0.0,0.8557544510981335,0.6328473772321429
14,7,19,-90.1903071258639,0,uniform_random,0.0,parity2,0.5,0.0,0.9049901111034931,0.49988010951450895
14,7,16,-90.07386833868547,1,uniform_random,0.0,parity2,0.5,0.0,0.9051208538689295,0.49777439662388395
14,7,20,-90.55069782995989,2,uniform_random,0.0,parity2,0.5,0.0,0.9037922008545552,0.5024087088448661
14,7,17,-90.6508290030488,3,uniform_random,0.0,parity2,0.5,0.0,0.9048528576090228,0.497314453125
15,7,43,-44.610151134852416,0,uniform_random,0.0,mux3,0.5,0.0,0.8605983355296731,0.6824602399553571
15,7,39,-44.19311084672143,1,uniform_random,0.0,mux3,0.5,0.0,0.861036128280334,0.6823512486049107
15,7,47,-44.530510535997315,2,uniform_random,0.0,mux3,0.5,0.0,0.8597255570747588,0.6810433523995536
15,7,34,-44.33746699566967,3,uniform_random,0.0,mux3,0.5,0.0,0.8610245614601235,0.6822008405412946
16,0,8,-113.55559340982406,0,cell_balanced,0.0,parity2,0.5,0.0,0.8752656194285028,0.5321895054408482
16,0,12,-112.59679106026465,1,cell_balanced,0.0,parity2,0.5,0.0,0.8819003164065226,0.5333469935825893
16,0,11,-113.11990900102458,2,cell_balanced,0.0,parity2,0.5,0.0,0.8787021129809683,0.5333230154854911
16,0,7,-113.65752231920837,3,cell_balanced,0.0,parity2,0.5,0.0,0.8717304383878955,0.5341971261160714
17,0,38,-56.612628460132484,0,cell_balanced,0.0,mux3,0.5,0.0,0.8491381553954993,0.7408948625837054
17,0,32,-56.42412710824007,1,cell_balanced,0.0,mux3,0.5,0.0,0.850713217247638,0.7408185686383929
17,0,39,-56.57927955531077,2,cell_balanced,0.0,mux3,0.5,0.0,0.8487353484956207,0.7408534458705357
17,0,36,-56.720248638893466,3,cell_balanced,0.0,mux3,0.5,0.0,0.8516890343256028,0.7404741559709821
18,1,10,-119.16134845865,0,cell_balanced,0.0,parity2,0.5,0.0,0.8701614187137972,0.5724400111607143
18,1,8,-119.62861555351084,1,cell_balanced,0.0,parity2,0.5,0.0,0.8701653950079111,0.5706547328404018
18,1,15,-118.28167615349435,2,cell_balanced,0.0,parity2,0.5,0.0,0.8672657842221467,0.5754721505301339
18,1,6,-118.53568632021809,3,cell_balanced,0.0,parity2,0.5,0.0,0.8645706916855405,0.5697610037667411
19,1,43,-45.40243717170397,0,cell_balanced,0.0,mux3,0.5,0.0,0.8314179401769086,0.6838269914899554
19,1,40,-45.55602802471059,1,cell_balanced,0.0,mux3,0.5,0.0,0.8311501142991814,0.6838335309709821
19,1,45,-45.424465770473795,2,cell_balanced,0.0,mux3,0.5,0.0,0.8314535266248735,0.6857038225446429
19,1,42,-45.45281088943859,3,cell_balanced,0.0,mux3,0.5,0.0,0.8310769500615284,0.6840493338448661
20,2,8,-135.87131678362357,0,cell_balanced,0.0,parity2,0.5,0.0078125,0.8483298048319841,0.7057582310267857
20,2,11,-136.16154991427737,1,cell_balanced,0.0,parity2,0.5,0.0048828125,0.8496929240314931,0.7042955671037946
20,2,9,-136.2003035945466,2,cell_balanced,0.0,parity2,0.5,0.0048828125,0.8474727121864696,0.7030617850167411
20,2,8,-135.90258898161912,3,cell_balanced,0.0,parity2,0.5,0.009765625,0.8484771087452676,0.705474853515625
21,2,40,-52.97239444565546,0,cell_balanced,0.0,mux3,0.5,0.0,0.8705451215117996,0.7388371058872768
21,2,45,-52.590955572711486,1,cell_balanced,0.0,mux3,0.5,0.0,0.8690209868931122,0.7386300223214286
21,2,40,-52.598384394868454,2,cell_balanced,0.0,mux3,0.5,0.0,0.8691619589786502,0.7391292027064732
21,2,43,-53.18535927412466,3,cell_balanced,0.0,mux3,0.5,0.0,0.8720091942824375,0.7393253871372768
22,3,29,-79.64499597827579,0,cell_balanced,0.0,parity2,0.5,0.0,0.9500763452729439,0.46035548618861605
22,3,21,-79.65392361309448,1,cell_balanced,0.0,parity2,0.5,0.0,0.9514149102706105,0.46017674037388395
22,3,21,-79.71728484187332,2,cell_balanced,0.0,parity2,0.5,0.0,0.9511833310717938,0.4600154331752232
22,3,21,-79.52887088207663,3,cell_balanced,0.0,parity2,0.5,0.0,0.9504295454012625,0.4600612095424107
23,3,37,-47.62845853969345,0,cell_balanced,0.0,mux3,0.5,0.0,0.8501525193117977,0.7056492396763393
23,3,42,-47.63833063953298,1,cell_balanced,0.0,mux3,0.5,0.0,0.8488549397474091,0.7049124581473214
23,3,40,-47.68987703387966,2,cell_balanced,0.0,mux3,0.5,0.0,0.8483515881936327,0.7048775809151786
23,3,47,-47.672257287478836,3,cell_balanced,0.0,mux3,0.5,0.0,0.8482156296037264,0.7045833042689732
24,4,11,-102.69915537050849,0,cell_balanced,0.0,parity2,0.5,0.0,0.8626642684409404,0.5245252336774554
24,4,13,-103.90126517108575,1,cell_balanced,0.0,parity2,0.5,0.0,0.86360344057165,0.5234483991350446
24,4,16,-103.1938618388606,2,cell_balanced,0.0,parity2,0.5,0.0,0.8602714466694236,0.5222800118582589
24,4,11,-103.71145695679209,3,cell_balanced,0.0,parity2,0.5,0.0,0.860708919953498,0.5244118826729911
25,4,39,-50.77557042510318,0,cell_balanced,0.0,mux3,0.5,0.0,0.8544661488434185,0.7119271414620536
25,4,43,-51.069714596813135,1,cell_balanced,0.0,mux3,0.5,0.0,0.8550028015941774,0.710693359375
25,4,44,-51.003582081066114,2,cell_balanced,0.0,mux3,0.5,0.0,0.8554674103701136,0.7090606689453125
25,4,46,-50.866144818876094,3,cell_balanced,0.0,mux3,0.5,0.0,0.8574643576666802,0.7116415841238839
26,5,13,-114.246247099674,0,cell_balanced,0.0,parity2,0.5,0.0,0.8755776509627002,0.5555507114955357
26,5,10,-114.16153925553387,1,cell_balanced,0.0,parity2,0.5,0.0,0.8782977896796924,0.5542471749441964
26,5,8,-114.32477709079143,2,cell_balanced,0.0,parity2,0.5,0.0,0.8719444703520015,0.5546286446707589
26,5,12,-114.68187120270348,3,cell_balanced,0.0,parity2,0.5,0.0,0.8780390409125778,0.5539267403738839
27,5,37,-57.520810567336156,0,cell_balanced,0.0,mux3,0.5,0.0,0.8553119408908779,0.7408251081194196
27,5,42,-57.256286637017446,1,cell_balanced,0.0,mux3,0.5,0.0,0.8563839983429311,0.7406638009207589
27,5,36,-57.30845845714211,2,cell_balanced,0.0,mux3,0.5,0.0,0.8568006935202158,0.7406245640345982
27,5,32,-57.84652508557371,3,cell_balanced,0.0,mux3,0.5,0.0,0.8560244536082039,0.7406812395368304
28,6,3,-148.5193443390518,0,cell_balanced,0.00830078125,parity2,0.5,0.2724609375,0.8538968380884047,0.8961530412946429
28,6,1,-149.80904721853102,1,cell_balanced,0.01171875,parity2,0.5,0.24560546875,0.8457034700239134,0.8880266462053571
28,6,2,-150.19568760345112,2,cell_balanced,0.0107421875,parity2,0.5,0.23779296875,0.8501054065093898,0.8919743129185268
28,6,11,-155.80534254323896,3,cell_balanced,0.0009765625,parity2,0.5,0.04248046875,0.8202233091885882,0.8237871442522321
29,6,32,-60.04203252280598,0,cell_balanced,0.0,mux3,0.5,0.0,0.8415381943857572,0.7455989292689732
29,6,30,-60.315336807116104,1,cell_balanced,0.0,mux3,0.5,0.0,0.8421662422673754,0.7458452497209821
29,6,31,-60.368934048345295,2,cell_balanced,0.0,mux3,0.5,0.0,0.8394901473437827,0.7454136439732143
29,6,29,-59.97675041862826,3,cell_balanced,0.0,mux3,0.5,0.0,0.8404197610342227,0.7462332589285714
30,7,8,-138.93574534711837,0,cell_balanced,0.0,parity2,0.5,0.123046875,0.8023961514652596,0.7563759940011161
30,7,8,-139.28921515900709,1,cell_balanced,0.0,parity2,0.5,0.12158203125,0.7927267306331347,0.7592991420200893
30,7,8,-139.21397223413814,2,cell_balanced,0.0,parity2,0.5,0.1279296875,0.8061499562697099,0.7666822160993304
30,7,13,-140.33309678389566,3,cell_balanced,0.0,parity2,0.5,0.12158203125,0.7814128406382761,0.7520250592912946
31,7,37,-61.80398221924642,0,cell_balanced,0.0,mux3,0.5,0.0,0.8220552839398575,0.7501482282366071
31,7,34,-61.73184563774865,1,cell_balanced,0.0,mux3,0.5,0.0,0.8209170351408474,0.7507084437779018
31,7,39,-61.701320397748866,2,cell_balanced,0.0,mux3,0.5,0.0,0.8169922369108321,0.750762939453125
31,7,31,-61.69974189892153,3,cell_balanced,0.0,mux3,0.5,0.0,0.8203579302783854,0.7511138916015625
32,0,9,-135.07965258808233,0,conflict_enriched,0.0,parity2,0.5,0.0,0.7859111793609114,0.6782618931361607
32,0,11,-134.6512386070345,1,conflict_enriched,0.0,parity2,0.5,0.00146484375,0.7859349199878469,0.6795327322823661
32,0,9,-134.62440981584072,2,conflict_enriched,0.0,parity2,0.5,0.001953125,0.7866122679531021,0.6815665108816964
32,0,8,-135.33834747199603,3,conflict_enriched,0.0,parity2,0.5,0.00146484375,0.8010076623592235,0.6716657366071429
33,0,14,-106.39500345267109,0,conflict_enriched,0.0,mux3,0.5,0.00048828125,0.875509919786796,0.80535888671875
33,0,14,-106.85867712620957,1,conflict_enriched,0.0,mux3,0.5,0.0,0.8768281773584439,0.8090972900390625
33,0,16,-106.53472449839322,2,conflict_enriched,0.0,mux3,0.5,0.00048828125,0.8736085760609221,0.8068738664899554
33,0,13,-107.31774195013857,3,conflict_enriched,0.0,mux3,0.5,0.0,0.8719475223227917,0.8029872349330357
34,1,16,-110.1572413255017,0,conflict_enriched,0.0,parity2,0.5,0.0,0.8515482539200169,0.5335540771484375
34,1,12,-111.23737512316595,1,conflict_enriched,0.0,parity2,0.5,0.0,0.8493697984876333,0.5330352783203125
34,1,15,-112.00035930197788,2,conflict_enriched,0.0,parity2,0.5,0.0,0.8502969735831291,0.5325404575892857
34,1,12,-111.44126313024151,3,conflict_enriched,0.0,parity2,0.5,0.0,0.8486083221914746,0.5331747872488839
35,1,11,-104.21258366090856,0,conflict_enriched,0.0,mux3,0.5,0.00048828125,0.8776187485415284,0.7960466657366071
35,1,16,-104.10277569960093,1,conflict_enriched,0.0,mux3,0.5,0.0009765625,0.8726923203333549,0.7948499407087054
35,1,14,-104.66764696951336,2,conflict_enriched,0.0,mux3,0.5,0.0,0.8748957814803566,0.7957807268415179
35,1,19,-104.21130222684383,3,conflict_enriched,0.0,mux3,0.5,0.0,0.875942113353083,0.7968771798270089
36,2,10,-127.93896890814955,0,conflict_enriched,0.0,parity2,0.5,0.0,0.8277727710501049,0.6020921979631696
36,2,10,-127.99417210128972,1,conflict_enriched,0.0,parity2,0.5,0.0,0.8202318069997906,0.6068464006696429
36,2,10,-126.73279562171052,2,conflict_enriched,0.0,parity2,0.5,0.0,0.8366736617638401,0.6051112583705357
36,2,11,-128.4490498923301,3,conflict_enriched,0.0,parity2,0.5,0.0,0.8227810928565159,0.6046033586774554
37,2,26,-78.06862402688631,0,conflict_enriched,0.0,mux3,0.5,0.0,0.9107229198312317,0.6705409458705357
37,2,22,-78.26215517496627,1,conflict_enriched,0.0,mux3,0.5,0.0,0.9116129345733793,0.6697453090122768
37,2,27,-77.94693435846025,2,conflict_enriched,0.0,mux3,0.5,0.0,0.9115110907553629,0.6708156040736607
37,2,25,-78.0887349658779,3,conflict_enriched,0.0,mux3,0.5,0.0,0.9142889357867732,0.6717071533203125
38,3,11,-135.63964972729346,0,conflict_enriched,0.0,parity2,0.5,0.0048828125,0.7957991323764578,0.6845768519810268
38,3,14,-136.01220763451457,1,conflict_enriched,0.0,parity2,0.5,0.005859375,0.7925853411112571,0.6847294398716518
38,3,14,-135.91266286598807,2,conflict_enriched,0.0,parity2,0.5,0.00439453125,0.7822340231096848,0.6873539515904018
38,3,10,-136.36676761380315,3,conflict_enriched,0.0,parity2,0.5,0.01416015625,0.7683892506632637,0.6928623744419643
39,3,15,-93.34808500321974,0,conflict_enriched,0.0,mux3,0.5,0.0,0.8767542442712059,0.7361297607421875
39,3,16,-92.83653494209474,1,conflict_enriched,0.0,mux3,0.5,0.0,0.8759335729463358,0.7341591971261161
39,3,20,-93.11456915475988,2,conflict_enriched,0.0,mux3,0.5,0.0,0.8761034929641701,0.7342136928013393
39,3,20,-93.34834743682323,3,conflict_enriched,0.0,mux3,0.5,0.0,0.8755764540278893,0.734832763671875
40,4,12,-131.02126292121716,0,conflict_enriched,0.0,parity2,0.5,0.00048828125,0.8309405037526334,0.6234937395368304
40,4,12,-129.54681461268478,1,conflict_enriched,0.0,parity2,0.5,0.00390625,0.8312244776014224,0.6258893694196429
40,4,9,-130.21388699484538,2,conflict_enriched,0.0,parity2,0.5,0.001953125,0.8224531071609859,0.6240038190569196
40,4,6,-129.61810769216936,3,conflict_enriched,0.0,parity2,0.5,0.001953125,0.8166647368045136,0.6262773786272321
41,4,16,-103.19014869072105,0,conflict_enriched,0.0,mux3,0.5,0.0,0.9024567112552287,0.7872554234095982
41,4,13,-103.28623275053187,1,conflict_enriched,0.0,mux3,0.5,0.0,0.903167270966822,0.7864249093191964
41,4,12,-103.18284033904075,2,conflict_enriched,0.0,mux3,0.5,0.0,0.9023645770916662,0.7857862200055804
41,4,15,-103.47419038373143,3,conflict_enriched,0.0,mux3,0.5,0.0,0.9016974435380718,0.7866080147879464
42,5,10,-135.8424716098651,0,conflict_enriched,0.0,parity2,0.5,0.01171875,0.7725023510185037,0.6940983363560268
42,5,8,-133.96908272061793,1,conflict_enriched,0.0,parity2,0.5,0.01953125,0.7912747848141226,0.7290518624441964
42,5,13,-135.52504088546993,2,conflict_enriched,0.0,parity2,0.5,0.015625,0.7722902401134718,0.7028547014508929
42,5,9,-136.19557242076615,3,conflict_enriched,0.0,parity2,0.5,0.0078125,0.7814984321261461,0.6736646379743304
43,5,12,-114.36876545499234,0,conflict_enriched,0.0,mux3,0.5,0.00439453125,0.8701689027510316,0.8693062918526786
43,5,10,-114.75617581849505,1,conflict_enriched,0.0,mux3,0.5,0.00439453125,0.8673406373731538,0.8728964669363839
43,5,15,-114.63520698882134,2,conflict_enriched,0.0,mux3,0.5,0.00390625,0.8693384110232908,0.8729836600167411
43,5,15,-114.69691029730804,3,conflict_enriched,0.0,mux3,0.5,0.0029296875,0.8703283250968317,0.8684605189732143
44,6,7,-139.9789009958585,0,conflict_enriched,0.0,parity2,0.5,0.0029296875,0.7685053788972537,0.7462114606584821
44,6,11,-139.19755473555972,1,conflict_enriched,0.0,parity2,0.5,0.01171875,0.7544520224569163,0.7641557965959821
44,6,5,-139.00672937172828,2,conflict_enriched,0.0,parity2,0.5,0.017578125,0.7828093291876396,0.7858363560267857
44,6,10,-140.31815200770092,3,conflict_enriched,0.0,parity2,0.5,0.0068359375,0.7592981282461213,0.7507912772042411
45,6,16,-104.72605947177196,0,conflict_enriched,0.0,mux3,0.5,0.0,0.8954055427265347,0.7865186418805804
45,6,17,-104.63127356738988,1,conflict_enriched,0.0,mux3,0.5,0.0,0.8954862783222889,0.7895137241908482
45,6,16,-105.29936544140409,2,conflict_enriched,0.0,mux3,0.5,0.0,0.8944382575362083,0.7884107317243304
45,6,17,-104.94966162564988,3,conflict_enriched,0.0,mux3,0.5,0.0,0.8924130566147268,0.7918810163225446
46,7,9,-122.29928902294253,0,conflict_enriched,0.0,parity2,0.5,0.0,0.8416077635594227,0.5954982212611607
46,7,8,-122.31013359015732,1,conflict_enriched,0.0,parity2,0.5,0.0,0.8431830745954991,0.5962393624441964
46,7,12,-122.24522079706978,2,conflict_enriched,0.0,parity2,0.5,0.0,0.8406683678021025,0.5921827043805804
46,7,9,-123.13191165483444,3,conflict_enriched,0.0,parity2,0.5,0.00048828125,0.8373844727891482,0.5944235665457589
47,7,20,-88.39740474331697,0,conflict_enriched,0.0,mux3,0.5,0.0,0.9342980439069424,0.7397395542689732
47,7,20,-88.56043139580635,1,conflict_enriched,0.0,mux3,0.5,0.0,0.9323185948602103,0.7395738874162946
47,7,25,-88.09066777724783,2,conflict_enriched,0.0,mux3,0.5,0.0,0.9334676331107369,0.7390572684151786
47,7,24,-88.5541349202209,3,conflict_enriched,0.0,mux3,0.5,0.0,0.9319929859960843,0.7386322021484375
0,0,5,-164.84812250367122,0,uniform_random,0.0,parity2,0.4,0.04052734375,0.8672412491882994,0.6175994873046875
0,0,9,-165.16161382434703,1,uniform_random,0.0,parity2,0.4,0.048828125,0.8690725786170638,0.6207667759486607
0,0,7,-164.73388886382457,2,uniform_random,0.0,parity2,0.4,0.0419921875,0.8696737593587525,0.6181989397321429
0,0,6,-164.6022400976808,3,uniform_random,0.0,parity2,0.4,0.0380859375,0.8687284747673534,0.61785888671875
1,0,32,-66.17934100360004,0,uniform_random,0.0,mux3,0.4,0.0,0.8801074102890117,0.7190638950892857
1,0,36,-66.33521744677604,1,uniform_random,0.0,mux3,0.4,0.0,0.8811121092761783,0.7187085832868304
1,0,34,-66.57565765147382,2,uniform_random,0.0,mux3,0.4,0.0,0.881525143366381,0.717529296875
1,0,31,-66.59528659299093,3,uniform_random,0.0,mux3,0.4,0.0,0.8824114501663475,0.7183619907924107
2,1,5,-192.40676232860454,0,uniform_random,0.0,parity2,0.4,0.02734375,0.9023118374177804,0.6545584542410714
2,1,9,-189.6510021211567,1,uniform_random,0.0,parity2,0.4,0.08642578125,0.8776761226106967,0.6734161376953125
2,1,2,-185.54271275180636,2,uniform_random,0.0,parity2,0.4,0.14794921875,0.8671022066809443,0.6835675920758929
2,1,6,-189.98692058607023,3,uniform_random,0.0,parity2,0.4,0.1142578125,0.8750056183523689,0.6748308454241071
3,1,24,-75.32849503154252,0,uniform_random,0.0,mux3,0.4,0.0,0.8853410822921391,0.7221897670200893
3,1,30,-75.47031962701303,1,uniform_random,0.0,mux3,0.4,0.00048828125,0.8854032824365415,0.7216251918247768
3,1,25,-75.52793119679197,2,uniform_random,0.0,mux3,0.4,0.0,0.8872578392159258,0.7217450823102679
3,1,30,-75.75978300945789,3,uniform_random,0.0,mux3,0.4,0.00048828125,0.8856972470703807,0.7216382707868304
4,2,8,-172.84440918868938,0,uniform_random,0.0,parity2,0.4,0.00341796875,0.8306871135050641,0.6509268624441964
4,2,7,-172.37288645150159,1,uniform_random,0.0,parity2,0.4,0.00048828125,0.8608907795025603,0.6301487513950893
4,2,8,-173.39264765504936,2,uniform_random,0.0,parity2,0.4,0.00048828125,0.8599120552786579,0.6321432931082589
4,2,2,-171.88672302747466,3,uniform_random,0.0,parity2,0.4,0.0029296875,0.8447466569482943,0.6457061767578125
5,2,25,-79.42024660831966,0,uniform_random,0.0,mux3,0.4,0.0,0.9101761911043328,0.7065974644252232
5,2,30,-79.20163781707592,1,uniform_random,0.0,mux3,0.4,0.0,0.9101928331837151,0.7045658656529018
5,2,25,-79.18422415842852,2,uniform_random,0.0,mux3,0.4,0.0,0.9109475240095752,0.7045876639229911
5,2,19,-79.0166787443296,3,uniform_random,0.0,mux3,0.4,0.0,0.9080911264040854,0.7058606828962054
6,3,4,-167.319571369393,0,uniform_random,0.0,parity2,0.4,0.00146484375,0.892215602836686,0.6088649204799107
6,3,6,-168.32373553410937,1,uniform_random,0.0,parity2,0.4,0.0,0.8955929673835349,0.6036529541015625
6,3,5,-167.88559476978895,2,uniform_random,0.0,parity2,0.4,0.0,0.896673143546441,0.6058589390345982
6,3,7,-168.8416681015574,3,uniform_random,0.0,parity2,0.4,0.0,0.8915473916158064,0.6065739222935268
7,3,21,-92.67370620677909,0,uniform_random,0.0,mux3,0.4,0.0,0.9083870419138799,0.7038029261997768
7,3,22,-92.8913773877223,1,uniform_random,0.0,mux3,0.4,0.0,0.9081635324410396,0.7029898507254464
7,3,25,-92.59383446851803,2,uniform_random,0.0,mux3,0.4,0.0,0.9078076147169585,0.7035893031529018
7,3,24,-92.94525501496153,3,uniform_random,0.0,mux3,0.4,0.0,0.9081327486407591,0.7037353515625
8,4,7,-171.12645955894303,0,uniform_random,0.0,parity2,0.4,0.0,0.860840325079657,0.6046883719308036
8,4,9,-171.1861612653672,1,uniform_random,0.0,parity2,0.4,0.0,0.8595640347685966,0.6006949288504464
8,4,5,-170.3519254895971,2,uniform_random,0.0,parity2,0.4,0.0,0.8597666383480126,0.6140289306640625
8,4,7,-169.5001500622159,3,uniform_random,0.0,parity2,0.4,0.0,0.8581590547973625,0.613189697265625
9,4,29,-71.61283114282767,0,uniform_random,0.0,mux3,0.4,0.00244140625,0.8799097371439147,0.7269984654017857
9,4,24,-71.88236164449692,1,uniform_random,0.0,mux3,0.4,0.0,0.8797054510404763,0.7270921979631696
9,4,26,-72.05202406558261,2,uniform_random,0.0,mux3,0.4,0.00146484375,0.8793288276220318,0.7261178152901786
9,4,29,-71.74476274981559,3,uniform_random,0.0,mux3,0.4,0.00048828125,0.880564170835805,0.7278180803571429
10,5,5,-149.23630206427637,0,uniform_random,0.0,parity2,0.4,0.0,0.8990324937387957,0.5562547956194196
10,5,5,-148.47250841346607,1,uniform_random,0.0,parity2,0.4,0.0,0.8970952994725785,0.5581686837332589
10,5,5,-149.58236905038032,2,uniform_random,0.0,parity2,0.4,0.0,0.90033312101442,0.5625087193080357
10,5,7,-148.56566835442325,3,uniform_random,0.0,parity2,0.4,0.0,0.8955109858680931,0.5655343191964286
11,5,26,-76.82428586391904,0,uniform_random,0.0,mux3,0.4,0.0,0.8954381134099226,0.7084568568638393
11,5,24,-76.48689536475561,1,uniform_random,0.0,mux3,0.4,0.0,0.8958433014007596,0.7081582205636161
11,5,30,-77.00217986489989,2,uniform_random,0.0,mux3,0.4,0.0,0.8963598490543381,0.7077353341238839
11,5,30,-76.2283324577291,3,uniform_random,0.0,mux3,0.4,0.0,0.8964006683649908,0.7071947370256696
12,6,9,-191.4467976783224,0,uniform_random,0.0,parity2,0.4,0.01513671875,0.9210990114017028,0.7582441057477679
12,6,11,-190.96825903237888,1,uniform_random,0.0,parity2,0.4,0.02685546875,0.9126851794458298,0.7579149518694196
12,6,6,-191.38452963039592,2,uniform_random,0.0,parity2,0.4,0.02587890625,0.919010113102417,0.7601405552455357
12,6,11,-192.21946664224728,3,uniform_random,0.0,parity2,0.4,0.0146484375,0.9206208764104918,0.7572893415178571
13,6,26,-82.92399306814714,0,uniform_random,0.0,mux3,0.4,0.0,0.9071563458740525,0.7042083740234375
13,6,29,-82.74981273212431,1,uniform_random,0.0,mux3,0.4,0.0,0.9070558693730264,0.7032993861607143
13,6,23,-82.47143185820063,2,uniform_random,0.0,mux3,0.4,0.0,0.9077704330658378,0.7025735037667411
13,6,25,-82.67949037850815,3,uniform_random,0.0,mux3,0.4,0.0,0.9061405784345504,0.7034149169921875
14,7,11,-157.59561393228614,0,uniform_random,0.0,parity2,0.4,0.0,0.9014342158494139,0.5895254952566964
14,7,5,-156.77361515353937,1,uniform_random,0.0,parity2,0.4,0.0,0.9010202659549963,0.5899462018694196
14,7,9,-157.22305168236755,2,uniform_random,0.0,parity2,0.4,0.0,0.899013726141724,0.5893881661551339
14,7,6,-157.10624051449307,3,uniform_random,0.0,parity2,0.4,0.0,0.8976403499350093,0.59466552734375
15,7,29,-78.87649301808179,0,uniform_random,0.0,mux3,0.4,0.0,0.9071544567616373,0.7333112444196429
15,7,23,-78.15521554710602,1,uniform_random,0.0,mux3,0.4,0.0,0.9062149396070142,0.7298845563616071
15,7,26,-78.60350395819248,2,uniform_random,0.0,mux3,0.4,0.0,0.9059040986182959,0.7320643833705357
15,7,23,-78.34293506018905,3,uniform_random,0.0,mux3,0.4,0.0,0.9069867921779041,0.7321036202566964
16,0,4,-179.16280410601925,0,cell_balanced,0.0,parity2,0.4,0.0029296875,0.8699658071930723,0.6648908342633929
16,0,6,-183.38375081247014,1,cell_balanced,0.0,parity2,0.4,0.0,0.8857407030452612,0.6294577462332589
16,0,4,-180.82697388619232,2,cell_balanced,0.0,parity2,0.4,0.0029296875,0.8662823851371945,0.6627567836216518
16,0,3,-178.26156669432473,3,cell_balanced,0.0,parity2,0.4,0.0068359375,0.8709691069165896,0.6725027901785714
17,0,20,-105.30137268235389,0,cell_balanced,0.0,mux3,0.4,0.0,0.8995088375873447,0.7416469029017857
17,0,19,-105.23736153247738,1,cell_balanced,0.0,mux3,0.4,0.0,0.898157651529732,0.7421482631138393
17,0,19,-105.47323619509547,2,cell_balanced,0.0,mux3,0.4,0.0,0.8987668934782881,0.7421678815569196
17,0,19,-105.62026839331199,3,cell_balanced,0.0,mux3,0.4,0.0,0.8985200970210653,0.7425973074776786
18,1,7,-183.81194415733856,0,cell_balanced,0.0,parity2,0.4,0.01416015625,0.8823202744025446,0.6645071847098214
18,1,4,-184.60614249336962,1,cell_balanced,0.0,parity2,0.4,0.00732421875,0.8895509043511247,0.6635851178850446
18,1,11,-182.30874990298292,2,cell_balanced,0.0,parity2,0.4,0.029296875,0.8581885649908513,0.6757376534598214
18,1,4,-181.24173402632502,3,cell_balanced,0.0,parity2,0.4,0.04443359375,0.8416995612181807,0.6996416364397321
19,1,25,-81.71699720504105,0,cell_balanced,0.0,mux3,0.4,0.0,0.8937530506929239,0.6973484584263393
19,1,22,-81.97278589116215,1,cell_balanced,0.0,mux3,0.4,0.0,0.8939720450380075,0.6967184884207589
19,1,23,-81.7584254596974,2,cell_balanced,0.0,mux3,0.4,0.0,0.8932560054095661,0.6977648053850446
19,1,26,-81.9739517871768,3,cell_balanced,0.0,mux3,0.4,0.0,0.8941024470390848,0.6977255684988839
20,2,6,-196.2304432145237,0,cell_balanced,0.0,parity2,0.4,0.31884765625,0.8944297235187927,0.7750810895647321
20,2,9,-196.49715969962102,1,cell_balanced,0.0,parity2,0.4,0.2841796875,0.8938621208451283,0.7715192522321429
20,2,7,-196.44435377609912,2,cell_balanced,0.0,parity2,0.4,0.26806640625,0.8948250421218825,0.7677939278738839
20,2,6,-196.12727701464271,3,cell_balanced,0.0,parity2,0.4,0.3134765625,0.8927097132870021,0.7742767333984375
21,2,20,-103.17410775986276,0,cell_balanced,0.0,mux3,0.4,0.0,0.9136267497057159,0.7445526123046875
21,2,22,-102.43369495535882,1,cell_balanced,0.0,mux3,0.4,0.0,0.9127087965456854,0.7449951171875
21,2,22,-102.52008799409231,2,cell_balanced,0.0,mux3,0.4,0.0,0.9121458772521799,0.7457122802734375
21,2,21,-103.21167063569455,3,cell_balanced,0.0,mux3,0.4,0.0,0.9125775830994781,0.7446572440011161
22,3,2,-155.00579001140548,0,cell_balanced,0.0,parity2,0.4,0.0,0.9471700576355205,0.5045907156808036
22,3,4,-156.46426736951815,1,cell_balanced,0.0,parity2,0.4,0.0,0.9459692764468581,0.5020621163504464
22,3,7,-157.69411520978701,2,cell_balanced,0.0,parity2,0.4,0.0,0.9406778981293128,0.5033373151506696
22,3,6,-155.21635408109447,3,cell_balanced,0.0,parity2,0.4,0.0,0.9402038331424144,0.509246826171875
23,3,23,-81.94020507672842,0,cell_balanced,0.0,mux3,0.4,0.0,0.9003198588915236,0.7102508544921875
23,3,26,-81.75671354303975,1,cell_balanced,0.0,mux3,0.4,0.0,0.9022561245748625,0.7095097133091518
23,3,24,-82.05664922267765,2,cell_balanced,0.0,mux3,0.4,0.0,0.9025963905659796,0.7106345040457589
23,3,30,-81.6063592534281,3,cell_balanced,0.0,mux3,0.4,0.00048828125,0.9023747425184504,0.709259033203125
24,4,6,-165.06770377631855,0,cell_balanced,0.0,parity2,0.4,0.00439453125,0.8509786215686391,0.6012224469866071
24,4,7,-165.9523418672836,1,cell_balanced,0.0,parity2,0.4,0.01123046875,0.8306367677008001,0.6070011683872768
24,4,9,-165.37974071258083,2,cell_balanced,0.0,parity2,0.4,0.00341796875,0.840516744700569,0.6017521449497768
24,4,7,-165.3392996060425,3,cell_balanced,0.0,parity2,0.4,0.0087890625,0.8357789082673249,0.604400634765625
25,4,21,-91.39451823400043,0,cell_balanced,0.0,mux3,0.4,0.0,0.9112154648952736,0.7182704380580357
25,4,20,-91.94349801706511,1,cell_balanced,0.0,mux3,0.4,0.0,0.9133296521695513,0.7196742466517857
25,4,22,-91.80456581727996,2,cell_balanced,0.0,mux3,0.4,0.0,0.9099669064137031,0.7193494524274554
25,4,24,-91.65456591699605,3,cell_balanced,0.0,mux3,0.4,0.0,0.9133037966738128,0.72088623046875
26,5,9,-182.564053542238,0,cell_balanced,0.0,parity2,0.4,0.00048828125,0.860134925818325,0.6604134695870536
26,5,9,-182.08552090090146,1,cell_balanced,0.0,parity2,0.4,0.00048828125,0.8483773052538505,0.6608821323939732
26,5,3,-180.80448387792396,2,cell_balanced,0.0,parity2,0.4,0.00341796875,0.8369433149904423,0.7205570765904018
26,5,6,-181.69745770804604,3,cell_balanced,0.0,parity2,0.4,0.0009765625,0.8289437864720094,0.7228197370256696
27,5,22,-106.81568333604659,0,cell_balanced,0.0,mux3,0.4,0.0,0.9087085594759207,0.7424970354352679
27,5,24,-106.2056497991688,1,cell_balanced,0.0,mux3,0.4,0.0,0.9072101312685649,0.7426343645368304
27,5,20,-106.74179629075225,2,cell_balanced,0.0,mux3,0.4,0.0,0.9083757711327063,0.7421460832868304
27,5,19,-107.18042172395037,3,cell_balanced,0.0,mux3,0.4,0.0,0.909303365794319,0.7421809605189732
28,6,3,-205.0460056363771,0,cell_balanced,0.14794921875,parity2,0.4,0.84521484375,0.9438301729086065,0.9662584577287946
28,6,1,-206.59166506822675,1,cell_balanced,0.1826171875,parity2,0.4,0.85791015625,0.9463401984516212,0.96868896484375
28,6,1,-206.9004793804732,2,cell_balanced,0.15087890625,parity2,0.4,0.85595703125,0.9410381286523124,0.9641919817243304
28,6,4,-216.0713561812686,3,cell_balanced,0.13916015625,parity2,0.4,0.80126953125,0.937432383832067,0.9625331333705357
29,6,19,-109.73567603476381,0,cell_balanced,0.0,mux3,0.4,0.0,0.9024252736133345,0.7425667898995536
29,6,20,-109.82418246109411,1,cell_balanced,0.0,mux3,0.4,0.0,0.9022869467111333,0.7433711460658482
29,6,18,-109.34576128303634,2,cell_balanced,0.0,mux3,0.4,0.0,0.9017446372720149,0.7433798653738839
29,6,13,-109.07664719300986,3,cell_balanced,0.0,mux3,0.4,0.0,0.9019425915477081,0.7423379080636161
30,7,3,-194.18224648701627,0,cell_balanced,0.0,parity2,0.4,0.7099609375,0.8852689105306819,0.8510502406529018
30,7,7,-194.91207408204275,1,cell_balanced,0.0,parity2,0.4,0.72705078125,0.879864984134693,0.8511635916573661
30,7,5,-194.5604934958418,2,cell_balanced,0.00048828125,parity2,0.4,0.73779296875,0.888115881742091,0.8480682373046875
30,7,9,-195.69253031748332,3,cell_balanced,0.0,parity2,0.4,0.7314453125,0.8872531792633165,0.8518022809709821
31,7,17,-115.62419338337196,0,cell_balanced,0.0,mux3,0.4,0.001953125,0.8596786508607435,0.7691083635602679
31,7,15,-115.94647196646854,1,cell_balanced,0.0,mux3,0.4,0.00048828125,0.8648220479958422,0.7649121965680804
31,7,23,-115.77721827335407,2,cell_balanced,0.0,mux3,0.4,0.00048828125,0.8602025867115805,0.7650778634207589
31,7,20,-115.63057536695817,3,cell_balanced,0.0,mux3,0.4,0.0009765625,0.8626260240309751,0.7668239048549107
32,0,3,-194.45598273459473,0,conflict_enriched,0.0,parity2,0.4,0.32568359375,0.8381794164049143,0.8110591343470982
32,0,4,-193.72898989405212,1,conflict_enriched,0.0,parity2,0.4,0.34765625,0.8395102843876219,0.8172236851283482
32,0,1,-192.8156343614235,2,conflict_enriched,0.0,parity2,0.4,0.3564453125,0.842335966345703,0.8193904331752232
32,0,4,-195.2358888960937,3,conflict_enriched,0.0,parity2,0.4,0.3125,0.8351419877337098,0.8110634940011161
33,0,10,-165.7751879511253,0,conflict_enriched,0.0009765625,mux3,0.4,0.1494140625,0.902323781208563,0.9017769949776786
33,0,4,-165.79925458425149,1,conflict_enriched,0.00048828125,mux3,0.4,0.18017578125,0.903022776229723,0.9026598249162946
33,0,11,-165.5630693952578,2,conflict_enriched,0.0,mux3,0.4,0.1796875,0.903290135686234,0.9038543701171875
33,0,6,-166.43011440362605,3,conflict_enriched,0.0009765625,mux3,0.4,0.16552734375,0.9031061335812645,0.9018685477120536
34,1,9,-168.56460516668662,0,conflict_enriched,0.0,parity2,0.4,0.0439453125,0.8463161174862821,0.6295950753348214
34,1,7,-170.0126674205469,1,conflict_enriched,0.0,parity2,0.4,0.03564453125,0.8466013968885217,0.624267578125
34,1,10,-170.85236472331806,2,conflict_enriched,0.0,parity2,0.4,0.0419921875,0.8464906207847449,0.6267678397042411
34,1,9,-169.94472346772983,3,conflict_enriched,0.0,parity2,0.4,0.044921875,0.8458032224006767,0.6269553048270089
35,1,9,-161.9247879709309,0,conflict_enriched,0.0,mux3,0.4,0.064453125,0.8941671475419712,0.868316650390625
35,1,11,-161.54221441704044,1,conflict_enriched,0.0,mux3,0.4,0.06884765625,0.8961506665930161,0.8715100969587054
35,1,6,-161.8027013334164,2,conflict_enriched,0.0,mux3,0.4,0.0693359375,0.8927689509112585,0.8679700578962054
35,1,11,-161.8964634129843,3,conflict_enriched,0.0,mux3,0.4,0.068359375,0.8964300188251862,0.868377685546875
36,2,6,-189.09514236561216,0,conflict_enriched,0.0,parity2,0.4,0.158203125,0.842315045543838,0.7642996651785714
36,2,5,-188.61691279795616,1,conflict_enriched,0.0,parity2,0.4,0.11767578125,0.8398150619005273,0.7549700055803571
36,2,4,-186.78369852366848,2,conflict_enriched,0.0,parity2,0.4,0.14208984375,0.8414412447958467,0.7622288295200893
36,2,5,-189.26127979178014,3,conflict_enriched,0.0,parity2,0.4,0.13525390625,0.8413216854907171,0.7514670235770089
37,2,10,-142.42454758119436,0,conflict_enriched,0.0,mux3,0.4,0.0,0.9104167047186867,0.7223946707589286
37,2,8,-141.991273258383,1,conflict_enriched,0.0,mux3,0.4,0.0,0.9116370010562331,0.7301744733537946
37,2,13,-141.90139331669906,2,conflict_enriched,0.0,mux3,0.4,0.0,0.9119962178052649,0.7223968505859375
37,2,7,-141.52361144189462,3,conflict_enriched,0.0,mux3,0.4,0.0,0.9167414190082175,0.7166835239955357
38,3,8,-196.78197693927325,0,conflict_enriched,0.0,parity2,0.4,0.255859375,0.7995428633345456,0.7809862409319196
38,3,5,-197.03728594992106,1,conflict_enriched,0.0,parity2,0.4,0.23486328125,0.8314686416539719,0.7729165213448661
38,3,6,-194.91654464318964,2,conflict_enriched,0.0,parity2,0.4,0.45947265625,0.8382162402534578,0.8263658796037946
38,3,2,-194.23390876925933,3,conflict_enriched,0.00048828125,parity2,0.4,0.609375,0.8624438833513166,0.8397630964006696
39,3,11,-155.65894544563167,0,conflict_enriched,0.0,mux3,0.4,0.0068359375,0.8919179920242056,0.83685302734375
39,3,9,-155.48076894409917,1,conflict_enriched,0.0,mux3,0.4,0.00732421875,0.8857173351293434,0.8265141078404018
39,3,7,-155.5951290501378,2,conflict_enriched,0.0,mux3,0.4,0.009765625,0.8867918609932218,0.8301914760044643
39,3,9,-155.71710139674428,3,conflict_enriched,0.0,mux3,0.4,0.005859375,0.8882701116909709,0.8309609549386161
40,4,7,-192.54101874869593,0,conflict_enriched,0.0,parity2,0.4,0.28857421875,0.839098830592134,0.6861964634486607
40,4,9,-191.18747391070835,1,conflict_enriched,0.0,parity2,0.4,0.32568359375,0.8467317754620493,0.6804656982421875
40,4,6,-191.2582757375778,2,conflict_enriched,0.0,parity2,0.4,0.255859375,0.805611478299853,0.7414637974330357
40,4,4,-190.2887620222678,3,conflict_enriched,0.0,parity2,0.4,0.27099609375,0.8118378330869379,0.7647944859095982
41,4,7,-163.13126792593135,0,conflict_enriched,0.0,mux3,0.4,0.18359375,0.907766352412639,0.8649183000837054
41,4,6,-163.0692874657782,1,conflict_enriched,0.0,mux3,0.4,0.14501953125,0.9077200489255837,0.8618033272879464
41,4,9,-163.50850767220567,2,conflict_enriched,0.0,mux3,0.4,0.13427734375,0.9095285130658597,0.8622545514787946
41,4,10,-163.16929571809388,3,conflict_enriched,0.0,mux3,0.4,0.15234375,0.9079601514929294,0.86285400390625
42,5,2,-193.85169297271676,0,conflict_enriched,0.0,parity2,0.4,0.4853515625,0.8481675818291086,0.8531472342354911
42,5,2,-191.46860014437848,1,conflict_enriched,0.0,parity2,0.4,0.451171875,0.8471443793372488,0.85107421875
42,5,2,-192.9735247915264,2,conflict_enriched,0.00048828125,parity2,0.4,0.48388671875,0.8481858212414235,0.8532039097377232
42,5,2,-194.64821756868196,3,conflict_enriched,0.001953125,parity2,0.4,0.46484375,0.839338321913411,0.8389391217912946
43,5,8,-172.08219605607275,0,conflict_enriched,0.0478515625,mux3,0.4,0.40087890625,0.9423118547115716,0.9615587506975446
43,5,6,-172.5931605869145,1,conflict_enriched,0.04248046875,mux3,0.4,0.392578125,0.9398955287183934,0.9599543980189732
43,5,8,-171.9804999249536,2,conflict_enriched,0.0400390625,mux3,0.4,0.39111328125,0.9409640187935633,0.9598345075334821
43,5,7,-172.76305094692108,3,conflict_enriched,0.0439453125,mux3,0.4,0.40966796875,0.9410210904343627,0.9602813720703125
44,6,4,-199.80556380044638,0,conflict_enriched,0.00634765625,parity2,0.4,0.37548828125,0.8513465554959294,0.8844146728515625
44,6,8,-197.38800795275623,1,conflict_enriched,0.0048828125,parity2,0.4,0.39501953125,0.8652703597163096,0.8950108119419643
44,6,1,-195.9515269255952,2,conflict_enriched,0.00390625,parity2,0.4,0.41943359375,0.8842178228653703,0.9007415771484375
44,6,2,-198.75368506164511,3,conflict_enriched,0.00439453125,parity2,0.4,0.40234375,0.8843807103587459,0.9031938825334821
45,6,10,-165.8913123185118,0,conflict_enriched,0.0,mux3,0.4,0.10107421875,0.9056177734954299,0.8779144287109375
45,6,9,-165.46879176772745,1,conflict_enriched,0.0,mux3,0.4,0.0810546875,0.9089516863269528,0.8766130719866071
45,6,11,-166.11693738916006,2,conflict_enriched,0.00048828125,mux3,0.4,0.1064453125,0.9083076331693485,0.8833879743303571
45,6,10,-165.5910214265839,3,conflict_enriched,0.0,mux3,0.4,0.0908203125,0.9087259278093432,0.8844103131975446
46,7,5,-185.82893248014614,0,conflict_enriched,0.0,parity2,0.4,0.0791015625,0.8306918735572039,0.6882433210100446
46,7,7,-186.50307944138976,1,conflict_enriched,0.0,parity2,0.4,0.0439453125,0.8482008383007689,0.6765485491071429
46,7,8,-183.55123255224626,2,conflict_enriched,0.0,parity2,0.4,0.1708984375,0.8158467042736485,0.7232469831194196
46,7,7,-186.73432579807843,3,conflict_enriched,0.0,parity2,0.4,0.06591796875,0.8380366553064916,0.6819196428571429
47,7,6,-152.14624376064816,0,conflict_enriched,0.0,mux3,0.4,0.00146484375,0.9212396874482038,0.8033447265625
47,7,8,-153.00738475153813,1,conflict_enriched,0.0,mux3,0.4,0.00341796875,0.920410068929133,0.8030635288783482
47,7,8,-152.58656257782303,2,conflict_enriched,0.0,mux3,0.4,0.00244140625,0.921883766163135,0.8033490862165179
47,7,7,-153.68159217832962,3,conflict_enriched,0.0,mux3,0.4,0.00244140625,0.9204766287275532,0.8033599853515625
0,0,4,-226.92999001443303,0,uniform_random,0.0,parity2,0.3,0.76611328125,0.8903528762317949,0.7160143171037946
0,0,4,-227.30254540799095,1,uniform_random,0.0,parity2,0.3,0.75146484375,0.8904260809352156,0.7100721086774554
0,0,5,-226.8515600132349,2,uniform_random,0.0,parity2,0.3,0.7607421875,0.8895134309205217,0.7099740164620536
0,0,4,-226.89963539132032,3,uniform_random,0.0,parity2,0.3,0.75,0.8894789008420696,0.7099543980189732
1,0,25,-103.95449448145604,0,uniform_random,0.0,mux3,0.3,0.0,0.9105016018991752,0.724822998046875
1,0,21,-104.53946520350017,1,uniform_random,0.0,mux3,0.3,0.0,0.9108498460358473,0.7249014718191964
1,0,24,-104.48966163039233,2,uniform_random,0.0,mux3,0.3,0.0,0.912082299141901,0.7249210902622768
1,0,22,-104.48477769469922,3,uniform_random,0.0,mux3,0.3,0.0,0.9126400388171497,0.7254638671875
2,1,3,-258.478044180833,0,uniform_random,0.00048828125,parity2,0.3,0.77783203125,0.8729916051507487,0.7957131522042411
2,1,2,-252.97592334394892,1,uniform_random,0.00048828125,parity2,0.3,0.79833984375,0.8731838260661018,0.7959093366350446
2,1,1,-248.26336542215074,2,uniform_random,0.0,parity2,0.3,0.794921875,0.8784199856490498,0.8014025006975446
2,1,2,-253.3417846623264,3,uniform_random,0.00048828125,parity2,0.3,0.7900390625,0.8760970844644439,0.7982897077287946
3,1,14,-116.49223972143875,0,uniform_random,0.0,mux3,0.3,0.0009765625,0.9251000705654834,0.7206944056919643
3,1,19,-116.82909130238328,1,uniform_random,0.0,mux3,0.3,0.0009765625,0.9245448589358228,0.72076416015625
3,1,19,-116.71383731446045,2,uniform_random,0.0,mux3,0.3,0.0,0.9249495549481166,0.7207903180803571
3,1,20,-116.90191290815983,3,uniform_random,0.0,mux3,0.3,0.0,0.9248818003446627,0.7205396379743304
4,2,1,-235.91868612858477,0,uniform_random,0.0,parity2,0.3,0.49072265625,0.8759673469538666,0.7727508544921875
4,2,4,-240.08978852215927,1,uniform_random,0.0,parity2,0.3,0.4716796875,0.8638921127090385,0.7458539690290179
4,2,5,-241.69649540959583,2,uniform_random,0.0,parity2,0.3,0.2978515625,0.8540114499209971,0.716766357421875
4,2,2,-235.96662450136805,3,uniform_random,0.0,parity2,0.3,0.443359375,0.8761953289589186,0.7593427385602679
5,2,16,-132.77015944010805,0,uniform_random,0.0,mux3,0.3,0.0,0.9460232109257777,0.7526332310267857
5,2,17,-132.2208240712539,1,uniform_random,0.0,mux3,0.3,0.0,0.9462668404042393,0.7529253278459821
5,2,15,-132.1464591165102,2,uniform_random,0.0,mux3,0.3,0.0,0.9467283631329495,0.7539629255022321
5,2,14,-132.27501840110327,3,uniform_random,0.0,mux3,0.3,0.0,0.946693971490018,0.7547040666852679
6,3,2,-233.72581292689165,0,uniform_random,0.0,parity2,0.3,0.322265625,0.8952814193087717,0.7239140101841518
6,3,5,-235.54007617509987,1,uniform_random,0.0,parity2,0.3,0.33984375,0.8965859930616288,0.7245679582868304
6,3,3,-234.50391558295874,2,uniform_random,0.0,parity2,0.3,0.345703125,0.895709994383522,0.7263902936662946
6,3,3,-234.69042309249497,3,uniform_random,0.0,parity2,0.3,0.3564453125,0.8951978724070558,0.7270050048828125
7,3,13,-152.00831153071871,0,uniform_random,0.0,mux3,0.3,0.0,0.9442939340331996,0.7027239118303571
7,3,13,-152.08452253318242,1,uniform_random,0.0,mux3,0.3,0.0,0.9446028156268538,0.7045244489397321
7,3,16,-151.64826963137605,2,uniform_random,0.0,mux3,0.3,0.0,0.9455958349156158,0.7034846714564732
7,3,14,-152.38948857470734,3,uniform_random,0.0,mux3,0.3,0.0,0.9456141872061247,0.702423095703125
8,4,5,-239.24445921474077,0,uniform_random,0.0,parity2,0.3,0.1376953125,0.8659849468366707,0.7811846051897321
8,4,4,-239.42569076884897,1,uniform_random,0.0,parity2,0.3,0.1328125,0.8701368389546277,0.7765132359095982
8,4,2,-238.36252249507265,2,uniform_random,0.0,parity2,0.3,0.1474609375,0.8679452172393234,0.7875954764229911
8,4,4,-236.73463020489552,3,uniform_random,0.0,parity2,0.3,0.1337890625,0.8667338595768689,0.7771933419363839
9,4,15,-112.90650923322085,0,uniform_random,0.0,mux3,0.3,0.0234375,0.9256572202924358,0.7739432198660714
9,4,15,-113.07511848997147,1,uniform_random,0.0,mux3,0.3,0.02294921875,0.925788661624808,0.7737949916294643
9,4,15,-113.22745312740643,2,uniform_random,0.0,mux3,0.3,0.0302734375,0.9240979145323459,0.7755366734095982
9,4,18,-112.83964788297449,3,uniform_random,0.0,mux3,0.3,0.025390625,0.9263599317748861,0.7737383161272321
10,5,3,-222.79804587578948,0,uniform_random,0.0,parity2,0.3,0.01220703125,0.8839729858032116,0.6992013113839286
10,5,3,-222.1733184918753,1,uniform_random,0.0,parity2,0.3,0.00927734375,0.8835091842128506,0.7026585170200893
10,5,3,-223.3236522867164,2,uniform_random,0.0,parity2,0.3,0.005859375,0.8847981339198479,0.6964372907366071
10,5,3,-222.78834473480975,3,uniform_random,0.0,parity2,0.3,0.00537109375,0.8878812164960481,0.7009756905691964
11,5,19,-125.69078245069858,0,uniform_random,0.0,mux3,0.3,0.0,0.9279532266500082,0.7225254603794643
11,5,16,-125.11481690695436,1,uniform_random,0.0,mux3,0.3,0.0,0.9290772549263622,0.7217581612723214
11,5,17,-125.6700042492366,2,uniform_random,0.0,mux3,0.3,0.0,0.92839535349736,0.7229025704520089
11,5,20,-125.09521195916622,3,uniform_random,0.0,mux3,0.3,0.0,0.9286800834170705,0.7220873151506696
12,6,6,-257.54905163697885,0,uniform_random,0.0,parity2,0.3,0.556640625,0.9132210995532171,0.8111681256975446
12,6,4,-256.76885560518986,1,uniform_random,0.0,parity2,0.3,0.5615234375,0.9142157736788974,0.8082297188895089
12,6,4,-256.99497448376474,2,uniform_random,0.0,parity2,0.3,0.56103515625,0.9164297516659288,0.8073599679129464
12,6,6,-258.05913114285164,3,uniform_random,0.0,parity2,0.3,0.5419921875,0.9117141373284456,0.8035736083984375
13,6,11,-150.47393227962263,0,uniform_random,0.0,mux3,0.3,0.0,0.91619299710841,0.7342790876116071
13,6,13,-150.51442920385182,1,uniform_random,0.0,mux3,0.3,0.0,0.9143483267549909,0.7350572858537946
13,6,12,-149.75377992734832,2,uniform_random,0.0,mux3,0.3,0.0,0.9155679181362698,0.7368970598493304
13,6,12,-150.32424773594408,3,uniform_random,0.0,mux3,0.3,0.0,0.9176903902440253,0.7386409214564732
14,7,6,-222.7879824912478,0,uniform_random,0.0,parity2,0.3,0.30126953125,0.8872713441334282,0.6944645472935268
14,7,4,-222.39970726337833,1,uniform_random,0.0,parity2,0.3,0.2998046875,0.8871510713529218,0.6934705461774554
14,7,5,-222.6466820272131,2,uniform_random,0.0,parity2,0.3,0.283203125,0.8885703996334466,0.69097900390625
14,7,5,-222.2061192561827,3,uniform_random,0.0,parity2,0.3,0.3056640625,0.8888323707535308,0.6933462960379464
15,7,19,-127.39105554561952,0,uniform_random,0.0,mux3,0.3,0.0,0.943109475457333,0.7599923270089286
15,7,12,-126.47436804326527,1,uniform_random,0.0,mux3,0.3,0.0,0.9424502114306542,0.7585536411830357
15,7,15,-126.78963296388412,2,uniform_random,0.0,mux3,0.3,0.0,0.9417166905905965,0.7584577287946429
15,7,13,-126.36063234397166,3,uniform_random,0.0,mux3,0.3,0.0,0.9420141267613429,0.7591029575892857
16,0,2,-242.95828195742715,0,cell_balanced,0.00048828125,parity2,0.3,0.34619140625,0.862972594162734,0.782928466796875
16,0,4,-252.6384951798095,1,cell_balanced,0.0,parity2,0.3,0.30517578125,0.8669364908433891,0.7688184465680804
16,0,3,-245.4608450203332,2,cell_balanced,0.0,parity2,0.3,0.36181640625,0.8619212381454895,0.7874843052455357
16,0,1,-242.30806322465267,3,cell_balanced,0.0,parity2,0.3,0.37255859375,0.861023517869274,0.7900063650948661
17,0,4,-181.048000376441,0,cell_balanced,0.0,mux3,0.3,0.00390625,0.8984743408867616,0.8380214146205357
17,0,5,-180.5509908397931,1,cell_balanced,0.0,mux3,0.3,0.0048828125,0.9001508994032262,0.8411233084542411
17,0,9,-182.1733049993181,2,cell_balanced,0.0,mux3,0.3,0.0048828125,0.9036376556986434,0.8375178745814732
17,0,7,-181.1494631296746,3,cell_balanced,0.0,mux3,0.3,0.00439453125,0.9068454835875617,0.8303506033761161
18,1,5,-251.40685108539125,0,cell_balanced,0.0,parity2,0.3,0.64404296875,0.8729461812616951,0.7749350411551339
18,1,4,-253.0877308007737,1,cell_balanced,0.0,parity2,0.3,0.5966796875,0.8785595478220524,0.7601318359375
18,1,2,-245.3410507438121,2,cell_balanced,0.0,parity2,0.3,0.658203125,0.8707663670314298,0.8116215297154018
18,1,2,-242.64458961494685,3,cell_balanced,0.0,parity2,0.3,0.60546875,0.8724244433409739,0.8153250558035714
19,1,13,-141.97377192531056,0,cell_balanced,0.0,mux3,0.3,0.0,0.9270930266594952,0.7155020577566964
19,1,16,-141.7947098046835,1,cell_balanced,0.0,mux3,0.3,0.0,0.9283728396221169,0.71722412109375
19,1,10,-141.3112654389481,2,cell_balanced,0.0,mux3,0.3,0.0,0.926150372342992,0.7184339250837054
19,1,14,-141.7321824333902,3,cell_balanced,0.0,mux3,0.3,0.0,0.9279550092735613,0.7171391078404018
20,2,5,-261.66756858148625,0,cell_balanced,0.0,parity2,0.3,0.8642578125,0.9239560884061334,0.8187975202287946
20,2,6,-260.97493448348956,1,cell_balanced,0.0,parity2,0.3,0.8955078125,0.9210165357779404,0.8158242361886161
20,2,5,-261.0531398625088,2,cell_balanced,0.0,parity2,0.3,0.87060546875,0.9216923737311298,0.8170013427734375
20,2,5,-261.2079811561593,3,cell_balanced,0.0,parity2,0.3,0.86376953125,0.9243252022300165,0.8118416922433036
21,2,9,-176.74446423681007,0,cell_balanced,0.0,mux3,0.3,0.01171875,0.8969559247199734,0.82421875
21,2,10,-175.07720375935384,1,cell_balanced,0.0,mux3,0.3,0.01708984375,0.8961638499141547,0.8295353480747768
21,2,7,-174.72155758622816,2,cell_balanced,0.0,mux3,0.3,0.015625,0.8953252096586795,0.8264726911272321
21,2,10,-176.1781100380268,3,cell_balanced,0.0,mux3,0.3,0.01318359375,0.8962988607531874,0.8306906563895089
22,3,2,-228.12098051695816,0,cell_balanced,0.0,parity2,0.3,0.09619140625,0.898933192874808,0.6270621163504464
22,3,3,-228.90748278253827,1,cell_balanced,0.0,parity2,0.3,0.0791015625,0.9081600928507909,0.6127035958426339
22,3,5,-228.40492094394253,2,cell_balanced,0.0,parity2,0.3,0.1025390625,0.9023515066487215,0.6203569684709821
22,3,1,-224.74827510013034,3,cell_balanced,0.0,parity2,0.3,0.09130859375,0.8990563940990245,0.6263929094587054
23,3,17,-129.62432372312475,0,cell_balanced,0.0,mux3,0.3,0.00048828125,0.9338117348306701,0.7100851876395089
23,3,17,-129.55331847177862,1,cell_balanced,0.0,mux3,0.3,0.001953125,0.9338611030671792,0.7099979945591518
23,3,16,-129.648335497028,2,cell_balanced,0.0,mux3,0.3,0.00048828125,0.9334353797641582,0.7099391392299107
23,3,17,-129.20237959616665,3,cell_balanced,0.0,mux3,0.3,0.00048828125,0.9342152679845886,0.7102813720703125
24,4,6,-230.03700772689652,0,cell_balanced,0.0,parity2,0.3,0.4990234375,0.8563484864371695,0.6871403285435268
24,4,2,-228.54704236163104,1,cell_balanced,0.0,parity2,0.3,0.64990234375,0.8592117972995924,0.7072383335658482
24,4,4,-228.48286793812,2,cell_balanced,0.0,parity2,0.3,0.5947265625,0.8509400832494144,0.6999882289341518
24,4,2,-227.49274175338059,3,cell_balanced,0.0,parity2,0.3,0.63671875,0.8547314892711023,0.7066693987165179
25,4,11,-157.57793050954007,0,cell_balanced,0.0,mux3,0.3,0.0,0.9306107967711351,0.7477373395647321
25,4,11,-158.50384543536023,1,cell_balanced,0.0,mux3,0.3,0.0,0.9337781482435368,0.7444392613002232
25,4,11,-158.105125053178,2,cell_balanced,0.0,mux3,0.3,0.0,0.9337813876347246,0.7471444266183036
25,4,15,-157.66730778882018,3,cell_balanced,0.0,mux3,0.3,0.00048828125,0.9299001987235512,0.7490517752511161
26,5,4,-253.11343685846444,0,cell_balanced,0.0,parity2,0.3,0.20654296875,0.8536290186000092,0.782135009765625
26,5,3,-248.6951526292925,1,cell_balanced,0.00048828125,parity2,0.3,0.2333984375,0.8824048563760011,0.8519199916294643
26,5,1,-245.13874561809615,2,cell_balanced,0.00048828125,parity2,0.3,0.25,0.8917093909920714,0.8687504359654018
26,5,2,-246.10524175065956,3,cell_balanced,0.00048828125,parity2,0.3,0.3056640625,0.8945976223780226,0.8719569614955357
27,5,5,-175.19450670192538,0,cell_balanced,0.0,mux3,0.3,0.04931640625,0.893867570945095,0.8158285958426339
27,5,7,-176.44310465122723,1,cell_balanced,0.0,mux3,0.3,0.0302734375,0.8930037226461633,0.814697265625
27,5,9,-177.36693029299911,2,cell_balanced,0.0,mux3,0.3,0.0283203125,0.8933797348185389,0.8100542340959821
27,5,8,-176.28974110641016,3,cell_balanced,0.0,mux3,0.3,0.0439453125,0.8943023564502877,0.8117348807198661
28,6,3,-265.6269476543196,0,cell_balanced,0.55126953125,parity2,0.3,0.9970703125,0.9856507898134084,0.9923161097935268
28,6,1,-267.2532392437498,1,cell_balanced,0.56689453125,parity2,0.3,0.9951171875,0.985440274111532,0.9921983991350446
28,6,1,-267.6033270677256,2,cell_balanced,0.58056640625,parity2,0.3,0.99560546875,0.9869113495897471,0.9930528913225446
28,6,3,-276.61752357103813,3,cell_balanced,0.53076171875,parity2,0.3,0.99169921875,0.9835815238007548,0.9912131173270089
29,6,7,-182.4568770671859,0,cell_balanced,0.0,mux3,0.3,0.0595703125,0.8967181606480412,0.8322187151227679
29,6,8,-183.0029440259642,1,cell_balanced,0.0,mux3,0.3,0.05224609375,0.897896232021954,0.8274034772600446
29,6,5,-182.1752602992838,2,cell_balanced,0.0,mux3,0.3,0.037109375,0.9005879446020745,0.8241359165736607
29,6,5,-182.19185254011063,3,cell_balanced,0.0,mux3,0.3,0.06201171875,0.8971022531952793,0.8287789481026786
30,7,2,-254.2071792937815,0,cell_balanced,0.0009765625,parity2,0.3,0.97802734375,0.9250356682314111,0.8967873709542411
30,7,7,-254.29436662248776,1,cell_balanced,0.00146484375,parity2,0.3,0.96630859375,0.9265986222999195,0.8947121756417411
30,7,4,-254.42445490426073,2,cell_balanced,0.00244140625,parity2,0.3,0.97607421875,0.9252352049315963,0.8959568568638393
30,7,8,-254.87655815043829,3,cell_balanced,0.00146484375,parity2,0.3,0.96435546875,0.926149873975117,0.8968135288783482
31,7,8,-179.24636551758033,0,cell_balanced,0.0,mux3,0.3,0.4072265625,0.8814071643559662,0.8376007080078125
31,7,8,-180.14646012268642,1,cell_balanced,0.0,mux3,0.3,0.44189453125,0.8807903276217591,0.8428213936941964
31,7,10,-180.04181044196474,2,cell_balanced,0.0,mux3,0.3,0.419921875,0.8809379999865057,0.8413587297712054
31,7,10,-179.73706870369435,3,cell_balanced,0.0,mux3,0.3,0.4306640625,0.8822887771268876,0.8413500104631696
32,0,3,-255.47527145170912,0,conflict_enriched,0.00244140625,parity2,0.3,0.93408203125,0.8971380590103004,0.9065900530133929
32,0,3,-254.99346933089038,1,conflict_enriched,0.0048828125,parity2,0.3,0.927734375,0.8986619934299268,0.9137638636997768
32,0,1,-254.22538336600968,2,conflict_enriched,0.00439453125,parity2,0.3,0.919921875,0.8962189791981078,0.9084647042410714
32,0,3,-256.3429161035277,3,conflict_enriched,0.00537109375,parity2,0.3,0.935546875,0.8950732421023089,0.9073377336774554
33,0,7,-226.78843723374197,0,conflict_enriched,0.03857421875,mux3,0.3,0.853515625,0.9432566388053184,0.956573486328125
33,0,4,-226.9033381201486,1,conflict_enriched,0.033203125,mux3,0.3,0.8798828125,0.947057183701159,0.9600263323102679
33,0,6,-226.29764231340968,2,conflict_enriched,0.04541015625,mux3,0.3,0.8642578125,0.9453717099371521,0.9597974504743304
33,0,4,-227.12502252683507,3,conflict_enriched,0.04638671875,mux3,0.3,0.896484375,0.9486153010455468,0.9619772774832589
34,1,6,-229.91369053291245,0,conflict_enriched,0.0,parity2,0.3,0.67724609375,0.8628336560144636,0.7293134416852679
34,1,6,-231.56557009450881,1,conflict_enriched,0.0,parity2,0.3,0.67578125,0.8636598328135088,0.7283303397042411
34,1,7,-232.1894785407966,2,conflict_enriched,0.0,parity2,0.3,0.6826171875,0.86405844192244,0.7246900285993304
34,1,6,-231.45675437327515,3,conflict_enriched,0.0,parity2,0.3,0.63134765625,0.8624588727235578,0.7252044677734375
35,1,5,-223.27122566348334,0,conflict_enriched,0.0009765625,mux3,0.3,0.60986328125,0.9289022830769059,0.9296242850167411
35,1,7,-223.15676438680148,1,conflict_enriched,0.001953125,mux3,0.3,0.63232421875,0.9309477722564107,0.9331207275390625
35,1,4,-223.10468302129522,2,conflict_enriched,0.00390625,mux3,0.3,0.630859375,0.9296846929535929,0.9310302734375
35,1,6,-223.57496718354838,3,conflict_enriched,0.0009765625,mux3,0.3,0.60498046875,0.9292582306178685,0.9288766043526786
36,2,5,-250.46415780814004,0,conflict_enriched,0.00146484375,parity2,0.3,0.859375,0.8862550293411743,0.8698294503348214
36,2,5,-250.07569140316295,1,conflict_enriched,0.00048828125,parity2,0.3,0.8388671875,0.8872633084838876,0.8747689383370536
36,2,3,-248.0805115139395,2,conflict_enriched,0.00048828125,parity2,0.3,0.8583984375,0.887628622785168,0.8756430489676339
36,2,4,-251.00603727630207,3,conflict_enriched,0.00048828125,parity2,0.3,0.84130859375,0.887420916259476,0.8686915806361607
37,2,6,-208.24343056380812,0,conflict_enriched,0.0,mux3,0.3,0.12548828125,0.9130942372419187,0.8067212785993304
37,2,3,-208.14612667977636,1,conflict_enriched,0.0,mux3,0.3,0.1142578125,0.9155212057319836,0.8135637555803571
37,2,6,-206.83953450405966,2,conflict_enriched,0.0,mux3,0.3,0.12646484375,0.9128331563687223,0.8067910330636161
37,2,4,-208.33926755539625,3,conflict_enriched,0.0,mux3,0.3,0.10546875,0.915376372360303,0.7995082310267857
38,3,4,-258.84006047600866,0,conflict_enriched,0.0048828125,parity2,0.3,0.96337890625,0.9031522091821547,0.8993617466517857
38,3,3,-262.50208196620457,1,conflict_enriched,0.00048828125,parity2,0.3,0.8759765625,0.8517360214711533,0.8420192173549107
38,3,3,-255.4230868379555,2,conflict_enriched,0.00537109375,parity2,0.3,0.9599609375,0.9123339514912393,0.8995579310825893
38,3,1,-254.20403676110746,3,conflict_enriched,0.00244140625,parity2,0.3,0.9677734375,0.9134453800054195,0.8965366908482143
39,3,5,-218.02971390067344,0,conflict_enriched,0.0,mux3,0.3,0.5302734375,0.9243755544236121,0.9101300920758929
39,3,6,-218.83938250738615,1,conflict_enriched,0.0,mux3,0.3,0.53515625,0.9264371149021979,0.9127938406808036
39,3,5,-218.2162463381478,2,conflict_enriched,0.00048828125,mux3,0.3,0.5166015625,0.9283014537484624,0.910675048828125
39,3,6,-218.84801308025902,3,conflict_enriched,0.00048828125,mux3,0.3,0.54345703125,0.9266020384626185,0.9108428955078125
40,4,4,-255.6758231170712,0,conflict_enriched,0.00048828125,parity2,0.3,0.88427734375,0.8740836548217885,0.8585117885044643
40,4,5,-254.41108631162547,1,conflict_enriched,0.0,parity2,0.3,0.8740234375,0.8645048602709375,0.8479548863002232
40,4,2,-252.71294815494423,2,conflict_enriched,0.00048828125,parity2,0.3,0.85546875,0.8792424992312357,0.8620082310267857
40,4,2,-250.88352013319337,3,conflict_enriched,0.0,parity2,0.3,0.87060546875,0.9041428580288444,0.8774762834821429
41,4,5,-224.0712549268867,0,conflict_enriched,0.00341796875,mux3,0.3,0.85498046875,0.9347891939668898,0.9364842006138393
41,4,3,-224.7441834773426,1,conflict_enriched,0.005859375,mux3,0.3,0.82958984375,0.9333476499799358,0.9334716796875
41,4,7,-225.28681964840527,2,conflict_enriched,0.0029296875,mux3,0.3,0.8193359375,0.9343101772478999,0.9323643275669643
41,4,6,-224.66053166687985,3,conflict_enriched,0.013671875,mux3,0.3,0.84716796875,0.9344182016794775,0.9371664864676339
42,5,1,-254.7907412513882,0,conflict_enriched,0.009765625,parity2,0.3,0.96044921875,0.9044868617790244,0.9238956996372768
42,5,2,-252.32382549623,1,conflict_enriched,0.0087890625,parity2,0.3,0.95263671875,0.9031254038057653,0.9211992536272321
42,5,1,-253.561768055256,2,conflict_enriched,0.0107421875,parity2,0.3,0.9609375,0.9071467746551193,0.9279937744140625
42,5,2,-255.8926394320015,3,conflict_enriched,0.0126953125,parity2,0.3,0.96240234375,0.9026951270389976,0.9237256731305804
43,5,5,-232.03365409098188,0,conflict_enriched,0.48046875,mux3,0.3,0.94482421875,0.9859133636604526,0.9921962193080357
43,5,5,-233.11559772176432,1,conflict_enriched,0.43701171875,mux3,0.3,0.94775390625,0.9846370435325106,0.9914681570870536
43,5,6,-232.08904550024786,2,conflict_enriched,0.4267578125,mux3,0.3,0.9384765625,0.9844409485523513,0.9912915910993304
43,5,5,-232.68698856146372,3,conflict_enriched,0.42724609375,mux3,0.3,0.947265625,0.9839017443284543,0.9909340994698661
44,6,3,-261.3712768866332,0,conflict_enriched,0.08349609375,parity2,0.3,0.93359375,0.9439474128863178,0.9580797467912946
44,6,4,-258.44777826964827,1,conflict_enriched,0.064453125,parity2,0.3,0.92138671875,0.9449436609173812,0.9570443289620536
44,6,1,-256.8868774921208,2,conflict_enriched,0.0888671875,parity2,0.3,0.94775390625,0.9448744069507479,0.9590170724051339
44,6,1,-259.22333533387075,3,conflict_enriched,0.0751953125,parity2,0.3,0.9365234375,0.9449660938610892,0.9584023611886161
45,6,6,-227.39636919769742,0,conflict_enriched,0.03369140625,mux3,0.3,0.85498046875,0.94490860478395,0.954559326171875
45,6,8,-227.4718415688166,1,conflict_enriched,0.02294921875,mux3,0.3,0.84814453125,0.9406632324832126,0.9497702462332589
45,6,4,-227.46479152471554,2,conflict_enriched,0.01953125,mux3,0.3,0.82568359375,0.9414944781520976,0.9498073032924107
45,6,4,-227.2512771911007,3,conflict_enriched,0.03369140625,mux3,0.3,0.84228515625,0.9424264899717139,0.9521876743861607
46,7,2,-248.9253448229475,0,conflict_enriched,0.0,parity2,0.3,0.83447265625,0.8653853740768012,0.8345576695033482
46,7,6,-253.7063105461707,1,conflict_enriched,0.0,parity2,0.3,0.6845703125,0.8613774698089592,0.7592054094587054
46,7,2,-244.80193065817627,2,conflict_enriched,0.0,parity2,0.3,0.82666015625,0.8705194960320034,0.8360661097935268
46,7,5,-250.14646703172284,3,conflict_enriched,0.0,parity2,0.3,0.83251953125,0.8608300148280205,0.8294176374162946
47,7,4,-216.39177644210417,0,conflict_enriched,0.0,mux3,0.3,0.501953125,0.9237688447801988,0.8852495465959821
47,7,5,-216.9228819324395,1,conflict_enriched,0.0,mux3,0.3,0.4921875,0.921150696835853,0.8816179547991071
47,7,5,-216.86377937213155,2,conflict_enriched,0.0,mux3,0.3,0.48046875,0.9234560976408474,0.8844321114676339
47,7,4,-217.33839317561547,3,conflict_enriched,0.0,mux3,0.3,0.52099609375,0.9257439980662304,0.8890315464564732
0,0,4,-300.7570237310988,0,uniform_random,0.0,parity2,0.2,0.9990234375,0.9101712436317957,0.7827410016741071
0,0,4,-301.4650090743622,1,uniform_random,0.0,parity2,0.2,0.99658203125,0.9133836164653523,0.784088134765625
0,0,4,-301.7407097988836,2,uniform_random,0.0,parity2,0.2,1.0,0.9129011154307916,0.7851126534598214
0,0,3,-301.43847034042,3,uniform_random,0.0,parity2,0.2,0.99853515625,0.9113755283040239,0.7902287074497768
1,0,13,-165.22285307753708,0,uniform_random,0.0,mux3,0.2,0.0,0.9359952250564579,0.7304970877511161
1,0,12,-165.16140091425876,1,uniform_random,0.0,mux3,0.2,0.0009765625,0.9340133991783217,0.7312731061662946
1,0,12,-165.1898775575255,2,uniform_random,0.0,mux3,0.2,0.00048828125,0.9353583236908377,0.7307237897600446
1,0,11,-165.17593055879973,3,uniform_random,0.0,mux3,0.2,0.0009765625,0.9347012299071703,0.7314453125
2,1,3,-333.3719113247932,0,uniform_random,0.01220703125,parity2,0.2,0.9951171875,0.9134173606560013,0.8999851771763393
2,1,2,-327.9934057276226,1,uniform_random,0.00390625,parity2,0.2,0.99755859375,0.9168729327530161,0.9033551897321429
2,1,1,-323.1897230883524,2,uniform_random,0.00537109375,parity2,0.2,0.99609375,0.91146459984791,0.8922053745814732
2,1,2,-328.40036344572695,3,uniform_random,0.0087890625,parity2,0.2,0.9970703125,0.9148359435144909,0.9023241315569196
3,1,9,-183.56972374907244,0,uniform_random,0.0,mux3,0.2,0.005859375,0.9551001021713778,0.7205745152064732
3,1,12,-184.27666513775034,1,uniform_random,0.0,mux3,0.2,0.00927734375,0.9543632461001563,0.7207314627511161
3,1,9,-183.8931229001986,2,uniform_random,0.0,mux3,0.2,0.00732421875,0.9547282941792812,0.7205352783203125
3,1,12,-184.1270699023165,3,uniform_random,0.0,mux3,0.2,0.00244140625,0.9542669546114142,0.7200993129185268
4,2,1,-310.483996292986,0,uniform_random,0.0,parity2,0.2,0.97705078125,0.910646122193601,0.8503003801618304
4,2,2,-314.53953609653587,1,uniform_random,0.00048828125,parity2,0.2,0.99072265625,0.8973675680656361,0.8443952287946429
4,2,5,-317.30822590112575,2,uniform_random,0.0,parity2,0.2,0.98583984375,0.8918105341133747,0.8285980224609375
4,2,2,-310.27544278969106,3,uniform_random,0.0,parity2,0.2,0.984375,0.9051030042058501,0.84661865234375
5,2,5,-211.7467109126691,0,uniform_random,0.0,mux3,0.2,0.0595703125,0.9437497205732257,0.7881513323102679
5,2,12,-211.14910484102919,1,uniform_random,0.0,mux3,0.2,0.05078125,0.9449181099797885,0.7902984619140625
5,2,11,-210.05616722310984,2,uniform_random,0.0,mux3,0.2,0.06884765625,0.9451977582509955,0.7923649379185268
5,2,5,-210.19344338898318,3,uniform_random,0.0,mux3,0.2,0.05517578125,0.9450825096150072,0.7918831961495536
6,3,2,-310.17867171344375,0,uniform_random,0.0,parity2,0.2,0.97216796875,0.9071471026408148,0.8200923374720982
6,3,5,-311.7919531153588,1,uniform_random,0.0,parity2,0.2,0.974609375,0.9042138051683867,0.8234122140066964
6,3,3,-310.92342185891124,2,uniform_random,0.0,parity2,0.2,0.9775390625,0.9056925052491341,0.8277587890625
6,3,3,-311.41922770097625,3,uniform_random,0.0,parity2,0.2,0.97705078125,0.9063507618911767,0.8153533935546875
7,3,3,-236.1206136882466,0,uniform_random,0.0,mux3,0.2,0.26025390625,0.9334265092419383,0.7539084298270089
7,3,2,-235.03166410376446,1,uniform_random,0.0,mux3,0.2,0.28369140625,0.9303466064231627,0.7556849888392857
7,3,4,-234.8195067817757,2,uniform_random,0.0,mux3,0.2,0.21337890625,0.9337905627150905,0.7519749232700893
7,3,3,-237.31449850596815,3,uniform_random,0.0,mux3,0.2,0.255859375,0.934247877003967,0.7499869210379464
8,4,4,-315.5857226109627,0,uniform_random,0.00048828125,parity2,0.2,0.8740234375,0.9085062242484374,0.8813236781529018
8,4,4,-315.9894260762031,1,uniform_random,0.0009765625,parity2,0.2,0.8916015625,0.9073070446522623,0.8841618129185268
8,4,2,-314.53975107046114,2,uniform_random,0.0009765625,parity2,0.2,0.888671875,0.9062948978340745,0.8790174211774554
8,4,3,-313.0430915574752,3,uniform_random,0.0029296875,parity2,0.2,0.90576171875,0.9066706927691711,0.8756779261997768
9,4,12,-171.11259711041168,0,uniform_random,0.0,mux3,0.2,0.501953125,0.95464113517536,0.8230612618582589
9,4,12,-170.8959250302218,1,uniform_random,0.0,mux3,0.2,0.5029296875,0.9538237096310095,0.8222765241350446
9,4,12,-171.15175450192268,2,uniform_random,0.0,mux3,0.2,0.4921875,0.954647034658325,0.8227212088448661
9,4,11,-170.79981344318745,3,uniform_random,0.0,mux3,0.2,0.54248046875,0.9547587968489656,0.8239506312779018
10,5,1,-301.66060885618,0,uniform_random,0.0,parity2,0.2,0.71142578125,0.9024050407295192,0.8258579799107143
10,5,1,-300.36202487308987,1,uniform_random,0.0,parity2,0.2,0.73779296875,0.9027097266620032,0.8296726771763393
10,5,2,-302.00562726961147,2,uniform_random,0.0,parity2,0.2,0.7275390625,0.9044332084307011,0.8276868547712054
10,5,3,-301.46207824087645,3,uniform_random,0.0,parity2,0.2,0.67626953125,0.9035170123368965,0.8245348249162946
11,5,10,-211.87654309044535,0,uniform_random,0.0,mux3,0.2,0.0029296875,0.9489972978919772,0.7476915631975446
11,5,7,-210.79339908302893,1,uniform_random,0.0,mux3,0.2,0.00439453125,0.9479665985842196,0.7447553362165179
11,5,9,-211.02936995819712,2,uniform_random,0.0,mux3,0.2,0.001953125,0.9464759781402391,0.7524610246930804
11,5,6,-209.5060311853151,3,uniform_random,0.0,mux3,0.2,0.00341796875,0.9413777408018158,0.7589067731584821
12,6,5,-336.40975226004497,0,uniform_random,0.0,parity2,0.2,0.99462890625,0.9248060803743173,0.8550284249441964
12,6,3,-335.25798832062634,1,uniform_random,0.0,parity2,0.2,0.994140625,0.9237362804861426,0.8577968052455357
12,6,3,-335.6324988520635,2,uniform_random,0.0,parity2,0.2,0.99853515625,0.9235093037359495,0.8627079554966518
12,6,3,-336.6213084423195,3,uniform_random,0.0,parity2,0.2,0.99462890625,0.9255482353313212,0.8568943568638393
13,6,6,-230.60283363307323,0,uniform_random,0.0,mux3,0.2,0.35107421875,0.9191951353706862,0.7826102120535714
13,6,7,-230.28496199011838,1,uniform_random,0.0,mux3,0.2,0.33251953125,0.9189021376557156,0.7813197544642857
13,6,8,-228.86767397781736,2,uniform_random,0.0,mux3,0.2,0.3935546875,0.9147302660974358,0.7852608816964286
13,6,9,-229.9304482118275,3,uniform_random,0.0,mux3,0.2,0.30224609375,0.9185264726370309,0.7820979527064732
14,7,5,-298.817078537104,0,uniform_random,0.0,parity2,0.2,0.98681640625,0.8994560872645726,0.7956194196428571
14,7,3,-298.72538335821923,1,uniform_random,0.0,parity2,0.2,0.97314453125,0.9000681426488677,0.7885219029017857
14,7,5,-298.55905096818026,2,uniform_random,0.0,parity2,0.2,0.9853515625,0.9031534380636242,0.7896750313895089
14,7,4,-298.16901643004053,3,uniform_random,0.0,parity2,0.2,0.982421875,0.9012781606814361,0.7928750174386161
15,7,10,-205.31499036789037,0,uniform_random,0.0,mux3,0.2,0.02099609375,0.957024066261357,0.7875605991908482
15,7,7,-205.1992592076738,1,uniform_random,0.0,mux3,0.2,0.01220703125,0.9575209177349856,0.7877044677734375
15,7,10,-205.8831795818949,2,uniform_random,0.0,mux3,0.2,0.01025390625,0.9573752643990662,0.7859715053013393
15,7,10,-205.42043918807673,3,uniform_random,0.0,mux3,0.2,0.01708984375,0.9573769469230886,0.7878679547991071
16,0,2,-318.92484301875163,0,cell_balanced,0.0048828125,parity2,0.2,0.966796875,0.8965305634790841,0.9021671840122768
16,0,3,-328.9174481810064,1,cell_balanced,0.0068359375,parity2,0.2,0.96630859375,0.8913963265159107,0.8970707484654018
16,0,3,-321.02824630982036,2,cell_balanced,0.005859375,parity2,0.2,0.96630859375,0.8947216371771461,0.9014609200613839
16,0,1,-318.38514277588496,3,cell_balanced,0.00537109375,parity2,0.2,0.96923828125,0.89373739895996,0.9004146030970982
17,0,3,-264.19877530458,0,cell_balanced,0.02197265625,mux3,0.2,0.82421875,0.9449123276345718,0.9488917759486607
17,0,3,-262.87001935737,1,cell_balanced,0.01318359375,mux3,0.2,0.75634765625,0.9446529995680472,0.9473506382533482
17,0,5,-265.15113998725167,2,cell_balanced,0.02099609375,mux3,0.2,0.81689453125,0.9444281632439839,0.9468144008091518
17,0,3,-264.9159385326542,3,cell_balanced,0.00439453125,mux3,0.2,0.77490234375,0.9441004033048418,0.9419054303850446
18,1,1,-325.41312139319837,0,cell_balanced,0.00244140625,parity2,0.2,0.99365234375,0.9113086703367898,0.8934435163225446
18,1,2,-328.0006601259987,1,cell_balanced,0.0,parity2,0.2,0.99853515625,0.9085649251688283,0.8808615548270089
18,1,1,-318.70837938534874,2,cell_balanced,0.00244140625,parity2,0.2,0.994140625,0.917123356220885,0.9023045131138393
18,1,2,-316.93337903629435,3,cell_balanced,0.0029296875,parity2,0.2,0.9921875,0.9205596900400577,0.9099491664341518
19,1,7,-220.56744363911227,0,cell_balanced,0.0,mux3,0.2,0.1962890625,0.9253657517575261,0.7722865513392857
19,1,7,-220.48062994026748,1,cell_balanced,0.0,mux3,0.2,0.1845703125,0.922998050708599,0.7678985595703125
19,1,4,-220.1385697185403,2,cell_balanced,0.0,mux3,0.2,0.14404296875,0.9254139720441009,0.7686004638671875
19,1,6,-220.7987225586701,3,cell_balanced,0.0,mux3,0.2,0.1728515625,0.9275696175622045,0.7674887520926339
20,2,4,-339.5071598164899,0,cell_balanced,0.00048828125,parity2,0.2,0.99462890625,0.932874611545669,0.8648529052734375
20,2,5,-339.38370094304696,1,cell_balanced,0.0,parity2,0.2,0.99853515625,0.938987329938139,0.8490426199776786
20,2,3,-339.8072058248141,2,cell_balanced,0.00341796875,parity2,0.2,0.99951171875,0.9270973245499731,0.8609401157924107
20,2,5,-340.19215846274045,3,cell_balanced,0.0,parity2,0.2,0.9990234375,0.9410900994766133,0.8446371895926339
21,2,5,-258.92969609779897,0,cell_balanced,0.0,mux3,0.2,0.80419921875,0.929920086583453,0.9305616106305804
21,2,7,-256.68823067996806,1,cell_balanced,0.0009765625,mux3,0.2,0.818359375,0.9274814575629787,0.9260232107979911
21,2,7,-256.42483223048634,2,cell_balanced,0.0009765625,mux3,0.2,0.84033203125,0.9314641623064731,0.9297158377511161
21,2,5,-257.1410920323589,3,cell_balanced,0.0009765625,mux3,0.2,0.8505859375,0.9335693959972183,0.9302738734654018
22,3,1,-305.64815981060303,0,cell_balanced,0.0,parity2,0.2,0.853515625,0.8929789959323641,0.7439008440290179
22,3,3,-306.85346322731766,1,cell_balanced,0.0,parity2,0.2,0.8671875,0.8937191297307635,0.7370278494698661
22,3,3,-305.91015826236315,2,cell_balanced,0.0,parity2,0.2,0.8564453125,0.8887763427035809,0.7449972970145089
22,3,1,-302.3925683357373,3,cell_balanced,0.0,parity2,0.2,0.8583984375,0.8892088110111324,0.7396305629185268
23,3,11,-205.3214133653671,0,cell_balanced,0.0,mux3,0.2,0.29541015625,0.9490558113919706,0.7138432094029018
23,3,8,-205.46082099397188,1,cell_balanced,0.0,mux3,0.2,0.3125,0.9480345491271798,0.7121691022600446
23,3,11,-205.55320778304164,2,cell_balanced,0.0,mux3,0.2,0.33544921875,0.9483502119315778,0.7132938929966518
23,3,8,-205.78729084932934,3,cell_balanced,0.0,mux3,0.2,0.23681640625,0.949852190477599,0.7107522147042411
24,4,1,-303.01824231354345,0,cell_balanced,0.0,parity2,0.2,0.99658203125,0.8800973300533173,0.7719399588448661
24,4,1,-301.53054914692365,1,cell_balanced,0.0,parity2,0.2,0.99462890625,0.8709766718853592,0.7965959821428571
24,4,2,-301.41245767976756,2,cell_balanced,0.0,parity2,0.2,0.99560546875,0.8723612017354992,0.7716238839285714
24,4,1,-299.9704101983017,3,cell_balanced,0.0,parity2,0.2,0.9970703125,0.8765320637793658,0.7970101492745536
25,4,5,-239.17810940302843,0,cell_balanced,0.0,mux3,0.2,0.48583984375,0.9235742725907687,0.8167637416294643
25,4,6,-240.3522573680859,1,cell_balanced,0.0,mux3,0.2,0.46240234375,0.926891245174095,0.8202187674386161
25,4,6,-240.00246378198602,2,cell_balanced,0.0,mux3,0.2,0.52783203125,0.9271931517472761,0.8196847098214286
25,4,6,-238.55738098541116,3,cell_balanced,0.0,mux3,0.2,0.521484375,0.9254183104003463,0.8197501046316964
26,5,1,-330.5934367606335,0,cell_balanced,0.0087890625,parity2,0.2,0.93701171875,0.9342652687649391,0.9345005580357143
26,5,3,-323.8317784913872,1,cell_balanced,0.013671875,parity2,0.2,0.95703125,0.9413661335158376,0.9410836356026786
26,5,1,-320.72395245768894,2,cell_balanced,0.025390625,parity2,0.2,0.9580078125,0.9496047039725491,0.9504220145089286
26,5,2,-322.1832764322884,3,cell_balanced,0.037109375,parity2,0.2,0.94677734375,0.9514298719557475,0.950592041015625
27,5,2,-252.15441441828403,0,cell_balanced,0.0,mux3,0.2,0.89111328125,0.9131039383772637,0.899505615234375
27,5,5,-253.9482223965705,1,cell_balanced,0.0,mux3,0.2,0.88330078125,0.9089428030260693,0.8964385986328125
27,5,4,-254.93449248981403,2,cell_balanced,0.0,mux3,0.2,0.8515625,0.9074427561880081,0.8955644880022321
27,5,3,-253.3749664656368,3,cell_balanced,0.00048828125,mux3,0.2,0.89501953125,0.9116492557944935,0.8976898193359375
28,6,3,-339.3207451591548,0,cell_balanced,0.90771484375,parity2,0.2,1.0,0.9983165452648202,0.9991476876395089
28,6,1,-340.70331500311795,1,cell_balanced,0.89208984375,parity2,0.2,1.0,0.9978401928971622,0.9989013671875
28,6,1,-341.09925866419246,2,cell_balanced,0.90625,parity2,0.2,1.0,0.9980715101333778,0.9990212576729911
28,6,2,-349.95929219069706,3,cell_balanced,0.8662109375,parity2,0.2,1.0,0.9968818165650462,0.9983978271484375
29,6,3,-261.0312952744783,0,cell_balanced,0.00244140625,mux3,0.2,0.87939453125,0.932997014103419,0.9371228899274554
29,6,3,-261.9627307075265,1,cell_balanced,0.01220703125,mux3,0.2,0.8857421875,0.9333731689708699,0.9393702915736607
29,6,4,-261.5166247959438,2,cell_balanced,0.00634765625,mux3,0.2,0.85498046875,0.9305517380481672,0.9331185477120536
29,6,2,-261.2786657308734,3,cell_balanced,0.00634765625,mux3,0.2,0.89501953125,0.9312917163728278,0.9363446916852679
30,7,2,-326.7384075136304,0,cell_balanced,0.00439453125,parity2,0.2,0.99951171875,0.9473800259846454,0.9299033028738839
30,7,5,-326.9659957170174,1,cell_balanced,0.00537109375,parity2,0.2,0.99951171875,0.9499395560699128,0.9317278180803571
30,7,4,-326.88149304139307,2,cell_balanced,0.00341796875,parity2,0.2,1.0,0.9478287125459077,0.9275948660714286
30,7,6,-326.8584169216698,3,cell_balanced,0.009765625,parity2,0.2,0.9990234375,0.9501672143488238,0.9329158238002232
31,7,4,-252.96128137425043,0,cell_balanced,0.0,mux3,0.2,0.98046875,0.9149473692003269,0.9011819022042411
31,7,7,-253.93701731730997,1,cell_balanced,0.0,mux3,0.2,0.9853515625,0.9123135610039083,0.8991219656808036
31,7,8,-253.82346456607635,2,cell_balanced,0.0009765625,mux3,0.2,0.974609375,0.9104205809132703,0.8965192522321429
31,7,6,-253.07711050081792,3,cell_balanced,0.00048828125,mux3,0.2,0.97412109375,0.9131612954082139,0.9009900774274554
32,0,3,-328.84360932969247,0,conflict_enriched,0.0966796875,parity2,0.2,1.0,0.947746243311477,0.9619576590401786
32,0,3,-328.3702802068826,1,conflict_enriched,0.072265625,parity2,0.2,0.99951171875,0.9489369293560045,0.9617963518415179
32,0,1,-327.6286226663889,2,conflict_enriched,0.08251953125,parity2,0.2,1.0,0.9516950462608064,0.9635184151785714
32,0,2,-329.63096461127026,3,conflict_enriched,0.0771484375,parity2,0.2,0.99951171875,0.947263667734713,0.9601113455636161
33,0,4,-299.7188559485734,0,conflict_enriched,0.2373046875,mux3,0.2,0.9990234375,0.9761395368882871,0.9837188720703125
33,0,4,-299.7086326704518,1,conflict_enriched,0.296875,mux3,0.2,1.0,0.9788336262998116,0.9862409319196429
33,0,6,-298.70155472886404,2,conflict_enriched,0.2958984375,mux3,0.2,1.0,0.977971194302747,0.9860142299107143
33,0,4,-300.1588451433068,3,conflict_enriched,0.2490234375,mux3,0.2,0.99951171875,0.9765270243004517,0.9845559256417411
34,1,5,-303.5388301255001,0,conflict_enriched,0.0,parity2,0.2,0.9951171875,0.8911687172218763,0.8187931605747768
34,1,5,-305.0107827119247,1,conflict_enriched,0.0,parity2,0.2,0.99365234375,0.8895045561387472,0.8116128104073661
34,1,5,-305.8245681082412,2,conflict_enriched,0.0,parity2,0.2,0.9921875,0.8888511489994887,0.8187146868024554
34,1,5,-305.1754065155398,3,conflict_enriched,0.0,parity2,0.2,0.9921875,0.8917097935199704,0.8184901646205357
35,1,5,-296.6425122695123,0,conflict_enriched,0.06787109375,mux3,0.2,0.9892578125,0.9677054443614947,0.9740273611886161
35,1,6,-296.9655673860307,1,conflict_enriched,0.08740234375,mux3,0.2,0.98583984375,0.9695539717415022,0.9753483363560268
35,1,2,-296.8391552504545,2,conflict_enriched,0.0703125,mux3,0.2,0.986328125,0.9655435181302996,0.9726649693080357
35,1,6,-296.95299903784667,3,conflict_enriched,0.07080078125,mux3,0.2,0.99169921875,0.967806270145989,0.9740164620535714
36,2,4,-323.71129609733697,0,conflict_enriched,0.017578125,parity2,0.2,0.9970703125,0.9382209785818697,0.9473201206752232
36,2,4,-324.19389769936174,1,conflict_enriched,0.0244140625,parity2,0.2,1.0,0.9400756482394478,0.9497179303850446
36,2,3,-322.24772368929814,2,conflict_enriched,0.0146484375,parity2,0.2,0.9990234375,0.9393006712853413,0.9465244838169643
36,2,3,-324.60687758898285,3,conflict_enriched,0.021484375,parity2,0.2,0.9990234375,0.9356366302023813,0.9450051443917411
37,2,4,-283.4755598845818,0,conflict_enriched,0.00048828125,mux3,0.2,0.94189453125,0.9297051388151323,0.8915928431919643
37,2,2,-283.87688724495933,1,conflict_enriched,0.00048828125,mux3,0.2,0.908203125,0.9283614005885409,0.8924843924386161
37,2,2,-281.98524398457124,2,conflict_enriched,0.0,mux3,0.2,0.9267578125,0.9280221100354014,0.8889748709542411
37,2,3,-284.4918903019693,3,conflict_enriched,0.00048828125,mux3,0.2,0.927734375,0.9271750017856052,0.8829476492745536
38,3,1,-331.53492706420326,0,conflict_enriched,0.02490234375,parity2,0.2,1.0,0.9421137194048128,0.9384547642299107
38,3,2,-337.3188829394748,1,conflict_enriched,0.04248046875,parity2,0.2,0.9990234375,0.9292849337649499,0.9366193498883929
38,3,3,-327.8287123600079,2,conflict_enriched,0.02685546875,parity2,0.2,1.0,0.9406688806524629,0.9366476876395089
38,3,1,-326.6014981865015,3,conflict_enriched,0.0224609375,parity2,0.2,1.0,0.939351766771195,0.9335654122488839
39,3,4,-292.0584169959481,0,conflict_enriched,0.02099609375,mux3,0.2,0.98388671875,0.9587936044629498,0.9600067138671875
39,3,3,-292.23081986598993,1,conflict_enriched,0.01220703125,mux3,0.2,0.98876953125,0.9581796301493585,0.9575936453683036
39,3,3,-291.73879416730375,2,conflict_enriched,0.02978515625,mux3,0.2,0.990234375,0.9590432505621249,0.960113525390625
39,3,4,-292.53239288468427,3,conflict_enriched,0.01953125,mux3,0.2,0.986328125,0.9573893805626373,0.9585789271763393
40,4,2,-328.79993751866516,0,conflict_enriched,0.00439453125,parity2,0.2,0.99755859375,0.9310537776591615,0.9251708984375
40,4,1,-327.4526395839324,1,conflict_enriched,0.005859375,parity2,0.2,0.998046875,0.9300396757054641,0.9223284040178571
40,4,1,-325.10851553234534,2,conflict_enriched,0.00146484375,parity2,0.2,0.99853515625,0.9390399844209351,0.9293496268136161
40,4,2,-323.8889460271921,3,conflict_enriched,0.00830078125,parity2,0.2,0.998046875,0.9422524850411261,0.9310847691127232
41,4,3,-296.4488397583448,0,conflict_enriched,0.1044921875,mux3,0.2,0.998046875,0.9687350787806306,0.9742954799107143
41,4,2,-297.6874424135639,1,conflict_enriched,0.08984375,mux3,0.2,0.998046875,0.9700290568917003,0.9746464320591518
41,4,6,-297.804897842364,2,conflict_enriched,0.11572265625,mux3,0.2,0.99755859375,0.9695401771742949,0.9755597795758929
41,4,5,-296.87799596463367,3,conflict_enriched,0.0888671875,mux3,0.2,0.998046875,0.9687246173148095,0.9745832170758929
42,5,1,-327.62840337139255,0,conflict_enriched,0.11865234375,parity2,0.2,1.0,0.9555342317051794,0.9710497174944196
42,5,2,-325.3708148126753,1,conflict_enriched,0.099609375,parity2,0.2,0.99951171875,0.9530210583513984,0.9691205705915179
42,5,1,-327.02153450665173,2,conflict_enriched,0.12060546875,parity2,0.2,1.0,0.9538816417018153,0.9693995884486607
42,5,2,-329.24899052420653,3,conflict_enriched,0.14111328125,parity2,0.2,1.0,0.9577269779428682,0.9729156494140625
43,5,5,-304.3167120632427,0,conflict_enriched,0.85205078125,mux3,0.2,0.99951171875,0.9976160956058026,0.9987814767020089
43,5,4,-305.68119719241554,1,conflict_enriched,0.837890625,mux3,0.2,1.0,0.9972626675913193,0.9985983712332589
43,5,6,-303.9988314682136,2,conflict_enriched,0.85400390625,mux3,0.2,0.99951171875,0.9975225941252497,0.9987248011997768
43,5,5,-305.15888597344934,3,conflict_enriched,0.85595703125,mux3,0.2,1.0,0.9977280303084,0.99884033203125
44,6,3,-334.60143598743656,0,conflict_enriched,0.35302734375,parity2,0.2,1.0,0.9755975043202104,0.9845908028738839
44,6,2,-331.4651119776715,1,conflict_enriched,0.37939453125,parity2,0.2,1.0,0.9776489994715425,0.9861384800502232
44,6,1,-330.1448892320394,2,conflict_enriched,0.29296875,parity2,0.2,0.9990234375,0.9744659068155325,0.9831128801618304
44,6,1,-332.3371651394264,3,conflict_enriched,0.30517578125,parity2,0.2,0.99951171875,0.9754501620709368,0.9840850830078125
45,6,3,-300.4189465367919,0,conflict_enriched,0.31982421875,mux3,0.2,0.998046875,0.9810413299630829,0.9877035958426339
45,6,7,-300.36618945642107,1,conflict_enriched,0.29638671875,mux3,0.2,0.99951171875,0.9777096448785569,0.98541259765625
45,6,2,-300.2850728513503,2,conflict_enriched,0.2734375,mux3,0.2,0.99951171875,0.9772205649620906,0.9849875313895089
45,6,3,-300.2356552340196,3,conflict_enriched,0.29541015625,mux3,0.2,1.0,0.9794321895452676,0.9864828927176339
46,7,2,-322.14049032133175,0,conflict_enriched,0.00732421875,parity2,0.2,0.99951171875,0.9181675796141402,0.9118935721261161
46,7,4,-331.48324008727997,1,conflict_enriched,0.00146484375,parity2,0.2,0.9970703125,0.8899876684193769,0.8734915597098214
46,7,2,-317.90289187908405,2,conflict_enriched,0.00341796875,parity2,0.2,0.99853515625,0.9166715111999704,0.9141889299665179
46,7,1,-322.87825343787915,3,conflict_enriched,0.0087890625,parity2,0.2,0.99951171875,0.9163382585653166,0.9159306117466518
47,7,3,-290.44359834412717,0,conflict_enriched,0.01171875,mux3,0.2,0.9951171875,0.9543941321297444,0.9563271658761161
47,7,5,-290.65957842542974,1,conflict_enriched,0.01123046875,mux3,0.2,0.99462890625,0.9507836634635726,0.950958251953125
47,7,3,-290.4961899440292,2,conflict_enriched,0.01806640625,mux3,0.2,0.994140625,0.9532540517223048,0.9573233468191964
47,7,3,-291.0749986971239,3,conflict_enriched,0.0224609375,mux3,0.2,0.99462890625,0.9544396007441203,0.9579293387276786
0,0,4,-408.66800779224343,0,uniform_random,0.0,parity2,0.1,1.0,0.9257374639096467,0.8496420724051339
0,0,4,-410.22166182571004,1,uniform_random,0.0,parity2,0.1,1.0,0.9257563039191445,0.8535614013671875
0,0,3,-410.49835395265495,2,uniform_random,0.00048828125,parity2,0.1,1.0,0.9244125614329987,0.8548366001674107
0,0,3,-410.24023588561874,3,uniform_random,0.0,parity2,0.1,1.0,0.9224403813159993,0.8564649309430804
1,0,6,-279.37267812440354,0,uniform_random,0.0,mux3,0.1,0.94873046875,0.9389583862653972,0.76080322265625
1,0,6,-280.3347938232559,1,uniform_random,0.0,mux3,0.1,0.94189453125,0.9418245169528906,0.7655421665736607
1,0,4,-279.8876777029394,2,uniform_random,0.0,mux3,0.1,0.93505859375,0.9425525216698871,0.76416015625
1,0,7,-280.0421618293962,3,uniform_random,0.0,mux3,0.1,0.93994140625,0.9400155778722892,0.7612217494419643
2,1,3,-442.8129059891515,0,uniform_random,0.16162109375,parity2,0.1,1.0,0.9636813921225912,0.9698159354073661
2,1,2,-436.72612245359977,1,uniform_random,0.1455078125,parity2,0.1,1.0,0.9638056816629792,0.9699510846819196
2,1,1,-432.8121772293177,2,uniform_random,0.142578125,parity2,0.1,1.0,0.9650098066019142,0.9705875941685268
2,1,1,-438.1745456361811,3,uniform_random,0.1181640625,parity2,0.1,1.0,0.9625415736777525,0.9679500034877232
3,1,3,-304.6380563729447,0,uniform_random,0.0,mux3,0.1,0.98583984375,0.9583663051247687,0.7568010602678571
3,1,2,-305.1904061999857,1,uniform_random,0.0,mux3,0.1,0.98291015625,0.9564216566381987,0.7569667271205357
3,1,4,-304.5884244390336,2,uniform_random,0.0,mux3,0.1,0.990234375,0.9560409589558871,0.7631007603236607
3,1,2,-302.93828628136464,3,uniform_random,0.0,mux3,0.1,0.98486328125,0.9573049412842564,0.7587432861328125
4,2,1,-419.20230254041195,0,uniform_random,0.00048828125,parity2,0.1,1.0,0.9437135186196371,0.9199785505022321
4,2,2,-422.4255417073777,1,uniform_random,0.0048828125,parity2,0.1,1.0,0.9317712591467969,0.9084581647600446
4,2,2,-424.96672015456375,2,uniform_random,0.0,parity2,0.1,1.0,0.9280219801189895,0.90411376953125
4,2,2,-418.6546315165112,3,uniform_random,0.00244140625,parity2,0.1,1.0,0.94172663239077,0.9178815569196429
5,2,3,-324.8195617965228,0,uniform_random,0.0,mux3,0.1,0.9970703125,0.9520913424316509,0.8354143415178571
5,2,5,-323.76520906588087,1,uniform_random,0.0,mux3,0.1,0.99560546875,0.9506945109881512,0.8379647391183036
5,2,5,-322.2732658820216,2,uniform_random,0.0,mux3,0.1,0.998046875,0.9484413536189447,0.8330143519810268
5,2,3,-322.2773533415708,3,uniform_random,0.0,mux3,0.1,0.99658203125,0.9495421055598022,0.8369315011160714
6,3,2,-421.2720812562646,0,uniform_random,0.0,parity2,0.1,1.0,0.93387644811222,0.9005039760044643
6,3,2,-422.3267806465225,1,uniform_random,0.0,parity2,0.1,1.0,0.9351819717457276,0.900787353515625
6,3,2,-421.1889746172376,2,uniform_random,0.0029296875,parity2,0.1,1.0,0.9379033286953032,0.9088832310267857
6,3,2,-422.26952126642783,3,uniform_random,0.00048828125,parity2,0.1,1.0,0.9349935354445366,0.8996603829520089
7,3,2,-350.7898083446893,0,uniform_random,0.0,mux3,0.1,1.0,0.9309863403925169,0.8282470703125
7,3,1,-348.8037739923131,1,uniform_random,0.0,mux3,0.1,0.99951171875,0.9328572432122465,0.8357151576450893
7,3,2,-348.9369125659152,2,uniform_random,0.0,mux3,0.1,1.0,0.9309004273082832,0.8295397077287946
7,3,3,-351.62166718660677,3,uniform_random,0.0,mux3,0.1,1.0,0.9297581532302825,0.8437543596540179
8,4,4,-425.7431952968541,0,uniform_random,0.048828125,parity2,0.1,1.0,0.945534993569095,0.9462847028459821
8,4,3,-426.4088713769053,1,uniform_random,0.0302734375,parity2,0.1,1.0,0.9466458044478745,0.9451686314174107
8,4,2,-424.20840038452,2,uniform_random,0.0498046875,parity2,0.1,1.0,0.9482353636937112,0.9468732561383929
8,4,2,-422.97476689987843,3,uniform_random,0.0224609375,parity2,0.1,1.0,0.9437913619778945,0.9374520438058036
9,4,8,-263.981602987395,0,uniform_random,0.0,mux3,0.1,1.0,0.9868380639547912,0.8497685023716518
9,4,8,-263.35733765213786,1,uniform_random,0.0,mux3,0.1,1.0,0.9872070776791438,0.8500257219587054
9,4,8,-263.75225565840265,2,uniform_random,0.0,mux3,0.1,1.0,0.9856926484553561,0.8490971156529018
9,4,7,-263.29916999907647,3,uniform_random,0.0,mux3,0.1,1.0,0.9885795338220894,0.850860595703125
10,5,1,-413.16877526694765,0,uniform_random,0.005859375,parity2,0.1,1.0,0.9463883356768834,0.9389822823660714
10,5,1,-411.6276783988565,1,uniform_random,0.00634765625,parity2,0.1,1.0,0.9420627176291578,0.9348035539899554
10,5,2,-413.5000133424238,2,uniform_random,0.00732421875,parity2,0.1,1.0,0.9444244297444759,0.9376002720424107
10,5,2,-413.0384127975527,3,uniform_random,0.00439453125,parity2,0.1,1.0,0.9416655163029848,0.9340079171316964
11,5,2,-331.6459719895918,0,uniform_random,0.0,mux3,0.1,0.99853515625,0.9413004660940826,0.8582959856305804
11,5,3,-330.8529134376939,1,uniform_random,0.0,mux3,0.1,0.99365234375,0.9400951974647678,0.8603559221540179
11,5,2,-332.205995973813,2,uniform_random,0.0,mux3,0.1,0.99853515625,0.9405787761666138,0.8584463936941964
11,5,1,-328.1254602238506,3,uniform_random,0.0,mux3,0.1,0.99658203125,0.94114756725598,0.8598371233258929
12,6,1,-447.4038553947836,0,uniform_random,0.11572265625,parity2,0.1,1.0,0.9549500785325541,0.9613473074776786
12,6,1,-449.82824434458473,1,uniform_random,0.0078125,parity2,0.1,1.0,0.941363262576113,0.9130990164620536
12,6,1,-443.43958130724303,2,uniform_random,0.322265625,parity2,0.1,1.0,0.9672419281612846,0.9777592250279018
12,6,2,-451.0705608912053,3,uniform_random,0.0048828125,parity2,0.1,1.0,0.9423395652432893,0.9131426130022321
13,6,5,-338.44738974833683,0,uniform_random,0.0,mux3,0.1,1.0,0.911782613926385,0.8495374407087054
13,6,6,-338.8805202231558,1,uniform_random,0.0,mux3,0.1,1.0,0.9136350515774119,0.8429630824497768
13,6,3,-336.3894843192098,2,uniform_random,0.0,mux3,0.1,1.0,0.9120436394253731,0.8424224853515625
13,6,6,-338.02876243234306,3,uniform_random,0.0,mux3,0.1,1.0,0.9139362936600927,0.840911865234375
14,7,4,-409.2752475397331,0,uniform_random,0.0,parity2,0.1,1.0,0.9298095639231683,0.8770076206752232
14,7,3,-409.49212260687847,1,uniform_random,0.0,parity2,0.1,1.0,0.9302621075110189,0.8808789934430804
14,7,4,-409.2324549516687,2,uniform_random,0.0,parity2,0.1,1.0,0.9278897976241363,0.8767569405691964
14,7,4,-408.6424715910243,3,uniform_random,0.0,parity2,0.1,1.0,0.9260193910425044,0.8738686697823661
15,7,4,-318.2687139078749,0,uniform_random,0.0,mux3,0.1,0.9970703125,0.9634168098956062,0.8257032121930804
15,7,5,-318.6555167062635,1,uniform_random,0.0,mux3,0.1,0.99609375,0.9624902673439518,0.8286677769252232
15,7,6,-319.7765250494332,2,uniform_random,0.0,mux3,0.1,0.99560546875,0.9629421123648666,0.8260912214006696
15,7,6,-319.620345413679,3,uniform_random,0.0,mux3,0.1,0.99755859375,0.9621528744223362,0.8243321010044643
16,0,1,-429.5740338095076,0,cell_balanced,0.19482421875,parity2,0.1,1.0,0.9611780178739086,0.9750082833426339
16,0,3,-439.42037571996184,1,cell_balanced,0.16748046875,parity2,0.1,1.0,0.9581198707296773,0.9730813162667411
16,0,1,-431.0263556861536,2,cell_balanced,0.16552734375,parity2,0.1,1.0,0.9576564674076611,0.9726388113839286
16,0,1,-428.31423965197473,3,cell_balanced,0.2109375,parity2,0.1,1.0,0.9597353429752381,0.9745265415736607
17,0,3,-377.6051699480055,0,cell_balanced,0.53369140625,mux3,0.1,1.0,0.9913409092860742,0.9946550641741071
17,0,2,-376.4779563849418,1,cell_balanced,0.51416015625,mux3,0.1,1.0,0.9914361103288677,0.9946681431361607
17,0,3,-378.4020092968241,2,cell_balanced,0.501953125,mux3,0.1,1.0,0.9904083948390283,0.9941755022321429
17,0,3,-377.89576623819033,3,cell_balanced,0.49853515625,mux3,0.1,1.0,0.9908731186229358,0.9942779541015625
18,1,1,-433.5714018724825,0,cell_balanced,0.0537109375,parity2,0.1,1.0,0.9640865311285517,0.9615674700055804
18,1,2,-435.36873118873575,1,cell_balanced,0.0361328125,parity2,0.1,1.0,0.9557328419522635,0.9531751360212054
18,1,1,-426.29797871569536,2,cell_balanced,0.0546875,parity2,0.1,1.0,0.9626091302119227,0.9634508405412946
18,1,2,-424.59310267670656,3,cell_balanced,0.07763671875,parity2,0.1,1.0,0.9657160130488214,0.9662301199776786
19,1,4,-327.74520084912695,0,cell_balanced,0.0,mux3,0.1,1.0,0.9290433339642018,0.8384726388113839
19,1,5,-327.36725081972855,1,cell_balanced,0.0,mux3,0.1,1.0,0.9294348147086983,0.8327811104910714
19,1,4,-328.5634618857981,2,cell_balanced,0.0,mux3,0.1,1.0,0.9287379004799051,0.8321402413504464
19,1,5,-329.8241585257217,3,cell_balanced,0.0,mux3,0.1,1.0,0.9281169042907412,0.8300083705357143
20,2,2,-447.6553797784793,0,cell_balanced,0.18994140625,parity2,0.1,1.0,0.9636290485872727,0.9702410016741071
20,2,4,-453.79848703099907,1,cell_balanced,0.0,parity2,0.1,1.0,0.9498361489953995,0.9164058140345982
20,2,1,-446.645206106664,2,cell_balanced,0.42041015625,parity2,0.1,1.0,0.9843383337549724,0.990142822265625
20,2,4,-456.86764819659413,3,cell_balanced,0.0,parity2,0.1,1.0,0.9531222909233461,0.881622314453125
21,2,2,-370.1489881106398,0,cell_balanced,0.11328125,mux3,0.1,1.0,0.973499433070336,0.9780142647879464
21,2,5,-368.3367105494543,1,cell_balanced,0.1533203125,mux3,0.1,1.0,0.9745077036939402,0.9780665806361607
21,2,4,-367.6216217286696,2,cell_balanced,0.13671875,mux3,0.1,1.0,0.9749926603616628,0.9796033586774554
21,2,3,-369.464430149022,3,cell_balanced,0.09814453125,mux3,0.1,1.0,0.9759467451926327,0.9775979178292411
22,3,1,-417.33687566260994,0,cell_balanced,0.0,parity2,0.1,1.0,0.905625883687174,0.8670763288225446
22,3,2,-418.7558999161069,1,cell_balanced,0.0,parity2,0.1,1.0,0.9064532489019209,0.8724321637834821
22,3,3,-417.6716685047039,2,cell_balanced,0.00048828125,parity2,0.1,1.0,0.9061570905975208,0.8632899693080357
22,3,1,-414.2160463455179,3,cell_balanced,0.00048828125,parity2,0.1,1.0,0.904701381462119,0.8607984270368304
23,3,5,-318.60590427291146,0,cell_balanced,0.0,mux3,0.1,1.0,0.9467782659435464,0.7510572160993304
23,3,3,-318.7414598771272,1,cell_balanced,0.0,mux3,0.1,1.0,0.9436301612680958,0.7449885777064732
23,3,7,-318.92736388675803,2,cell_balanced,0.0,mux3,0.1,1.0,0.9439795959502474,0.7416512625558036
23,3,5,-320.08245922247056,3,cell_balanced,0.0,mux3,0.1,1.0,0.9434278622468257,0.7422637939453125
24,4,1,-408.5685702879949,0,cell_balanced,0.0,parity2,0.1,1.0,0.894864828490572,0.8661717006138393
24,4,1,-406.6100860901317,1,cell_balanced,0.0,parity2,0.1,1.0,0.9059097233599965,0.8779144287109375
24,4,2,-406.0862434578663,2,cell_balanced,0.0,parity2,0.1,1.0,0.8928159849119083,0.8546469552176339
24,4,1,-406.05792048113454,3,cell_balanced,0.0,parity2,0.1,1.0,0.8967177304330379,0.8622872488839286
25,4,5,-349.2145154389024,0,cell_balanced,0.0,mux3,0.1,1.0,0.9388972552691711,0.9015829903738839
25,4,2,-350.29763740810483,1,cell_balanced,0.0,mux3,0.1,1.0,0.9415391033746848,0.8995470319475446
25,4,3,-349.53382539613204,2,cell_balanced,0.0,mux3,0.1,1.0,0.9432001464639291,0.9003622872488839
25,4,4,-348.97835285109176,3,cell_balanced,0.0,mux3,0.1,1.0,0.9399321161616631,0.9015590122767857
26,5,1,-439.254666516558,0,cell_balanced,0.16552734375,parity2,0.1,1.0,0.9758969850771109,0.9807412283761161
26,5,3,-432.872790966993,1,cell_balanced,0.2421875,parity2,0.1,1.0,0.9782504890309315,0.9831978934151786
26,5,1,-430.10746110527083,2,cell_balanced,0.2900390625,parity2,0.1,1.0,0.9803494739552436,0.9852861676897321
26,5,2,-431.4774633306253,3,cell_balanced,0.28759765625,parity2,0.1,1.0,0.9782467576612007,0.984222412109375
27,5,2,-360.8272868347089,0,cell_balanced,0.01318359375,mux3,0.1,1.0,0.9485675237526389,0.9548819405691964
27,5,4,-360.8171031668938,1,cell_balanced,0.0263671875,mux3,0.1,1.0,0.9450037206356537,0.9516034807477679
27,5,3,-362.39158078322055,2,cell_balanced,0.0009765625,mux3,0.1,1.0,0.9425660372362756,0.9448372977120536
27,5,2,-360.82731816193126,3,cell_balanced,0.01171875,mux3,0.1,1.0,0.9428165160783528,0.9465506417410714
28,6,2,-447.78975998060935,0,cell_balanced,0.98876953125,parity2,0.1,1.0,0.999882762152066,0.9999411446707589
28,6,1,-449.1705660333433,1,cell_balanced,0.99462890625,parity2,0.1,1.0,0.9999433756124217,0.9999716622488839
28,6,1,-449.60154260235987,2,cell_balanced,0.9931640625,parity2,0.1,1.0,0.9999085154184968,0.9999542236328125
28,6,2,-458.10946725047967,3,cell_balanced,0.994140625,parity2,0.1,1.0,0.9998954449755522,0.9999476841517857
29,6,3,-371.91797249510114,0,cell_balanced,0.38427734375,mux3,0.1,1.0,0.9841324843950369,0.9905940464564732
29,6,2,-372.8020075749234,1,cell_balanced,0.3125,mux3,0.1,1.0,0.9815052572103012,0.9887651715959821
29,6,4,-372.38683297355726,2,cell_balanced,0.33056640625,mux3,0.1,1.0,0.9840926958965701,0.9903281075613839
29,6,2,-372.5819304883082,3,cell_balanced,0.34912109375,mux3,0.1,1.0,0.9837166624264222,0.9900839669363839
30,7,2,-433.7675313251212,0,cell_balanced,0.03369140625,parity2,0.1,1.0,0.966917083887189,0.9604317801339286
30,7,5,-434.5547180621043,1,cell_balanced,0.0361328125,parity2,0.1,1.0,0.9672522469320304,0.9629690987723214
30,7,4,-432.82312432470485,2,cell_balanced,0.03662109375,parity2,0.1,1.0,0.9685140930938241,0.9641200474330357
30,7,5,-433.9226211064644,3,cell_balanced,0.05126953125,parity2,0.1,1.0,0.9658505404284199,0.9618246895926339
31,7,4,-359.2357686597024,0,cell_balanced,0.00390625,mux3,0.1,1.0,0.943421939336311,0.9455348423549107
31,7,4,-359.68581087205274,1,cell_balanced,0.00390625,mux3,0.1,1.0,0.9451415087042123,0.9445669991629464
31,7,5,-360.18486364289305,2,cell_balanced,0.00390625,mux3,0.1,1.0,0.943251227041342,0.9423980712890625
31,7,5,-359.350842561479,3,cell_balanced,0.00146484375,mux3,0.1,1.0,0.9470720985311966,0.9457855224609375
32,0,2,-436.83360258925103,0,conflict_enriched,0.42431640625,parity2,0.1,1.0,0.9818661863002368,0.9888741629464286
32,0,3,-436.4588049936992,1,conflict_enriched,0.4501953125,parity2,0.1,1.0,0.9820201904927289,0.9890005929129464
32,0,1,-435.890873623944,2,conflict_enriched,0.33056640625,parity2,0.1,1.0,0.9768315462400877,0.9850376674107143
32,0,2,-437.0406028421399,3,conflict_enriched,0.4375,parity2,0.1,1.0,0.9802619358509731,0.9880937848772321
33,0,4,-405.08433121845104,0,conflict_enriched,0.55615234375,mux3,0.1,1.0,0.9908458425657756,0.9943673270089286
33,0,3,-406.5247416469351,1,conflict_enriched,0.5595703125,mux3,0.1,1.0,0.9901235392624604,0.9939161028180804
33,0,6,-404.28935595089155,2,conflict_enriched,0.5390625,mux3,0.1,1.0,0.9897483044587789,0.9938441685267857
33,0,1,-406.7436449794954,3,conflict_enriched,0.57421875,mux3,0.1,1.0,0.9915939545097301,0.9947705950055804
34,1,5,-411.84487662171455,0,conflict_enriched,0.0,parity2,0.1,1.0,0.920945795226791,0.8956124441964286
34,1,3,-412.91723477844045,1,conflict_enriched,0.00244140625,parity2,0.1,1.0,0.9224577070538766,0.8951590401785714
34,1,3,-413.12059987415716,2,conflict_enriched,0.0,parity2,0.1,1.0,0.9235398085354112,0.8936288016183036
34,1,4,-413.537973145491,3,conflict_enriched,0.0,parity2,0.1,1.0,0.9226398328250947,0.8905378069196429
35,1,2,-402.7551383601278,0,conflict_enriched,0.5068359375,mux3,0.1,1.0,0.9915119048414164,0.9948556082589286
35,1,5,-403.86626472588557,1,conflict_enriched,0.5224609375,mux3,0.1,1.0,0.9908464048269681,0.9946071079799107
35,1,2,-403.6073726291436,2,conflict_enriched,0.51904296875,mux3,0.1,1.0,0.9918804010298989,0.9950714111328125
35,1,5,-404.2907826718246,3,conflict_enriched,0.5302734375,mux3,0.1,1.0,0.9919739003806747,0.9951520647321429
36,2,4,-431.9357139110226,0,conflict_enriched,0.26123046875,parity2,0.1,1.0,0.9799123158782016,0.9868033272879464
36,2,4,-432.33336221895644,1,conflict_enriched,0.21484375,parity2,0.1,1.0,0.9803455381268973,0.986297607421875
36,2,3,-430.755730809158,2,conflict_enriched,0.28076171875,parity2,0.1,1.0,0.9808262501485733,0.9872567313058036
36,2,2,-432.93801630576627,3,conflict_enriched,0.3271484375,parity2,0.1,1.0,0.9842346412903084,0.9897875104631696
37,2,2,-390.58067743232465,0,conflict_enriched,0.00732421875,mux3,0.1,1.0,0.9577722122817472,0.9518389020647321
37,2,2,-390.9922157104271,1,conflict_enriched,0.02392578125,mux3,0.1,1.0,0.9638264086551148,0.9596971784319196
37,2,1,-389.11833850124026,2,conflict_enriched,0.01220703125,mux3,0.1,1.0,0.9639333362514121,0.9591217041015625
37,2,2,-391.82939891193485,3,conflict_enriched,0.005859375,mux3,0.1,1.0,0.9598846275813582,0.9520699637276786
38,3,1,-438.18376873634867,0,conflict_enriched,0.10205078125,parity2,0.1,1.0,0.9582588791605965,0.9608372279575893
38,3,1,-442.8891439031025,1,conflict_enriched,0.1142578125,parity2,0.1,1.0,0.962457786111208,0.9669189453125
38,3,1,-434.67027435934796,2,conflict_enriched,0.12646484375,parity2,0.1,1.0,0.9638866472746758,0.9685603550502232
38,3,1,-433.9518765012849,3,conflict_enriched,0.14501953125,parity2,0.1,1.0,0.9669168709094647,0.9711085728236607
39,3,2,-398.42789003897354,0,conflict_enriched,0.22509765625,mux3,0.1,1.0,0.9844084247240625,0.9877711704799107
39,3,2,-398.3207207447556,1,conflict_enriched,0.18896484375,mux3,0.1,1.0,0.9817516298418526,0.9854256766183036
39,3,2,-397.9084537561099,2,conflict_enriched,0.19970703125,mux3,0.1,1.0,0.9817603768369925,0.9857025146484375
39,3,3,-398.1537656034132,3,conflict_enriched,0.18017578125,mux3,0.1,1.0,0.9829106865645336,0.9863215855189732
40,4,1,-435.1523493120603,0,conflict_enriched,0.05615234375,parity2,0.1,1.0,0.9651545739505004,0.9677516392299107
40,4,1,-434.17358881335645,1,conflict_enriched,0.0859375,parity2,0.1,1.0,0.9689834640516773,0.9718300955636161
40,4,1,-431.68735481582604,2,conflict_enriched,0.0556640625,parity2,0.1,1.0,0.9657538464117786,0.966644287109375
40,4,1,-430.99615444750833,3,conflict_enriched,0.080078125,parity2,0.1,1.0,0.9668479640965221,0.9698486328125
41,4,3,-401.4732784899433,0,conflict_enriched,0.453125,mux3,0.1,1.0,0.9891307925851857,0.9929112025669643
41,4,2,-402.96609366400486,1,conflict_enriched,0.56884765625,mux3,0.1,1.0,0.9925322150957793,0.9954245431082589
41,4,4,-402.85450561941883,2,conflict_enriched,0.5029296875,mux3,0.1,1.0,0.9905132416429586,0.9939727783203125
41,4,5,-401.4463068930261,3,conflict_enriched,0.3876953125,mux3,0.1,1.0,0.9874223491736055,0.9914027622767857
42,5,1,-435.38993921929256,0,conflict_enriched,0.40673828125,parity2,0.1,1.0,0.9845994827810406,0.9909580775669643
42,5,2,-433.08171876643496,1,conflict_enriched,0.478515625,parity2,0.1,1.0,0.9850880643296319,0.9913875034877232
42,5,1,-433.96252340413497,2,conflict_enriched,0.5419921875,parity2,0.1,1.0,0.9889184687024294,0.9938594273158482
42,5,2,-437.0150452791226,3,conflict_enriched,0.43798828125,parity2,0.1,1.0,0.9854812893616911,0.9916578020368304
43,5,4,-410.8336997101607,0,conflict_enriched,0.99072265625,mux3,0.1,1.0,0.9998563230973626,0.9999280657087054
43,5,3,-411.1580695331967,1,conflict_enriched,0.9873046875,mux3,0.1,1.0,0.9998304548229606,0.9999149867466518
43,5,4,-410.0065972049364,2,conflict_enriched,0.9833984375,mux3,0.1,1.0,0.9998045695103406,0.9999019077845982
43,5,4,-411.1277887300913,3,conflict_enriched,0.9853515625,mux3,0.1,1.0,0.9997999968785984,0.9998997279575893
44,6,3,-441.9047837934788,0,conflict_enriched,0.69580078125,parity2,0.1,1.0,0.991994422914195,0.9956185477120536
44,6,2,-439.1928965414862,1,conflict_enriched,0.7314453125,parity2,0.1,1.0,0.9934778596195325,0.996490478515625
44,6,1,-437.05255840717916,2,conflict_enriched,0.60791015625,parity2,0.1,1.0,0.9888305813146907,0.9935542515345982
44,6,1,-439.32915308848436,3,conflict_enriched,0.6416015625,parity2,0.1,1.0,0.9902362428146427,0.9945177350725446
45,6,3,-407.23824610456484,0,conflict_enriched,0.71630859375,mux3,0.1,1.0,0.9951961532508646,0.9972948346819196
45,6,5,-407.0596657460502,1,conflict_enriched,0.7021484375,mux3,0.1,1.0,0.9946337429741204,0.9969155447823661
45,6,1,-406.30063995108617,2,conflict_enriched,0.7021484375,mux3,0.1,1.0,0.9945799937858212,0.9969395228794643
45,6,2,-405.97575613447856,3,conflict_enriched,0.7138671875,mux3,0.1,1.0,0.9946039857264716,0.9969635009765625
46,7,2,-428.7699775340005,0,conflict_enriched,0.10205078125,parity2,0.1,1.0,0.9485068336203024,0.9601963588169643
46,7,1,-437.4240489675973,1,conflict_enriched,0.02685546875,parity2,0.1,1.0,0.9403263421890268,0.9449898856026786
46,7,2,-425.1387491967566,2,conflict_enriched,0.0654296875,parity2,0.1,1.0,0.954588533936995,0.9637865339006696
46,7,1,-429.2517194495379,3,conflict_enriched,0.0771484375,parity2,0.1,1.0,0.9514444950063028,0.96221923828125
47,7,3,-396.40157632303715,0,conflict_enriched,0.20947265625,mux3,0.1,1.0,0.9800222017350902,0.9856850760323661
47,7,4,-396.14781584043465,1,conflict_enriched,0.1923828125,mux3,0.1,1.0,0.9745175709519103,0.9813079833984375
47,7,2,-396.29040152292134,2,conflict_enriched,0.349609375,mux3,0.1,1.0,0.983157120959625,0.9890703473772321
47,7,2,-396.9590021189668,3,conflict_enriched,0.2734375,mux3,0.1,1.0,0.9812938065362147,0.9872981480189732
0,0,4,-505.2680336936453,0,uniform_random,0.00048828125,parity2,0.05,1.0,0.9279801960192453,0.8940233503069196
0,0,3,-506.8553179303572,1,uniform_random,0.00244140625,parity2,0.05,1.0,0.9289161372778761,0.8956952776227679
0,0,3,-507.7982012243595,2,uniform_random,0.00341796875,parity2,0.05,1.0,0.9275336477543357,0.8875776018415179
0,0,3,-507.0517170885964,3,uniform_random,0.00439453125,parity2,0.05,1.0,0.9280988310010512,0.8923688616071429
1,0,2,-377.6827856784396,0,uniform_random,0.0,mux3,0.05,1.0,0.9377268042382363,0.8140607561383929
1,0,3,-378.7334098651303,1,uniform_random,0.0,mux3,0.05,1.0,0.9390283345394119,0.8095942905970982
1,0,4,-378.9768003573941,2,uniform_random,0.0,mux3,0.05,1.0,0.9392743472386093,0.8096531459263393
1,0,4,-377.93000305969275,3,uniform_random,0.0,mux3,0.05,1.0,0.9384994554755927,0.8047768729073661
2,1,3,-540.7712853356799,0,uniform_random,0.36083984375,parity2,0.05,1.0,0.9838398551315296,0.9883858816964286
2,1,2,-534.5009980723435,1,uniform_random,0.3603515625,parity2,0.05,1.0,0.9851558423606355,0.9890943254743304
2,1,1,-529.9190877475861,2,uniform_random,0.40380859375,parity2,0.05,1.0,0.9838869189490609,0.9886125837053571
2,1,1,-536.1292799147215,3,uniform_random,0.40234375,parity2,0.05,1.0,0.9869622150596583,0.99066162109375
3,1,3,-402.6802335814827,0,uniform_random,0.0,mux3,0.05,1.0,0.956774473406613,0.7931147984095982
3,1,1,-402.6993577410898,1,uniform_random,0.0,mux3,0.05,1.0,0.9550155713125753,0.7957959856305804
3,1,3,-401.78296094895865,2,uniform_random,0.0,mux3,0.05,1.0,0.9495546776348719,0.8038526262555804
3,1,2,-402.34737124852546,3,uniform_random,0.0,mux3,0.05,1.0,0.9562098843677485,0.7884041922433036
4,2,1,-515.9756976378546,0,uniform_random,0.00439453125,parity2,0.05,1.0,0.9581716370953627,0.9403403145926339
4,2,1,-517.7393173352682,1,uniform_random,0.001953125,parity2,0.05,1.0,0.9510731875118587,0.9365692138671875
4,2,2,-519.5972665941108,2,uniform_random,0.00390625,parity2,0.05,1.0,0.9486954850289949,0.9368111746651786
4,2,1,-514.5880059504271,3,uniform_random,0.005859375,parity2,0.05,1.0,0.9554401147190029,0.94293212890625
5,2,3,-422.38651411223975,0,uniform_random,0.0,mux3,0.05,1.0,0.9616647188291936,0.8559374128069196
5,2,3,-420.53003069575044,1,uniform_random,0.0,mux3,0.05,1.0,0.9660004277615,0.8623090471540179
5,2,4,-419.42302494285946,2,uniform_random,0.0,mux3,0.05,1.0,0.9624400003414458,0.8587668282645089
5,2,2,-418.4474461421156,3,uniform_random,0.0,mux3,0.05,1.0,0.9706602824009656,0.8660409109933036
6,3,2,-518.5480061861213,0,uniform_random,0.01611328125,parity2,0.05,1.0,0.9542796928091087,0.940399169921875
6,3,1,-520.1680407020685,1,uniform_random,0.00537109375,parity2,0.05,1.0,0.9540135217683,0.9362705775669643
6,3,2,-518.9941694461447,2,uniform_random,0.017578125,parity2,0.05,1.0,0.9535175158162369,0.9388187953404018
6,3,2,-520.3829473494519,3,uniform_random,0.0048828125,parity2,0.05,1.0,0.9559242556820412,0.9358258928571429
7,3,1,-447.6096194547785,0,uniform_random,0.0,mux3,0.05,1.0,0.9422034959049664,0.8905661446707589
7,3,1,-446.0010243069765,1,uniform_random,0.0,mux3,0.05,1.0,0.9445641133147812,0.8872157505580357
7,3,1,-446.42535996860124,2,uniform_random,0.0,mux3,0.05,1.0,0.9437744834932381,0.8859056745256696
7,3,2,-448.2585437053504,3,uniform_random,0.0,mux3,0.05,1.0,0.9426711119263709,0.8910478864397321
8,4,2,-522.3801285503632,0,uniform_random,0.111328125,parity2,0.05,1.0,0.9631053768288143,0.9672263009207589
8,4,3,-523.3155200804161,1,uniform_random,0.10595703125,parity2,0.05,1.0,0.9611460179708218,0.9651925223214286
8,4,2,-521.5901905204653,2,uniform_random,0.0966796875,parity2,0.05,1.0,0.9638027297917194,0.9669647216796875
8,4,2,-519.211601413048,3,uniform_random,0.05712890625,parity2,0.05,1.0,0.9585391408076498,0.9570530482700893
9,4,6,-348.81882316800545,0,uniform_random,0.0,mux3,0.05,1.0,0.9939553024331393,0.8537270682198661
9,4,5,-348.1618261352656,1,uniform_random,0.0,mux3,0.05,1.0,0.9926842385954348,0.8529554094587054
9,4,6,-348.10061807096935,2,uniform_random,0.0,mux3,0.05,1.0,0.9922958289897236,0.852752685546875
9,4,7,-348.0906989803822,3,uniform_random,0.0,mux3,0.05,1.0,0.9938540421740875,0.853668212890625
10,5,1,-511.5181571660676,0,uniform_random,0.13623046875,parity2,0.05,1.0,0.972034685160312,0.9769526890345982
10,5,1,-509.7893895262041,1,uniform_random,0.08935546875,parity2,0.05,1.0,0.9712303556162328,0.9741777692522321
10,5,2,-512.2053849253597,2,uniform_random,0.095703125,parity2,0.05,1.0,0.9705566602189507,0.9743695940290179
10,5,2,-511.38624103657173,3,uniform_random,0.08642578125,parity2,0.05,1.0,0.9726276194045128,0.9749516078404018
11,5,2,-428.4982020367813,0,uniform_random,0.0,mux3,0.05,1.0,0.9534313237311843,0.9102717808314732
11,5,2,-430.54182222220163,1,uniform_random,0.0,mux3,0.05,1.0,0.9497210068482732,0.9125104631696429
11,5,2,-429.75478020864824,2,uniform_random,0.0,mux3,0.05,1.0,0.9546205700462949,0.9113834926060268
11,5,1,-427.74231114564896,3,uniform_random,0.0,mux3,0.05,1.0,0.9541759939551129,0.91339111328125
12,6,1,-540.1888590045629,0,uniform_random,0.517578125,parity2,0.05,1.0,0.9848616711384037,0.9910365513392857
12,6,1,-545.5848827674848,1,uniform_random,0.23779296875,parity2,0.05,1.0,0.9710274730359979,0.9779445103236607
12,6,1,-535.7027237172844,2,uniform_random,0.43310546875,parity2,0.05,1.0,0.9818277225232156,0.9883815220424107
12,6,2,-546.1186947440497,3,uniform_random,0.21630859375,parity2,0.05,1.0,0.9721311555503426,0.9787227085658482
13,6,4,-429.49356151508704,0,uniform_random,0.0,mux3,0.05,1.0,0.9216695169617505,0.8836124965122768
13,6,5,-429.6615248355657,1,uniform_random,0.0,mux3,0.05,1.0,0.9189625423979015,0.882476806640625
13,6,3,-427.44202009069966,2,uniform_random,0.0,mux3,0.05,1.0,0.9204893030319303,0.8814261300223214
13,6,4,-428.8997034281764,3,uniform_random,0.0,mux3,0.05,1.0,0.9217793602230943,0.8800266810825893
14,7,3,-507.54287782672003,0,uniform_random,0.00146484375,parity2,0.05,1.0,0.9491370517449316,0.9195556640625
14,7,3,-507.39955591514877,1,uniform_random,0.001953125,parity2,0.05,1.0,0.9522509947933931,0.9259687151227679
14,7,4,-508.0073812951731,2,uniform_random,0.00048828125,parity2,0.05,1.0,0.9491428489985889,0.9209463936941964
14,7,3,-505.99672358924,3,uniform_random,0.0,parity2,0.05,1.0,0.9470746265767849,0.9214303152901786
15,7,3,-413.74013860999753,0,uniform_random,0.0,mux3,0.05,1.0,0.9678788252673501,0.8528638567243304
15,7,5,-414.3762033747041,1,uniform_random,0.0,mux3,0.05,1.0,0.9681474029564444,0.8545379638671875
15,7,5,-415.98790395538225,2,uniform_random,0.0,mux3,0.05,1.0,0.9686395518819187,0.8516344342912946
15,7,4,-414.6024280493499,3,uniform_random,0.0,mux3,0.05,1.0,0.9677204486421768,0.8581150599888393
16,0,1,-526.7914842205896,0,cell_balanced,0.5224609375,parity2,0.05,1.0,0.9870283276048573,0.9927280970982143
16,0,3,-536.8028231684625,1,cell_balanced,0.5546875,parity2,0.05,1.0,0.9883839819351271,0.9935695103236607
16,0,1,-528.4956749299537,2,cell_balanced,0.5712890625,parity2,0.05,1.0,0.9894442957954585,0.9941798618861607
16,0,1,-525.8953200126292,3,cell_balanced,0.5771484375,parity2,0.05,1.0,0.9898556260638662,0.9943477085658482
17,0,2,-474.77923050144017,0,cell_balanced,0.923828125,mux3,0.05,1.0,0.9990418515540489,0.9995073590959821
17,0,2,-473.2783201192911,1,cell_balanced,0.92041015625,mux3,0.05,1.0,0.9990751591403633,0.9995226178850446
17,0,3,-475.37095550951744,2,cell_balanced,0.88525390625,mux3,0.05,1.0,0.9986235569140541,0.9992741176060268
17,0,2,-474.9226313738065,3,cell_balanced,0.90869140625,mux3,0.05,1.0,0.9986766756882896,0.9993111746651786
18,1,1,-529.3349956222189,0,cell_balanced,0.22314453125,parity2,0.05,1.0,0.9773179319883409,0.9807957240513393
18,1,2,-530.5685896879336,1,cell_balanced,0.1337890625,parity2,0.05,1.0,0.9690153915423377,0.9726300920758929
18,1,1,-522.7545742564795,2,cell_balanced,0.1435546875,parity2,0.05,1.0,0.9740922437874567,0.9759608677455357
18,1,1,-520.6580538038401,3,cell_balanced,0.18212890625,parity2,0.05,1.0,0.9799860572854875,0.981658935546875
19,1,4,-418.0957194025992,0,cell_balanced,0.0,mux3,0.05,1.0,0.9378083938746654,0.8716757638113839
19,1,3,-417.1160748608326,1,cell_balanced,0.0,mux3,0.05,1.0,0.9365508711606761,0.8727308000837054
19,1,4,-418.8523711438525,2,cell_balanced,0.0,mux3,0.05,1.0,0.9368928580118062,0.8712703159877232
19,1,5,-420.18909348723747,3,cell_balanced,0.0,mux3,0.05,1.0,0.9371669496941843,0.8700779506138393
20,2,2,-540.4655398894708,0,cell_balanced,0.5439453125,parity2,0.05,1.0,0.9855792825424511,0.9912632533482143
20,2,2,-548.1801808450203,1,cell_balanced,0.18310546875,parity2,0.05,1.0,0.9764014867105989,0.9801221575055804
20,2,1,-539.5996664339925,2,cell_balanced,0.4697265625,parity2,0.05,1.0,0.9883840735155486,0.9923815046037946
20,2,3,-558.6069891612882,3,cell_balanced,0.0,parity2,0.05,1.0,0.9610931143040883,0.9376700265066964
21,2,1,-463.4467477647934,0,cell_balanced,0.2021484375,mux3,0.05,1.0,0.9832275463037426,0.9858245849609375
21,2,2,-462.3964072143319,1,cell_balanced,0.2734375,mux3,0.05,1.0,0.9852833968495381,0.9885995047433036
21,2,3,-461.8941294520712,2,cell_balanced,0.2265625,mux3,0.05,1.0,0.982963326138889,0.9857068743024554
21,2,3,-465.3968509602396,3,cell_balanced,0.19580078125,mux3,0.05,1.0,0.9813207396992387,0.9839673723493304
22,3,1,-515.9955588487592,0,cell_balanced,0.001953125,parity2,0.05,1.0,0.9383983868964927,0.9269191196986607
22,3,2,-517.6404771734801,1,cell_balanced,0.0009765625,parity2,0.05,1.0,0.9292422658076497,0.9184788295200893
22,3,3,-516.3780768661832,2,cell_balanced,0.00537109375,parity2,0.05,1.0,0.9311523756966587,0.9203556605747768
22,3,1,-512.5868192017558,3,cell_balanced,0.0107421875,parity2,0.05,1.0,0.9320691958151957,0.9248439243861607
23,3,5,-414.9898092498318,0,cell_balanced,0.0,mux3,0.05,1.0,0.9400864994545045,0.7867998395647321
23,3,2,-415.1083253055784,1,cell_balanced,0.0,mux3,0.05,1.0,0.9381929251560156,0.7863486153738839
23,3,4,-414.7722250681437,2,cell_balanced,0.0,mux3,0.05,1.0,0.9407143918623835,0.7882472446986607
23,3,3,-416.5844608523376,3,cell_balanced,0.0,mux3,0.05,1.0,0.9372861980518364,0.7860172816685268
24,4,1,-501.61367007770315,0,cell_balanced,0.0,parity2,0.05,1.0,0.9170975901757907,0.9014238630022321
24,4,1,-499.19948810627614,1,cell_balanced,0.0,parity2,0.05,1.0,0.9142366348469996,0.8974652971540179
24,4,1,-498.35417915310285,2,cell_balanced,0.0,parity2,0.05,1.0,0.9083522221857226,0.8824244907924107
24,4,1,-499.2999403851453,3,cell_balanced,0.00048828125,parity2,0.05,1.0,0.9238678432158177,0.9137246268136161
25,4,4,-442.3675001092096,0,cell_balanced,0.005859375,mux3,0.05,1.0,0.946711003318636,0.9398694719587054
25,4,2,-442.80203966038516,1,cell_balanced,0.00244140625,mux3,0.05,1.0,0.9468086770328094,0.9369027273995536
25,4,2,-442.34543709085824,2,cell_balanced,0.001953125,mux3,0.05,1.0,0.948480569207333,0.9325735909598214
25,4,4,-442.52314227745353,3,cell_balanced,0.0009765625,mux3,0.05,1.0,0.9492128207001534,0.9383370535714286
26,5,1,-535.2846755110058,0,cell_balanced,0.583984375,parity2,0.05,1.0,0.9922828330889825,0.9951738630022321
26,5,3,-528.9957545579651,1,cell_balanced,0.6787109375,parity2,0.05,1.0,0.9938742196836943,0.9963902064732143
26,5,1,-527.0781211684534,2,cell_balanced,0.576171875,parity2,0.05,1.0,0.990919805469895,0.9943062918526786
26,5,2,-527.4062188083171,3,cell_balanced,0.51904296875,parity2,0.05,1.0,0.9896870605843591,0.9933515276227679
27,5,1,-452.52140313848275,0,cell_balanced,0.0166015625,mux3,0.05,1.0,0.956933746668006,0.9582192557198661
27,5,2,-452.0011809063152,1,cell_balanced,0.00390625,mux3,0.05,1.0,0.9600455258627881,0.9584067208426339
27,5,2,-453.7651515832839,2,cell_balanced,0.00341796875,mux3,0.05,1.0,0.9560731100731582,0.954132080078125
27,5,1,-451.8740730110324,3,cell_balanced,0.00927734375,mux3,0.05,1.0,0.9586295732791944,0.9574257986886161
28,6,2,-545.0816209204737,0,cell_balanced,1.0,parity2,0.05,1.0,1.0,1.0
28,6,1,-546.6507811856459,1,cell_balanced,0.99951171875,parity2,0.05,1.0,0.9999956403459821,0.9999978201729911
28,6,1,-546.8722461532149,2,cell_balanced,0.99951171875,parity2,0.05,1.0,0.9999956403459821,0.9999978201729911
28,6,2,-554.7433554641136,3,cell_balanced,1.0,parity2,0.05,1.0,1.0,1.0
29,6,3,-468.77708359166104,0,cell_balanced,0.75048828125,mux3,0.05,1.0,0.9959027835234435,0.9978005545479911
29,6,2,-469.7109593522373,1,cell_balanced,0.72265625,mux3,0.05,1.0,0.9956715024934409,0.9976436070033482
29,6,3,-468.55306647191605,2,cell_balanced,0.669921875,mux3,0.05,1.0,0.9942005036872067,0.9968239920479911
29,6,2,-467.93765919742987,3,cell_balanced,0.7109375,mux3,0.05,1.0,0.9950978576417361,0.9973711286272321
30,7,2,-529.5861004449299,0,cell_balanced,0.10302734375,parity2,0.05,1.0,0.9754018416848317,0.9750911167689732
30,7,3,-531.0940748518954,1,cell_balanced,0.09765625,parity2,0.05,1.0,0.9771516687980342,0.9760698590959821
30,7,2,-528.6227531949658,2,cell_balanced,0.0771484375,parity2,0.05,1.0,0.9770639283649254,0.9758104596819196
30,7,3,-530.0472846794428,3,cell_balanced,0.0947265625,parity2,0.05,1.0,0.9756447406496986,0.975006103515625
31,7,3,-452.55067828847694,0,cell_balanced,0.03125,mux3,0.05,1.0,0.9640312783175181,0.9667401994977679
31,7,3,-453.2001593499556,1,cell_balanced,0.0283203125,mux3,0.05,1.0,0.9614920705667102,0.9646671840122768
31,7,5,-453.40573078457237,2,cell_balanced,0.03271484375,mux3,0.05,1.0,0.9651955764219959,0.9674857003348214
31,7,5,-452.8698190970737,3,cell_balanced,0.0361328125,mux3,0.05,1.0,0.9627988017839151,0.9677821568080357
32,0,2,-532.3942210173394,0,conflict_enriched,0.58984375,parity2,0.05,1.0,0.9893279268966398,0.9936501639229911
32,0,3,-532.3591056262028,1,conflict_enriched,0.65966796875,parity2,0.05,1.0,0.9914382784421018,0.9952130998883929
32,0,1,-531.9088373345679,2,conflict_enriched,0.671875,parity2,0.05,1.0,0.9903383613739238,0.9946005684988839
32,0,2,-531.8202909642632,3,conflict_enriched,0.59033203125,parity2,0.05,1.0,0.9879061898380525,0.9930049351283482
33,0,3,-497.697124014792,0,conflict_enriched,0.76611328125,mux3,0.05,1.0,0.9958839413841686,0.9976850237165179
33,0,3,-500.2274321480835,1,conflict_enriched,0.73193359375,mux3,0.05,1.0,0.995068649876616,0.9971487862723214
33,0,1,-495.4617333761851,2,conflict_enriched,0.7490234375,mux3,0.05,1.0,0.9958878048000885,0.9977068219866071
33,0,1,-500.40330771852985,3,conflict_enriched,0.6630859375,mux3,0.05,1.0,0.9935110117321079,0.9961068289620536
34,1,4,-508.151067213769,0,conflict_enriched,0.0029296875,parity2,0.05,1.0,0.9424134450860961,0.9329071044921875
34,1,3,-508.37066741673044,1,conflict_enriched,0.001953125,parity2,0.05,1.0,0.9442467573374744,0.9349081856863839
34,1,1,-508.2205520242464,2,conflict_enriched,0.00439453125,parity2,0.05,1.0,0.9392828344009254,0.9298902239118304
34,1,4,-509.58931746151114,3,conflict_enriched,0.001953125,parity2,0.05,1.0,0.939038069751193,0.9265354701450893
35,1,2,-495.941821089319,0,conflict_enriched,0.88427734375,mux3,0.05,1.0,0.998214100849621,0.9990626743861607
35,1,4,-497.4684282940596,1,conflict_enriched,0.82568359375,mux3,0.05,1.0,0.9972637409990502,0.9985591343470982
35,1,2,-496.8031563973361,2,conflict_enriched,0.86083984375,mux3,0.05,1.0,0.9980321816667956,0.9989645821707589
35,1,2,-497.9050824650784,3,conflict_enriched,0.90087890625,mux3,0.05,1.0,0.9986726567986306,0.9993089948381696
36,2,3,-527.4149347205138,0,conflict_enriched,0.67041015625,parity2,0.05,1.0,0.9943706643698694,0.9969024658203125
36,2,4,-528.7352815728449,1,conflict_enriched,0.6591796875,parity2,0.05,1.0,0.9944848374683498,0.9969024658203125
36,2,3,-526.9469461731918,2,conflict_enriched,0.66748046875,parity2,0.05,1.0,0.9947620663126079,0.9969983782087054
36,2,2,-529.5656932839279,3,conflict_enriched,0.6708984375,parity2,0.05,1.0,0.9944470254031652,0.9968850272042411
37,2,2,-484.0209307391695,0,conflict_enriched,0.07861328125,mux3,0.05,1.0,0.9748053166361978,0.9744415283203125
37,2,2,-485.60773989251913,1,conflict_enriched,0.09619140625,mux3,0.05,1.0,0.9801551615986374,0.979339599609375
37,2,1,-483.23012747409683,2,conflict_enriched,0.0634765625,mux3,0.05,1.0,0.9761178216795103,0.9750823974609375
37,2,1,-485.3357163298905,3,conflict_enriched,0.02197265625,mux3,0.05,1.0,0.9734519134804744,0.9691816057477679
38,3,1,-532.7920491859933,0,conflict_enriched,0.22607421875,parity2,0.05,1.0,0.9729177334010954,0.9787227085658482
38,3,1,-537.2658011329551,1,conflict_enriched,0.27294921875,parity2,0.05,1.0,0.9760111666947002,0.9828077043805804
38,3,1,-529.7362755186117,2,conflict_enriched,0.22314453125,parity2,0.05,1.0,0.9768464482914619,0.9815434047154018
38,3,1,-529.7216144393012,3,conflict_enriched,0.3076171875,parity2,0.05,1.0,0.977662208350008,0.9835488455636161
39,3,2,-491.90574987381416,0,conflict_enriched,0.462890625,mux3,0.05,1.0,0.9917559134202273,0.9945417131696429
39,3,2,-490.61636014623224,1,conflict_enriched,0.435546875,mux3,0.05,1.0,0.9916966566279759,0.9942648751395089
39,3,2,-491.1743109271887,2,conflict_enriched,0.50341796875,mux3,0.05,1.0,0.9920692228207709,0.9947793143136161
39,3,3,-489.78246757148395,3,conflict_enriched,0.35595703125,mux3,0.05,1.0,0.990183914187765,0.9927651541573661
40,4,1,-530.4150509877325,0,conflict_enriched,0.21923828125,parity2,0.05,1.0,0.9805984236172599,0.9850594656808036
40,4,1,-528.7376672224852,1,conflict_enriched,0.1611328125,parity2,0.05,1.0,0.9775837047608052,0.9816175188337054
40,4,1,-526.8533457812197,2,conflict_enriched,0.2060546875,parity2,0.05,1.0,0.9821825199844666,0.9850572858537946
40,4,1,-526.5142423447251,3,conflict_enriched,0.21142578125,parity2,0.05,1.0,0.9813765888479002,0.9847455705915179
41,4,2,-492.84624822165574,0,conflict_enriched,0.70263671875,mux3,0.05,1.0,0.9951805803196587,0.9972381591796875
41,4,2,-495.0882982943591,1,conflict_enriched,0.74658203125,mux3,0.05,1.0,0.9958947393547941,0.9977242606026786
41,4,3,-494.7231711803079,2,conflict_enriched,0.77294921875,mux3,0.05,1.0,0.9962741208347692,0.9979684012276786
41,4,4,-493.15177789516787,3,conflict_enriched,0.65234375,mux3,0.05,1.0,0.9939326224352713,0.9963335309709821
42,5,1,-531.373346676808,0,conflict_enriched,0.68701171875,parity2,0.05,1.0,0.9940284347241335,0.9966975620814732
42,5,2,-529.1423710834927,1,conflict_enriched,0.69677734375,parity2,0.05,1.0,0.9941190588756302,0.9967084612165179
42,5,1,-530.1229964677144,2,conflict_enriched,0.77734375,parity2,0.05,1.0,0.9958403789204258,0.9977896554129464
42,5,2,-532.8822461364786,3,conflict_enriched,0.6396484375,parity2,0.05,1.0,0.992040575187066,0.9953874860491071
43,5,3,-504.7957216586176,0,conflict_enriched,0.99755859375,mux3,0.05,1.0,0.9999782272872376,0.9999891008649554
43,5,3,-504.3917340524883,1,conflict_enriched,0.99951171875,mux3,0.05,1.0,0.9999956403459821,0.9999978201729911
43,5,2,-503.1186558284414,2,conflict_enriched,0.9990234375,mux3,0.05,1.0,0.9999912806919643,0.9999956403459821
43,5,3,-504.66847722455657,3,conflict_enriched,0.9951171875,mux3,0.05,1.0,0.9999477437855485,0.9999738420758929
44,6,2,-536.4341457678064,0,conflict_enriched,0.67529296875,parity2,0.05,1.0,0.9923308553062736,0.9955269949776786
44,6,2,-535.0546262334816,1,conflict_enriched,0.89501953125,parity2,0.05,1.0,0.9977980382161776,0.9988555908203125
44,6,1,-531.3119873687059,2,conflict_enriched,0.61376953125,parity2,0.05,1.0,0.9900849178819232,0.9940120152064732
44,6,1,-534.1773224207025,3,conflict_enriched,0.63525390625,parity2,0.05,1.0,0.9899518813463954,0.9939662388392857
45,6,2,-500.82284367412194,0,conflict_enriched,0.8974609375,mux3,0.05,1.0,0.9986523089068442,0.9992871965680804
45,6,4,-500.15553216405067,1,conflict_enriched,0.8193359375,mux3,0.05,1.0,0.9975205623177592,0.9986419677734375
45,6,1,-498.36137498354304,2,conflict_enriched,0.8359375,mux3,0.05,1.0,0.9978452958434382,0.9988141741071429
45,6,1,-499.56451899471955,3,conflict_enriched,0.84033203125,mux3,0.05,1.0,0.9969877325171527,0.9983782087053571
46,7,2,-523.4418958151798,0,conflict_enriched,0.18994140625,parity2,0.05,1.0,0.9633025366975954,0.9744219098772321
46,7,1,-530.7594450208447,1,conflict_enriched,0.11474609375,parity2,0.05,1.0,0.9603172769199754,0.9683380126953125
46,7,2,-520.8211470056611,2,conflict_enriched,0.3134765625,parity2,0.05,1.0,0.9776439306017026,0.9857025146484375
46,7,1,-523.7355701462358,3,conflict_enriched,0.22265625,parity2,0.05,1.0,0.9715356932605533,0.9805777413504464
47,7,2,-488.07405607006405,0,conflict_enriched,0.54736328125,mux3,0.05,1.0,0.9920491390213629,0.9952806745256696
47,7,3,-487.4009560743303,1,conflict_enriched,0.49755859375,mux3,0.05,1.0,0.9911981077218839,0.9944632393973214
47,7,1,-487.7616327200839,2,conflict_enriched,0.60693359375,mux3,0.05,1.0,0.993106637316178,0.9959128243582589
47,7,2,-488.58269838635573,3,conflict_enriched,0.4287109375,mux3,0.05,1.0,0.9875561822458224,0.9919934953962054
0,0,3,-572.6023270019133,0,uniform_random,0.00927734375,parity2,0.03,1.0,0.9336685584256851,0.9111785888671875
0,0,2,-573.9575376382517,1,uniform_random,0.009765625,parity2,0.03,1.0,0.9322893998737537,0.9131840297154018
0,0,3,-574.7270652579182,2,uniform_random,0.00732421875,parity2,0.03,1.0,0.9331994409113238,0.9098227364676339
0,0,3,-574.4639064372656,3,uniform_random,0.02001953125,parity2,0.03,1.0,0.9303841586555238,0.9165562220982143
1,0,1,-442.2917691916143,0,uniform_random,0.0,mux3,0.03,1.0,0.9407141490677777,0.8396432059151786
1,0,2,-443.76516100068017,1,uniform_random,0.0,mux3,0.03,1.0,0.938543575940973,0.8358132498604911
1,0,4,-444.5474671070154,2,uniform_random,0.0,mux3,0.03,1.0,0.9387064783427893,0.8375483921595982
1,0,3,-443.6290223315431,3,uniform_random,0.0,mux3,0.03,1.0,0.9384453357060529,0.836273193359375
2,1,3,-608.6494177272325,0,uniform_random,0.6064453125,parity2,0.03,1.0,0.9918500879103893,0.9948992047991071
2,1,2,-602.0286624344625,1,uniform_random,0.63671875,parity2,0.03,1.0,0.993551185720256,0.9959782191685268
2,1,1,-597.5362051305797,2,uniform_random,0.57470703125,parity2,0.03,1.0,0.9907287900084618,0.9941057477678571
2,1,1,-604.1074565168955,3,uniform_random,0.64892578125,parity2,0.03,1.0,0.9937760476016458,0.9961962018694196
3,1,3,-468.1621341491889,0,uniform_random,0.0,mux3,0.03,1.0,0.952023858309907,0.8149893624441964
3,1,1,-468.7719000709143,1,uniform_random,0.0,mux3,0.03,1.0,0.9473797618922672,0.8213653564453125
3,1,3,-467.2213279469647,2,uniform_random,0.0,mux3,0.03,1.0,0.9434103916840957,0.8316519601004464
3,1,2,-468.27281273548346,3,uniform_random,0.0,mux3,0.03,1.0,0.9491769744193649,0.8170928955078125
4,2,1,-582.6105426793232,0,uniform_random,0.0068359375,parity2,0.03,1.0,0.964665975363691,0.9507598876953125
4,2,1,-583.4008204314247,1,uniform_random,0.01611328125,parity2,0.03,1.0,0.9605720451334215,0.9478999546595982
4,2,2,-585.0659205185221,2,uniform_random,0.02392578125,parity2,0.03,1.0,0.9600431106953937,0.9537288120814732
4,2,1,-580.8577573290722,3,uniform_random,0.025390625,parity2,0.03,1.0,0.9599396290786767,0.9515489850725446
5,2,3,-487.9257692176042,0,uniform_random,0.0,mux3,0.03,1.0,0.9688734142019407,0.8699667794363839
5,2,3,-484.915995005047,1,uniform_random,0.0,mux3,0.03,1.0,0.9735110978602997,0.8776572091238839
5,2,3,-484.69612336837514,2,uniform_random,0.0,mux3,0.03,1.0,0.9678401825890404,0.8720986502511161
5,2,2,-482.92816043560714,3,uniform_random,0.0,mux3,0.03,1.0,0.9689032864575609,0.8782806396484375
6,3,2,-585.9786411593915,0,uniform_random,0.03271484375,parity2,0.03,1.0,0.9607033118240598,0.9531794956752232
6,3,1,-588.0348383378442,1,uniform_random,0.017578125,parity2,0.03,1.0,0.9616789393518499,0.949066162109375
6,3,2,-586.850062982849,2,uniform_random,0.048828125,parity2,0.03,1.0,0.9626310115433245,0.9535980224609375
6,3,2,-588.1385943071166,3,uniform_random,0.02734375,parity2,0.03,1.0,0.9623956732876727,0.9511893136160714
7,3,1,-512.5843375370357,0,uniform_random,0.0,mux3,0.03,1.0,0.9493422643014712,0.9112374441964286
7,3,1,-511.6109352207213,1,uniform_random,0.0,mux3,0.03,1.0,0.9478652978594001,0.9049813406808036
7,3,1,-512.212446854272,2,uniform_random,0.0,mux3,0.03,1.0,0.9485652108145523,0.9015938895089286
7,3,2,-513.9035817030983,3,uniform_random,0.0,mux3,0.03,1.0,0.947479160726008,0.9079807826450893
8,4,2,-589.5893928793807,0,uniform_random,0.1669921875,parity2,0.03,1.0,0.9694989808930697,0.9736088344029018
8,4,3,-590.5936448968866,1,uniform_random,0.15283203125,parity2,0.03,1.0,0.9720107805405286,0.9750823974609375
8,4,2,-588.8477734423647,2,uniform_random,0.080078125,parity2,0.03,1.0,0.9665775846158796,0.9670628138950893
8,4,1,-585.3490603381081,3,uniform_random,0.07080078125,parity2,0.03,1.0,0.9670422679340193,0.9637843540736607
9,4,5,-406.9879369570918,0,uniform_random,0.0,mux3,0.03,1.0,0.9958715865463778,0.8548344203404018
9,4,4,-406.71876083097857,1,uniform_random,0.0,mux3,0.03,1.0,0.9957535372533138,0.8547385079520089
9,4,4,-406.61817364654735,2,uniform_random,0.0,mux3,0.03,1.0,0.9964964631896799,0.8552398681640625
9,4,6,-406.5834296409711,3,uniform_random,0.0,mux3,0.03,1.0,0.9958692267531918,0.8548387799944196
10,5,1,-579.1393075276764,0,uniform_random,0.2998046875,parity2,0.03,1.0,0.9852893346684934,0.9891793387276786
10,5,1,-577.1663978222871,1,uniform_random,0.35400390625,parity2,0.03,1.0,0.9877453682286034,0.9910452706473214
10,5,2,-580.1398513989986,2,uniform_random,0.28955078125,parity2,0.03,1.0,0.9816024538543721,0.9865831647600446
10,5,2,-579.2484843836922,3,uniform_random,0.2724609375,parity2,0.03,1.0,0.9840640844690781,0.9880174909319196
11,5,1,-493.08026804326556,0,uniform_random,0.0,mux3,0.03,1.0,0.9616367740219791,0.9298924037388393
11,5,2,-496.5223501022319,1,uniform_random,0.00048828125,mux3,0.03,1.0,0.9602544761783905,0.9299098423549107
11,5,1,-494.2828599228333,2,uniform_random,0.00048828125,mux3,0.03,1.0,0.9570330177151123,0.9296308244977679
11,5,1,-494.7255819908566,3,uniform_random,0.0,mux3,0.03,1.0,0.9587975360317417,0.9308755057198661
12,6,1,-603.8118307250895,0,uniform_random,0.74658203125,parity2,0.03,1.0,0.9941631772112336,0.9968893868582589
12,6,1,-609.1040057460257,1,uniform_random,0.56494140625,parity2,0.03,1.0,0.9856719172036658,0.9911608014787946
12,6,1,-598.8035251858184,2,uniform_random,0.71630859375,parity2,0.03,1.0,0.9931994317106861,0.9963269914899554
12,6,2,-609.8959667952861,3,uniform_random,0.5078125,parity2,0.03,1.0,0.9851672899133205,0.9912065778459821
13,6,3,-490.78674559009926,0,uniform_random,0.0,mux3,0.03,1.0,0.9289120481055682,0.9034205845424107
13,6,2,-491.26810220115453,1,uniform_random,0.0,mux3,0.03,1.0,0.9269641304109292,0.9010205950055804
13,6,2,-489.42390111606215,2,uniform_random,0.0,mux3,0.03,1.0,0.9280657960262241,0.9004146030970982
13,6,3,-490.5088359484071,3,uniform_random,0.0,mux3,0.03,1.0,0.9271177342052993,0.9032047816685268
14,7,2,-574.4740273175466,0,uniform_random,0.00146484375,parity2,0.03,1.0,0.9583904482796035,0.93829345703125
14,7,3,-575.0844963547189,1,uniform_random,0.00341796875,parity2,0.03,1.0,0.9592409279667764,0.9357997349330357
14,7,3,-575.6032210678175,2,uniform_random,0.0009765625,parity2,0.03,1.0,0.9610172750662175,0.9352308000837054
14,7,3,-573.434110644605,3,uniform_random,0.0,parity2,0.03,1.0,0.9598570746531563,0.9358280726841518
15,7,3,-478.8827155067843,0,uniform_random,0.0,mux3,0.03,1.0,0.9732326380047948,0.8662218366350446
15,7,4,-478.69481162056917,1,uniform_random,0.0,mux3,0.03,1.0,0.9715872232209648,0.8673379080636161
15,7,3,-480.98982156360245,2,uniform_random,0.0,mux3,0.03,1.0,0.9726256003756859,0.8714665004185268
15,7,1,-477.73152510414235,3,uniform_random,0.0,mux3,0.03,1.0,0.9715413733764623,0.8716801234654018
16,0,1,-594.1825796451792,0,cell_balanced,0.73193359375,parity2,0.03,1.0,0.994684585016482,0.9971378871372768
16,0,3,-604.2196988372103,1,cell_balanced,0.7041015625,parity2,0.03,1.0,0.9939319579447711,0.9967476981026786
16,0,1,-595.8143934925993,2,cell_balanced,0.736328125,parity2,0.03,1.0,0.9947350074927268,0.9971793038504464
16,0,1,-593.5005494237478,3,cell_balanced,0.6943359375,parity2,0.03,1.0,0.9944264048998915,0.9969199044363839
17,0,2,-540.6520392718292,0,cell_balanced,0.98779296875,mux3,0.03,1.0,0.9998744347230432,0.9999367850167411
17,0,2,-539.2442774429175,1,cell_balanced,0.98876953125,mux3,0.03,1.0,0.9998525171854281,0.9999258858816964
17,0,2,-541.0883032345637,2,cell_balanced,0.9912109375,mux3,0.03,1.0,0.9999217434649574,0.9999607631138393
17,0,2,-540.6178257604172,3,cell_balanced,0.986328125,mux3,0.03,1.0,0.999861543181387,0.9999302455357143
18,1,1,-595.4914561047075,0,cell_balanced,0.26904296875,parity2,0.03,1.0,0.9796602801689591,0.9831869942801339
18,1,2,-596.1962331258325,1,cell_balanced,0.17578125,parity2,0.03,1.0,0.9767388796322144,0.9789167131696429
18,1,1,-589.1179267486255,2,cell_balanced,0.19189453125,parity2,0.03,1.0,0.9773868707479423,0.9800393240792411
18,1,1,-587.4668029930643,3,cell_balanced,0.3134765625,parity2,0.03,1.0,0.9848823384967768,0.9882725306919643
19,1,2,-478.4127593077368,0,cell_balanced,0.0,mux3,0.03,1.0,0.9452745473695172,0.8865923200334821
19,1,3,-477.6392423346258,1,cell_balanced,0.0,mux3,0.03,1.0,0.9435078034356682,0.888763427734375
19,1,4,-479.4079404403186,2,cell_balanced,0.0,mux3,0.03,1.0,0.9445767663213859,0.8840876988002232
19,1,3,-481.05482271781534,3,cell_balanced,0.0,mux3,0.03,1.0,0.9449933337120361,0.8862675258091518
20,2,2,-604.2361447944295,0,cell_balanced,0.609375,parity2,0.03,1.0,0.991278317262659,0.9947139195033482
20,2,2,-612.4739290200534,1,cell_balanced,0.51025390625,parity2,0.03,1.0,0.9891308011042946,0.992950439453125
20,2,1,-603.628655371994,2,cell_balanced,0.62841796875,parity2,0.03,1.0,0.9928218136862689,0.9956948416573661
20,2,2,-623.4627745458916,3,cell_balanced,0.080078125,parity2,0.03,1.0,0.9789313915944063,0.9788774762834821
21,2,1,-526.8411361624652,0,cell_balanced,0.2626953125,mux3,0.03,1.0,0.9879413290327962,0.9904654366629464
21,2,2,-525.6988221436312,1,cell_balanced,0.21240234375,mux3,0.03,1.0,0.9867773525246822,0.9887717110770089
21,2,1,-525.2757897337676,2,cell_balanced,0.2265625,mux3,0.03,1.0,0.9847430659734792,0.9871281215122768
21,2,1,-528.898021369953,3,cell_balanced,0.1494140625,mux3,0.03,1.0,0.9857818243583271,0.9874747140066964
22,3,1,-584.0500268259949,0,cell_balanced,0.0146484375,parity2,0.03,1.0,0.9532605177260167,0.9499555315290179
22,3,2,-586.0221706923484,1,cell_balanced,0.0244140625,parity2,0.03,1.0,0.9532688664528121,0.9515250069754464
22,3,3,-584.1868042044672,2,cell_balanced,0.033203125,parity2,0.03,1.0,0.9545175207743585,0.9521004813058036
22,3,1,-580.3444695184515,3,cell_balanced,0.01318359375,parity2,0.03,1.0,0.9513228762065784,0.9483860560825893
23,3,4,-479.21780227024743,0,cell_balanced,0.0,mux3,0.03,1.0,0.9479852980284191,0.8127310616629464
23,3,2,-479.72865009865916,1,cell_balanced,0.0,mux3,0.03,1.0,0.9432474381676255,0.8178492954799107
23,3,3,-478.5708368056474,2,cell_balanced,0.0,mux3,0.03,1.0,0.9503359906762782,0.8170754568917411
23,3,2,-480.72224796851066,3,cell_balanced,0.0,mux3,0.03,1.0,0.9485680625862817,0.8232312883649554
24,4,1,-565.6406623627207,0,cell_balanced,0.0009765625,parity2,0.03,1.0,0.9306849087596615,0.9198346819196429
24,4,1,-562.5662719530378,1,cell_balanced,0.0,parity2,0.03,1.0,0.9214909969034061,0.9067426409040179
24,4,1,-561.8371692694633,2,cell_balanced,0.00048828125,parity2,0.03,1.0,0.9182799445317408,0.9023393903459821
24,4,1,-562.8483238679977,3,cell_balanced,0.0,parity2,0.03,1.0,0.9243785403713078,0.9122227260044643
25,4,3,-505.44499893238265,0,cell_balanced,0.0048828125,mux3,0.03,1.0,0.9559191612548742,0.9542497907366071
25,4,1,-505.7242359292433,1,cell_balanced,0.02099609375,mux3,0.03,1.0,0.9553836905304856,0.9565277099609375
25,4,2,-504.7407761061955,2,cell_balanced,0.0078125,mux3,0.03,1.0,0.9569562094285954,0.9558977399553571
25,4,3,-505.52634247521786,3,cell_balanced,0.0283203125,mux3,0.03,1.0,0.957565998729903,0.960662841796875
26,5,1,-601.814597659445,0,cell_balanced,0.79345703125,parity2,0.03,1.0,0.995178791306774,0.9973558698381696
26,5,2,-595.0197318872071,1,cell_balanced,0.71630859375,parity2,0.03,1.0,0.9940398098643922,0.9965297154017857
26,5,1,-593.3836037160852,2,cell_balanced,0.70263671875,parity2,0.03,1.0,0.9940574571986334,0.9965253557477679
26,5,2,-593.2413468179147,3,cell_balanced,0.68115234375,parity2,0.03,1.0,0.9947254852586702,0.9969068254743304
27,5,1,-514.3658792288023,0,cell_balanced,0.00732421875,mux3,0.03,1.0,0.9673471434166779,0.9660884312220982
27,5,1,-514.3123065546455,1,cell_balanced,0.0166015625,mux3,0.03,1.0,0.9686341592859379,0.9681636265345982
27,5,1,-516.4161516436646,2,cell_balanced,0.0244140625,mux3,0.03,1.0,0.9654724219063503,0.9654497419084821
27,5,1,-513.9666285256105,3,cell_balanced,0.0263671875,mux3,0.03,1.0,0.9692868124840521,0.9695805140904018
28,6,2,-612.5623283580984,0,cell_balanced,1.0,parity2,0.03,1.0,1.0,1.0
28,6,1,-614.3362970224366,1,cell_balanced,1.0,parity2,0.03,1.0,1.0,1.0
28,6,1,-614.4887604437704,2,cell_balanced,1.0,parity2,0.03,1.0,1.0,1.0
28,6,2,-622.3844283355828,3,cell_balanced,1.0,parity2,0.03,1.0,1.0,1.0
29,6,3,-533.5208255253197,0,cell_balanced,0.8505859375,mux3,0.03,1.0,0.997749223721752,0.9988032749720982
29,6,2,-535.0569714901086,1,cell_balanced,0.787109375,mux3,0.03,1.0,0.9965483424335592,0.9981209891183036
29,6,2,-533.4936119888775,2,cell_balanced,0.82470703125,mux3,0.03,1.0,0.9974495406360135,0.9986354282924107
29,6,2,-532.5089362095437,3,cell_balanced,0.83984375,mux3,0.03,1.0,0.997717123719135,0.9988032749720982
30,7,2,-596.3111838116325,0,cell_balanced,0.138671875,parity2,0.03,1.0,0.9805875809213124,0.9813297816685268
30,7,3,-598.098149445084,1,cell_balanced,0.1494140625,parity2,0.03,1.0,0.981133451347982,0.9821406773158482
30,7,2,-594.9954723056892,2,cell_balanced,0.17822265625,parity2,0.03,1.0,0.9817852419863128,0.9836600167410714
30,7,3,-596.3822305237162,3,cell_balanced,0.14599609375,parity2,0.03,1.0,0.9808985688646603,0.9820600237165179
31,7,3,-516.414207561636,0,cell_balanced,0.08154296875,mux3,0.03,1.0,0.9759839481415257,0.9784306117466518
31,7,2,-516.8054751101764,1,cell_balanced,0.03955078125,mux3,0.03,1.0,0.9725919541547899,0.9741494315011161
31,7,5,-517.9114820263313,2,cell_balanced,0.05029296875,mux3,0.03,1.0,0.9737810236983891,0.9756208147321429
31,7,5,-516.9291292726944,3,cell_balanced,0.02587890625,mux3,0.03,1.0,0.9727842858185597,0.9744284493582589
32,0,1,-598.0853377484433,0,conflict_enriched,0.6494140625,parity2,0.03,1.0,0.9920427433003001,0.995452880859375
32,0,3,-598.280556474018,1,conflict_enriched,0.5927734375,parity2,0.03,1.0,0.9896159175053104,0.9938398088727679
32,0,1,-597.754814035854,2,conflict_enriched,0.7900390625,parity2,0.03,1.0,0.9956098688697855,0.9976414271763393
32,0,1,-597.7872588498517,3,conflict_enriched,0.67333984375,parity2,0.03,1.0,0.9914856681155513,0.9951280866350446
33,0,3,-561.4629867956565,0,conflict_enriched,0.72607421875,mux3,0.03,1.0,0.9957337047676206,0.9975128173828125
33,0,3,-564.1098374850778,1,conflict_enriched,0.82666015625,mux3,0.03,1.0,0.9957710333733709,0.9977068219866071
33,0,1,-557.5328560546999,2,conflict_enriched,0.880859375,mux3,0.03,1.0,0.9982206350062046,0.9990626743861607
33,0,1,-564.1720224970493,3,conflict_enriched,0.65673828125,mux3,0.03,1.0,0.9939106921189927,0.9962659563337054
34,1,4,-574.637614735914,0,conflict_enriched,0.0126953125,parity2,0.03,1.0,0.9519018561502788,0.9448983328683036
34,1,3,-574.3677399352179,1,conflict_enriched,0.0068359375,parity2,0.03,1.0,0.950847237314297,0.9458792550223214
34,1,1,-573.4795704983247,2,conflict_enriched,0.01171875,parity2,0.03,1.0,0.9522475828902488,0.9472874232700893
34,1,3,-576.2989747576445,3,conflict_enriched,0.00927734375,parity2,0.03,1.0,0.9549549855393237,0.9484383719308036
35,1,2,-559.6889259187767,0,conflict_enriched,0.947265625,mux3,0.03,1.0,0.9993970046880997,0.9996904645647321
35,1,4,-561.064090196866,1,conflict_enriched,0.93212890625,mux3,0.03,1.0,0.999134941987594,0.9995574951171875
35,1,2,-561.1200498385479,2,conflict_enriched,0.96826171875,mux3,0.03,1.0,0.9996241134844819,0.9998103550502232
35,1,2,-561.9707249789305,3,conflict_enriched,0.9638671875,mux3,0.03,1.0,0.9995311742651213,0.9997623988560268
36,2,3,-593.1306798607773,0,conflict_enriched,0.76708984375,parity2,0.03,1.0,0.9964819956128633,0.9981122698102679
36,2,4,-595.1178008552997,1,conflict_enriched,0.87890625,parity2,0.03,1.0,0.9982325830565417,0.9990757533482143
36,2,3,-594.1445937324914,2,conflict_enriched,0.8232421875,parity2,0.03,1.0,0.9972711228069768,0.9985547746930804
36,2,2,-596.4680579815778,3,conflict_enriched,0.80712890625,parity2,0.03,1.0,0.9974383997712517,0.9986158098493304
37,2,1,-547.3949485265427,0,conflict_enriched,0.171875,mux3,0.03,1.0,0.9813471553263923,0.9833722795758929
37,2,2,-550.1821321917564,1,conflict_enriched,0.13720703125,mux3,0.03,1.0,0.9834027290011461,0.9842638288225446
37,2,1,-547.2966303229582,2,conflict_enriched,0.12744140625,mux3,0.03,1.0,0.9828670985434641,0.9833395821707589
37,2,1,-548.5677986236744,3,conflict_enriched,0.09765625,mux3,0.03,1.0,0.979460971354939,0.9783434186662946
38,3,1,-597.9879288193982,0,conflict_enriched,0.412109375,parity2,0.03,1.0,0.9855878676745203,0.9901624407087054
38,3,1,-601.9255420327688,1,conflict_enriched,0.4326171875,parity2,0.03,1.0,0.9832105890173283,0.9887935093470982
38,3,1,-595.923633023525,2,conflict_enriched,0.34765625,parity2,0.03,1.0,0.9845154204732317,0.9889090401785714
38,3,1,-595.1924290488242,3,conflict_enriched,0.40966796875,parity2,0.03,1.0,0.984559110723609,0.9893842424665179
39,3,2,-555.5407886315113,0,conflict_enriched,0.63330078125,mux3,0.03,1.0,0.9943789854095606,0.9966387067522321
39,3,2,-553.296422406404,1,conflict_enriched,0.5478515625,mux3,0.03,1.0,0.9936930416633498,0.9958125523158482
39,3,2,-554.5800563263687,2,conflict_enriched,0.69873046875,mux3,0.03,1.0,0.9957781532186966,0.9975302559988839
39,3,2,-552.2854513634134,3,conflict_enriched,0.4736328125,mux3,0.03,1.0,0.9918975137900521,0.9944414411272321
40,4,1,-595.7041250866242,0,conflict_enriched,0.29248046875,parity2,0.03,1.0,0.9817124334214595,0.9868948800223214
40,4,1,-594.3188685888041,1,conflict_enriched,0.3056640625,parity2,0.03,1.0,0.9844388677599841,0.9885602678571429
40,4,1,-592.5498617303313,2,conflict_enriched,0.294921875,parity2,0.03,1.0,0.9851273416815604,0.9887629917689732
40,4,1,-592.1762241126838,3,conflict_enriched,0.2783203125,parity2,0.03,1.0,0.9838009568799507,0.9881678989955357
41,4,2,-555.3618276937859,0,conflict_enriched,0.7578125,mux3,0.03,1.0,0.9963911968196326,0.9979880196707589
41,4,1,-557.8428710643037,1,conflict_enriched,0.77197265625,mux3,0.03,1.0,0.9960662290184568,0.9978288922991071
41,4,3,-557.4612640060087,2,conflict_enriched,0.80615234375,mux3,0.03,1.0,0.9970028262484788,0.9983585902622768
41,4,3,-555.5718003794185,3,conflict_enriched,0.69189453125,mux3,0.03,1.0,0.9948320018079594,0.9969438825334821
42,5,1,-598.1109683186377,0,conflict_enriched,0.80615234375,parity2,0.03,1.0,0.9962782675110625,0.9979836600167411
42,5,2,-595.6232245587669,1,conflict_enriched,0.77587890625,parity2,0.03,1.0,0.9949445711841752,0.9972163609095982
42,5,1,-596.5955790313149,2,conflict_enriched,0.8095703125,parity2,0.03,1.0,0.9958758865666327,0.9977678571428571
42,5,2,-598.709066847088,3,conflict_enriched,0.779296875,parity2,0.03,1.0,0.9951610225752299,0.9973580496651786
43,5,3,-569.631165183646,0,conflict_enriched,0.99755859375,mux3,0.03,1.0,0.9999782443254556,0.9999891008649554
43,5,3,-568.3864186182975,1,conflict_enriched,0.99755859375,mux3,0.03,1.0,0.9999782443254556,0.9999891008649554
43,5,2,-567.4138750047152,2,conflict_enriched,1.0,mux3,0.03,1.0,1.0,1.0
43,5,3,-568.428454772402,3,conflict_enriched,0.99755859375,mux3,0.03,1.0,0.9999782145085742,0.9999891008649554
44,6,1,-600.9546895528504,0,conflict_enriched,0.4365234375,parity2,0.03,1.0,0.9880874466601549,0.9914659772600446
44,6,2,-601.6632048030278,1,conflict_enriched,0.82275390625,parity2,0.03,1.0,0.9962441378307323,0.997955322265625
44,6,1,-595.632834295926,2,conflict_enriched,0.47802734375,parity2,0.03,1.0,0.985968118103611,0.9904806954520089
44,6,1,-598.8290442307818,3,conflict_enriched,0.61376953125,parity2,0.03,1.0,0.9923249004491002,0.9952828543526786
45,6,2,-564.8155973153299,0,conflict_enriched,0.93115234375,mux3,0.03,1.0,0.9989422354830294,0.9994528634207589
45,6,2,-563.6904384722731,1,conflict_enriched,0.91064453125,mux3,0.03,1.0,0.9988312655695236,0.9993831089564732
45,6,1,-561.1788537418,2,conflict_enriched,0.88671875,mux3,0.03,1.0,0.9983094296790489,0.9990975516183036
45,6,1,-563.4472129423402,3,conflict_enriched,0.92822265625,mux3,0.03,1.0,0.9988014529476662,0.9993831089564732
46,7,2,-588.3283518703762,0,conflict_enriched,0.294921875,parity2,0.03,1.0,0.9771446128460257,0.9844512939453125
46,7,1,-594.8845415905539,1,conflict_enriched,0.1669921875,parity2,0.03,1.0,0.9682176366206099,0.9751674107142857
46,7,2,-586.3427697237188,2,conflict_enriched,0.37451171875,parity2,0.03,1.0,0.9824383190100986,0.9892338344029018
46,7,1,-589.0198627868658,3,conflict_enriched,0.369140625,parity2,0.03,1.0,0.9792039540967236,0.9868011474609375
47,7,2,-550.6314301292585,0,conflict_enriched,0.6142578125,mux3,0.03,1.0,0.9942146304996642,0.9965951102120536
47,7,3,-550.0429686493376,1,conflict_enriched,0.7763671875,mux3,0.03,1.0,0.9967538212122543,0.9982365199497768
47,7,1,-550.3340307376013,2,conflict_enriched,0.76806640625,mux3,0.03,1.0,0.9969654145814159,0.9983411516462054
47,7,2,-550.6931013652628,3,conflict_enriched,0.56298828125,mux3,0.03,1.0,0.993332189245395,0.9959520612444196
0,0,2,-624.1555870088522,0,uniform_random,0.009765625,parity2,0.02,1.0,0.941379255073436,0.9144439697265625
0,0,2,-625.0716305542785,1,uniform_random,0.01806640625,parity2,0.02,1.0,0.9368105229533421,0.9287370954241071
0,0,3,-626.5964635874958,2,uniform_random,0.02099609375,parity2,0.02,1.0,0.9397545459839692,0.9277409144810268
0,0,3,-625.9502785510628,3,uniform_random,0.0283203125,parity2,0.02,1.0,0.9355537243636157,0.9275599888392857
1,0,1,-491.40275085204166,0,uniform_random,0.0,mux3,0.02,1.0,0.9412328584452585,0.8497161865234375
1,0,2,-492.77390792236025,1,uniform_random,0.0,mux3,0.02,1.0,0.9390880194168896,0.8550654820033482
1,0,4,-493.79283422783504,2,uniform_random,0.0,mux3,0.02,1.0,0.9401491127756919,0.8529859270368304
1,0,2,-492.72900208601357,3,uniform_random,0.0,mux3,0.02,1.0,0.9389950695486426,0.8502415248325893
2,1,3,-660.5453362459215,0,uniform_random,0.76220703125,parity2,0.02,1.0,0.9958545760155323,0.9976109095982143
2,1,2,-654.0249719315243,1,uniform_random,0.68212890625,parity2,0.02,1.0,0.9947019384414638,0.9967891148158482
2,1,1,-649.566973012361,2,uniform_random,0.73388671875,parity2,0.02,1.0,0.9959645811399468,0.9976261683872768
2,1,1,-656.1268673517344,3,uniform_random,0.6455078125,parity2,0.02,1.0,0.9941344358673297,0.9963509695870536
3,1,3,-518.4336080260497,0,uniform_random,0.0,mux3,0.02,1.0,0.9499322317659716,0.8296530587332589
3,1,1,-518.7486575017386,1,uniform_random,0.0,mux3,0.02,1.0,0.9479081063819985,0.8379429408482143
3,1,3,-516.367118680791,2,uniform_random,0.0,mux3,0.02,1.0,0.9450750916008673,0.8515210832868304
3,1,2,-517.8572604035504,3,uniform_random,0.0,mux3,0.02,1.0,0.9481449163137257,0.8395603724888393
4,2,1,-633.9445410611245,0,uniform_random,0.01708984375,parity2,0.02,1.0,0.9672268621170625,0.9585157121930804
4,2,1,-633.6262567998401,1,uniform_random,0.02880859375,parity2,0.02,1.0,0.9650962436113498,0.958465576171875
4,2,2,-634.9938641622715,2,uniform_random,0.0361328125,parity2,0.02,1.0,0.9612069508977641,0.9561070033482143
4,2,1,-630.94047586347,3,uniform_random,0.01904296875,parity2,0.02,1.0,0.9654910468083465,0.9580230712890625
5,2,3,-536.1591164403266,0,uniform_random,0.0,mux3,0.02,1.0,0.969849384623867,0.8749934605189732
5,2,3,-533.722155210453,1,uniform_random,0.0,mux3,0.02,1.0,0.9716508226290161,0.8797847202845982
5,2,2,-533.76380605139,2,uniform_random,0.0,mux3,0.02,1.0,0.9710884634669258,0.8811623709542411
5,2,1,-531.9136560643569,3,uniform_random,0.0,mux3,0.02,1.0,0.973075394421115,0.8834402901785714
6,3,2,-637.8808967233964,0,uniform_random,0.05810546875,parity2,0.02,1.0,0.9657895201806106,0.9594072614397321
6,3,1,-639.991038904532,1,uniform_random,0.0302734375,parity2,0.02,1.0,0.9641025811298601,0.9567892892020089
6,3,2,-638.9004133302573,2,uniform_random,0.03662109375,parity2,0.02,1.0,0.9636068690870568,0.9542759486607143
6,3,2,-640.1174980449935,3,uniform_random,0.0693359375,parity2,0.02,1.0,0.9666422531721073,0.9625156947544643
7,3,1,-561.9093490893929,0,uniform_random,0.00048828125,mux3,0.02,1.0,0.9502981956493114,0.9233420235770089
7,3,1,-561.5336611277785,1,uniform_random,0.00146484375,mux3,0.02,1.0,0.9488022379835582,0.9117954799107143
7,3,1,-561.9707076426419,2,uniform_random,0.00048828125,mux3,0.02,1.0,0.9493424410729825,0.9236471993582589
7,3,2,-563.665134443246,3,uniform_random,0.0,mux3,0.02,1.0,0.950403151071881,0.9178052629743304
8,4,2,-640.5333460456156,0,uniform_random,0.103515625,parity2,0.02,1.0,0.968077650621936,0.9694606236049107
8,4,2,-642.1982075449316,1,uniform_random,0.11865234375,parity2,0.02,1.0,0.9726593935512116,0.975860595703125
8,4,2,-640.4193126572313,2,uniform_random,0.11474609375,parity2,0.02,1.0,0.9721283144274996,0.9738878522600446
8,4,1,-635.6741171159595,3,uniform_random,0.056640625,parity2,0.02,1.0,0.9688922393029978,0.9657636369977679
9,4,4,-451.1728212447993,0,uniform_random,0.0,mux3,0.02,1.0,0.9977197518642537,0.8559068952287946
9,4,4,-451.576426308068,1,uniform_random,0.0,mux3,0.02,1.0,0.9975432785218405,0.8557935442243304
9,4,3,-450.5405282184138,2,uniform_random,0.0,mux3,0.02,1.0,0.9973212705419571,0.8557107107979911
9,4,6,-451.441344225976,3,uniform_random,0.0,mux3,0.02,1.0,0.9974248948537493,0.8557477678571429
10,5,1,-631.0378299022806,0,uniform_random,0.46630859375,parity2,0.02,1.0,0.9902119015905245,0.9934169224330357
10,5,1,-629.3122674536158,1,uniform_random,0.54736328125,parity2,0.02,1.0,0.9911460155002801,0.9944436209542411
10,5,2,-631.9896280275595,2,uniform_random,0.4892578125,parity2,0.02,1.0,0.9903391792083853,0.9936065673828125
10,5,2,-631.2008107376628,3,uniform_random,0.3984375,parity2,0.02,1.0,0.9906224140244707,0.9931618826729911
11,5,1,-541.9316299436758,0,uniform_random,0.00146484375,mux3,0.02,1.0,0.9639194522335605,0.9420950753348214
11,5,1,-544.8766331108664,1,uniform_random,0.00146484375,mux3,0.02,1.0,0.9633767466558749,0.9397147042410714
11,5,1,-543.0106140700783,2,uniform_random,0.0009765625,mux3,0.02,1.0,0.9641775301208433,0.9415152413504464
11,5,1,-544.8599154938352,3,uniform_random,0.0,mux3,0.02,1.0,0.9609379791998798,0.9380950927734375
12,6,1,-652.6335123885498,0,uniform_random,0.8134765625,parity2,0.02,1.0,0.9959417861341073,0.9978724888392857
12,6,1,-657.6520321599215,1,uniform_random,0.671875,parity2,0.02,1.0,0.991608741553133,0.9952436174665179
12,6,1,-646.6834704686383,2,uniform_random,0.837890625,parity2,0.02,1.0,0.9965200781597581,0.9981667654854911
12,6,2,-658.4026505026475,3,uniform_random,0.673828125,parity2,0.02,1.0,0.9916249363792942,0.9952828543526786
13,6,3,-537.1322443354873,0,uniform_random,0.00048828125,mux3,0.02,1.0,0.93187655959328,0.9139426095145089
13,6,2,-537.9032547805903,1,uniform_random,0.0,mux3,0.02,1.0,0.9337334314405281,0.9127088274274554
13,6,2,-536.2567425407628,2,uniform_random,0.0,mux3,0.02,1.0,0.9309742730746541,0.9093802315848214
13,6,2,-537.2007456873494,3,uniform_random,0.0,mux3,0.02,1.0,0.9297033668404655,0.9036167689732143
14,7,2,-625.7323812654017,0,uniform_random,0.00732421875,parity2,0.02,1.0,0.9646759576296322,0.9477364676339286
14,7,2,-627.0724311718311,1,uniform_random,0.0009765625,parity2,0.02,1.0,0.964476778732024,0.9447479248046875
14,7,3,-627.1727998834388,2,uniform_random,0.0,parity2,0.02,1.0,0.9652619338915781,0.9454149518694196
14,7,3,-625.0416181329921,3,uniform_random,0.0,parity2,0.02,1.0,0.9643437485858278,0.9367305210658482
15,7,3,-527.4371235949408,0,uniform_random,0.0,mux3,0.02,1.0,0.9740479742376691,0.8776463099888393
15,7,4,-527.5664474128961,1,uniform_random,0.0,mux3,0.02,1.0,0.9744603928222487,0.8734392438616071
15,7,3,-530.2208468287513,2,uniform_random,0.0,mux3,0.02,1.0,0.973218168298201,0.8770163399832589
15,7,1,-525.0199146313295,3,uniform_random,0.0,mux3,0.02,1.0,0.9743191672932188,0.8808680943080357
16,0,1,-646.0055911008146,0,cell_balanced,0.79736328125,parity2,0.02,1.0,0.996051948862038,0.9979226248604911
16,0,3,-655.6834452132971,1,cell_balanced,0.84912109375,parity2,0.02,1.0,0.9972486962526007,0.9985678536551339
16,0,1,-647.5374179267678,2,cell_balanced,0.79638671875,parity2,0.02,1.0,0.9961964435991367,0.9979422433035714
16,0,1,-645.6863529524231,3,cell_balanced,0.85791015625,parity2,0.02,1.0,0.9975987932954749,0.9987509591238839
17,0,2,-590.5615259993929,0,cell_balanced,0.99658203125,mux3,0.02,1.0,0.9999564716126932,0.9999782017299107
17,0,2,-589.4601916285116,1,cell_balanced,0.99560546875,mux3,0.02,1.0,0.9999564801318022,0.9999782017299107
17,0,2,-590.5041729736416,2,cell_balanced,0.99267578125,mux3,0.02,1.0,0.9999347840910205,0.9999673025948661
17,0,2,-590.1203781236306,3,cell_balanced,0.99560546875,mux3,0.02,1.0,0.9999564971700201,0.9999782017299107
18,1,1,-645.8745358747491,0,cell_balanced,0.33154296875,parity2,0.02,1.0,0.9827845015223987,0.9865831647600446
18,1,2,-646.3060836369422,1,cell_balanced,0.33447265625,parity2,0.02,1.0,0.9810104098570589,0.9855150495256696
18,1,1,-639.6027764791477,2,cell_balanced,0.17529296875,parity2,0.02,1.0,0.9799535398465306,0.9808480398995536
18,1,1,-638.3286651758995,3,cell_balanced,0.3779296875,parity2,0.02,1.0,0.985298313809353,0.9887651715959821
19,1,2,-524.2016842997336,0,cell_balanced,0.0,mux3,0.02,1.0,0.949668369403695,0.8975851876395089
19,1,2,-523.3466970849236,1,cell_balanced,0.0,mux3,0.02,1.0,0.9480852442149116,0.8955252511160714
19,1,3,-525.4021240347271,2,cell_balanced,0.0,mux3,0.02,1.0,0.9487361360872455,0.8927459716796875
19,1,3,-527.3844600171439,3,cell_balanced,0.0,mux3,0.02,1.0,0.9485010406261996,0.8996233258928571
20,2,2,-653.1784457624094,0,cell_balanced,0.67919921875,parity2,0.02,1.0,0.9948238873566609,0.9969133649553571
20,2,2,-661.5238185785458,1,cell_balanced,0.5576171875,parity2,0.02,1.0,0.9913123298052409,0.9945613316127232
20,2,1,-652.518715750515,2,cell_balanced,0.7216796875,parity2,0.02,1.0,0.9957983733238482,0.9975651332310268
20,2,1,-672.0885442125226,3,cell_balanced,0.28759765625,parity2,0.02,1.0,0.9864095485138039,0.9891815185546875
21,2,1,-574.7862610000027,0,cell_balanced,0.357421875,mux3,0.02,1.0,0.9888833231183537,0.9917537144252232
21,2,2,-573.8999822874474,1,cell_balanced,0.27587890625,mux3,0.02,1.0,0.9896878060063943,0.9914943150111607
21,2,1,-573.4106123488107,2,cell_balanced,0.30712890625,mux3,0.02,1.0,0.9893375300622317,0.991607666015625
21,2,1,-576.5664042639573,3,cell_balanced,0.17626953125,mux3,0.02,1.0,0.9879456886868141,0.9893123081752232
22,3,1,-636.1475850031774,0,cell_balanced,0.125,parity2,0.02,1.0,0.9699138018663801,0.9735783168247768
22,3,2,-638.3092508941061,1,cell_balanced,0.056640625,parity2,0.02,1.0,0.9700121826665983,0.9708600725446429
22,3,2,-636.2146218039194,2,cell_balanced,0.0263671875,parity2,0.02,1.0,0.9630476726441733,0.9613538469587054
22,3,1,-631.9772623273553,3,cell_balanced,0.0478515625,parity2,0.02,1.0,0.9644936636060121,0.9645102364676339
23,3,2,-527.3625630980561,0,cell_balanced,0.0,mux3,0.02,1.0,0.9512092738883994,0.8253173828125
23,3,2,-528.1250328167145,1,cell_balanced,0.0,mux3,0.02,1.0,0.9500566192761131,0.8287854875837054
23,3,3,-526.9126813557658,2,cell_balanced,0.0,mux3,0.02,1.0,0.9537204580302348,0.8349064418247768
23,3,2,-528.9083231559072,3,cell_balanced,0.0,mux3,0.02,1.0,0.9495878936407645,0.8216094970703125
24,4,1,-614.0410759938752,0,cell_balanced,0.00341796875,parity2,0.02,1.0,0.933610066223464,0.9256918770926339
24,4,1,-610.9224456479496,1,cell_balanced,0.0,parity2,0.02,1.0,0.9269185915139043,0.9068668910435268
24,4,1,-609.7315358951279,2,cell_balanced,0.00390625,parity2,0.02,1.0,0.9312823197956286,0.9247000558035714
24,4,1,-611.2216509037321,3,cell_balanced,0.00341796875,parity2,0.02,1.0,0.9335249539354739,0.9252188546316964
25,4,3,-553.3730527691363,0,cell_balanced,0.03466796875,mux3,0.02,1.0,0.9642204046665361,0.9682464599609375
25,4,1,-553.503627888798,1,cell_balanced,0.01611328125,mux3,0.02,1.0,0.9601228452958435,0.9634028843470982
25,4,2,-552.4902128573829,2,cell_balanced,0.03271484375,mux3,0.02,1.0,0.9631772461619027,0.9670322963169643
25,4,3,-553.2585225932828,3,cell_balanced,0.03515625,mux3,0.02,1.0,0.9644597319949655,0.9676491873604911
26,5,1,-652.5904384440664,0,cell_balanced,0.80908203125,parity2,0.02,1.0,0.9966091859098573,0.99810791015625
26,5,1,-645.5089828974474,1,cell_balanced,0.87060546875,parity2,0.02,1.0,0.9977585031612028,0.998809814453125
26,5,1,-643.6061806686882,2,cell_balanced,0.830078125,parity2,0.02,1.0,0.9972901587559811,0.9985198974609375
26,5,1,-643.3802386435844,3,cell_balanced,0.7900390625,parity2,0.02,1.0,0.996436950824159,0.9979989188058036
27,5,1,-561.9536129808417,0,cell_balanced,0.0185546875,mux3,0.02,1.0,0.9725627165727884,0.9702562604631696
27,5,1,-561.5605057236796,1,cell_balanced,0.015625,mux3,0.02,1.0,0.974283163408914,0.9714072091238839
27,5,1,-563.8329199846812,2,cell_balanced,0.0107421875,mux3,0.02,1.0,0.9731689534056535,0.9697156633649554
27,5,1,-560.9907629227458,3,cell_balanced,0.03125,mux3,0.02,1.0,0.9766929850623899,0.9758540562220982
28,6,1,-664.4148570364307,0,cell_balanced,1.0,parity2,0.02,1.0,1.0,1.0
28,6,1,-666.0902773401991,1,cell_balanced,1.0,parity2,0.02,1.0,1.0,1.0
28,6,1,-666.1918217482589,2,cell_balanced,1.0,parity2,0.02,1.0,1.0,1.0
28,6,2,-674.116608369831,3,cell_balanced,1.0,parity2,0.02,1.0,1.0,1.0
29,6,2,-581.4937004599926,0,cell_balanced,0.8388671875,mux3,0.02,1.0,0.9979877396050513,0.9989188058035714
29,6,2,-584.0592617982604,1,cell_balanced,0.830078125,mux3,0.02,1.0,0.9977906649273598,0.9988163539341518
29,6,1,-582.435957175694,2,cell_balanced,0.87353515625,mux3,0.02,1.0,0.9983948784718436,0.9991694859095982
29,6,2,-581.2412674137023,3,cell_balanced,0.88330078125,mux3,0.02,1.0,0.9986125353168182,0.999267578125
30,7,2,-647.4218957438989,0,cell_balanced,0.1650390625,parity2,0.02,1.0,0.9807426989873028,0.9823564801897321
30,7,3,-649.3073836823149,1,cell_balanced,0.1337890625,parity2,0.02,1.0,0.9816037807055948,0.9815586635044643
30,7,2,-646.4140849172903,2,cell_balanced,0.12841796875,parity2,0.02,1.0,0.9830039665482533,0.9832175118582589
30,7,2,-647.660935163452,3,cell_balanced,0.25830078125,parity2,0.02,1.0,0.9847171401950917,0.9871477399553571
31,7,3,-565.1335515726895,0,cell_balanced,0.10400390625,mux3,0.02,1.0,0.9775326944660413,0.9806169782366071
31,7,2,-565.0893590010769,1,cell_balanced,0.08349609375,mux3,0.02,1.0,0.9756209105721189,0.9782780238560268
31,7,2,-566.9150157588683,2,cell_balanced,0.0947265625,mux3,0.02,1.0,0.9779911694835157,0.9798474993024554
31,7,5,-565.8137193062566,3,cell_balanced,0.0986328125,mux3,0.02,1.0,0.9768015866636007,0.9809679303850446
32,0,1,-648.536192627486,0,conflict_enriched,0.7080078125,parity2,0.02,1.0,0.9943627799345133,0.9967280796595982
32,0,2,-648.6875726301233,1,conflict_enriched,0.60888671875,parity2,0.02,1.0,0.990323139855963,0.9940403529575893
32,0,1,-647.6984802946826,2,conflict_enriched,0.71826171875,parity2,0.02,1.0,0.9937881852021577,0.9965166364397321
32,0,1,-647.598260033712,3,conflict_enriched,0.61572265625,parity2,0.02,1.0,0.9909364411599455,0.9945046561104911
33,0,2,-609.926331909206,0,conflict_enriched,0.84619140625,mux3,0.02,1.0,0.9976842442180466,0.9987596784319196
33,0,2,-612.5974107318902,1,conflict_enriched,0.84521484375,mux3,0.02,1.0,0.9977749769881827,0.9987945556640625
33,0,1,-605.0847164272908,2,conflict_enriched,0.80224609375,mux3,0.02,1.0,0.9965152776418507,0.9980926513671875
33,0,1,-612.4932238954493,3,conflict_enriched,0.8046875,mux3,0.02,1.0,0.9969277920664059,0.9983040945870536
34,1,3,-625.3773766134772,0,conflict_enriched,0.0107421875,parity2,0.02,1.0,0.9590196590195964,0.9535195486886161
34,1,2,-624.9001937840183,1,conflict_enriched,0.0126953125,parity2,0.02,1.0,0.9606455458758789,0.9532819475446429
34,1,1,-623.663411831718,2,conflict_enriched,0.01708984375,parity2,0.02,1.0,0.9579941989638583,0.955657958984375
34,1,3,-626.8875491704241,3,conflict_enriched,0.04150390625,parity2,0.02,1.0,0.960450635051867,0.9611009870256696
35,1,2,-608.1037616229073,0,conflict_enriched,0.9775390625,mux3,0.02,1.0,0.9997229585761394,0.9998604910714286
35,1,3,-609.2708197476361,1,conflict_enriched,0.98193359375,mux3,0.02,1.0,0.9997963698679524,0.9998975481305804
35,1,2,-609.7693194629269,2,conflict_enriched,0.99072265625,mux3,0.02,1.0,0.9998781852607692,0.99993896484375
35,1,2,-610.9490014851854,3,conflict_enriched,0.98486328125,mux3,0.02,1.0,0.9998574518793018,0.9999280657087054
36,2,2,-643.7002710688455,0,conflict_enriched,0.8330078125,parity2,0.02,1.0,0.9978642295631346,0.9988752092633929
36,2,3,-646.1943775369384,1,conflict_enriched,0.88671875,parity2,0.02,1.0,0.9985252314880443,0.999237060546875
36,2,2,-645.6381539418304,2,conflict_enriched,0.92333984375,parity2,0.02,1.0,0.9990348232891447,0.9995073590959821
36,2,2,-647.8107172139926,3,conflict_enriched,0.93359375,parity2,0.02,1.0,0.9992026220488445,0.9995923723493304
37,2,1,-595.3277943964849,0,conflict_enriched,0.1904296875,mux3,0.02,1.0,0.9835158265621183,0.9859052385602679
37,2,2,-599.6203397741607,1,conflict_enriched,0.22802734375,mux3,0.02,1.0,0.9864165107556137,0.9881809779575893
37,2,1,-595.8839675847503,2,conflict_enriched,0.26904296875,mux3,0.02,1.0,0.9862464075769364,0.9886627197265625
37,2,1,-596.2652342864336,3,conflict_enriched,0.1875,mux3,0.02,1.0,0.9831087430695344,0.9846779959542411
38,3,1,-647.8032929416594,0,conflict_enriched,0.51171875,parity2,0.02,1.0,0.9875121384524227,0.9921242850167411
38,3,1,-651.4282237179284,1,conflict_enriched,0.4697265625,parity2,0.02,1.0,0.9865006795522847,0.9914027622767857
38,3,1,-646.0744462204422,2,conflict_enriched,0.55810546875,parity2,0.02,1.0,0.9879841056087361,0.9925515311104911
38,3,1,-645.5303613523137,3,conflict_enriched,0.50390625,parity2,0.02,1.0,0.9872305669923647,0.99163818359375
39,3,2,-604.2805390791863,0,conflict_enriched,0.71484375,mux3,0.02,1.0,0.9960698176931125,0.9977220807756696
39,3,2,-601.0199502928212,1,conflict_enriched,0.6201171875,mux3,0.02,1.0,0.9948899871231964,0.9967258998325893
39,3,1,-602.9523097179833,2,conflict_enriched,0.68310546875,mux3,0.02,1.0,0.9958713693090989,0.9975607735770089
39,3,2,-600.1345764968916,3,conflict_enriched,0.6455078125,mux3,0.02,1.0,0.9953350679715852,0.9971575055803571
40,4,1,-645.5946808831592,0,conflict_enriched,0.35791015625,parity2,0.02,1.0,0.9855146288946639,0.9901406424386161
40,4,1,-644.6671255675664,1,conflict_enriched,0.4375,parity2,0.02,1.0,0.9868588953060119,0.9916469029017857
40,4,1,-642.7692685491323,2,conflict_enriched,0.349609375,parity2,0.02,1.0,0.9861829529937375,0.9903935023716518
40,4,1,-642.5174032442864,3,conflict_enriched,0.28662109375,parity2,0.02,1.0,0.9863096832588468,0.9897918701171875
41,4,2,-603.2916090465216,0,conflict_enriched,0.86376953125,mux3,0.02,1.0,0.9975975814522232,0.99871826171875
41,4,1,-605.6065996351349,1,conflict_enriched,0.85693359375,mux3,0.02,1.0,0.9977744509332036,0.9988228934151786
41,4,2,-605.1157606205586,2,conflict_enriched,0.861328125,mux3,0.02,1.0,0.9980937492673566,0.9989776611328125
41,4,3,-603.3118621130311,3,conflict_enriched,0.80615234375,mux3,0.02,1.0,0.9970574103094576,0.9983782087053571
42,5,1,-649.0095277796106,0,conflict_enriched,0.66748046875,parity2,0.02,1.0,0.993529155304447,0.9961133684430804
42,5,2,-646.7847170896084,1,conflict_enriched,0.814453125,parity2,0.02,1.0,0.9964753933034078,0.9980948311941964
42,5,1,-647.5467429264288,2,conflict_enriched,0.79248046875,parity2,0.02,1.0,0.9964843042913955,0.9980512346540179
42,5,2,-649.3250970979674,3,conflict_enriched,0.66064453125,parity2,0.02,1.0,0.9931706903667824,0.9958583286830357
43,5,2,-619.0165956943547,0,conflict_enriched,0.99951171875,mux3,0.02,1.0,0.9999956403459821,0.9999978201729911
43,5,3,-616.8884730092863,1,conflict_enriched,1.0,mux3,0.02,1.0,1.0,1.0
43,5,2,-616.0733240988309,2,conflict_enriched,1.0,mux3,0.02,1.0,1.0,1.0
43,5,3,-616.6534593948753,3,conflict_enriched,1.0,mux3,0.02,1.0,1.0,1.0
44,6,1,-650.2652535969244,0,conflict_enriched,0.33056640625,parity2,0.02,1.0,0.9881569732382756,0.9905308314732143
44,6,2,-651.9755956288675,1,conflict_enriched,0.58056640625,parity2,0.02,1.0,0.9927320137585655,0.9952850341796875
44,6,1,-644.8779293657979,2,conflict_enriched,0.45068359375,parity2,0.02,1.0,0.9889577481841348,0.9923313685825893
44,6,1,-648.0220660202467,3,conflict_enriched,0.47705078125,parity2,0.02,1.0,0.9912183725523578,0.9938332693917411
45,6,2,-613.0144931187382,0,conflict_enriched,0.94921875,mux3,0.02,1.0,0.9992122720695356,0.9995989118303571
45,6,2,-611.6808855482938,1,conflict_enriched,0.931640625,mux3,0.02,1.0,0.9989703911381911,0.9994703020368304
45,6,1,-609.2165315553563,2,conflict_enriched,0.96435546875,mux3,0.02,1.0,0.9995803529514555,0.999786376953125
45,6,1,-611.654598777277,3,conflict_enriched,0.97509765625,mux3,0.02,1.0,0.9997065124362635,0.9998517717633929
46,7,2,-637.8135022781305,0,conflict_enriched,0.3134765625,parity2,0.02,1.0,0.9769990574798595,0.983642578125
46,7,1,-643.2030249806229,1,conflict_enriched,0.23974609375,parity2,0.02,1.0,0.9750158131700789,0.9816153390066964
46,7,2,-636.7936736011271,2,conflict_enriched,0.49951171875,parity2,0.02,1.0,0.9857991309282094,0.9916774204799107
46,7,1,-638.8285061132599,3,conflict_enriched,0.32763671875,parity2,0.02,1.0,0.981385257041282,0.9877144949776786
47,7,2,-598.4310119934798,0,conflict_enriched,0.666015625,mux3,0.02,1.0,0.9953773610880906,0.9972708565848214
47,7,3,-597.4941743838122,1,conflict_enriched,0.8017578125,mux3,0.02,1.0,0.9972258096663399,0.9984850202287946
47,7,1,-598.6177599664894,2,conflict_enriched,0.86083984375,mux3,0.02,1.0,0.9980160443446202,0.9989449637276786
47,7,2,-598.3400965904804,3,conflict_enriched,0.7177734375,mux3,0.02,1.0,0.9959883579730955,0.9977656773158482
