acceptance_max,acceptance_mean,acceptance_min,elapsed_seconds,level,reached_requested,requested_threshold,survival_max,survival_mean,survival_min,threshold
0.9931233723958334,0.9822608100043402,0.9697469075520834,1.6065954305231571,1,False,0.68,0.6298828125,0.5450998942057291,0.5,0.6977837681770325
0.9842529296875,0.9614331987169055,0.91815185546875,3.0162019580602646,2,False,0.68,0.94580078125,0.7498881022135416,0.5,0.6946749687194824
0.9725545247395834,0.9300406773885092,0.82794189453125,4.42678214982152,3,False,0.68,0.9697265625,0.8286412556966146,0.5,0.6932059526443481
0.9565836588541666,0.885136604309082,0.7226969401041666,5.894147276878357,4,False,0.68,0.97607421875,0.8645909627278646,0.5,0.6922420263290405
0.9463094075520834,0.8535162607828776,0.664306640625,7.3432281874120235,5,False,0.68,0.9833984375,0.8759791056315104,0.50048828125,0.6914393901824951
0.9477742513020834,0.8283702002631294,0.6385091145833334,8.797203671187162,6,False,0.68,0.98095703125,0.8783467610677084,0.5,0.6907143592834473
0.9458821614583334,0.8036776648627386,0.55010986328125,10.231793701648712,7,False,0.68,0.982421875,0.8816350301106771,0.5,0.6900519728660583
0.9439493815104166,0.7913441128200954,0.4586181640625,11.686394974589348,8,False,0.68,0.9853515625,0.8847096761067709,0.5,0.6894400119781494
0.94403076171875,0.7836168077256945,0.39190673828125,13.123808920383453,9,False,0.68,0.9833984375,0.8832778930664062,0.50048828125,0.688847541809082
0.9406941731770834,0.7754759258694119,0.3498942057291667,14.5833107419312,10,False,0.68,0.98291015625,0.8841094970703125,0.5,0.6882823705673218
0.94091796875,0.7681832843356663,0.3146565755208333,16.933368131518364,11,False,0.68,0.98583984375,0.88104248046875,0.5,0.6877177953720093
0.9380289713541666,0.7606825298733183,0.2980753580729167,18.34083967655897,12,False,0.68,0.98388671875,0.8816197713216146,0.50048828125,0.6871817111968994
0.9399617513020834,0.75390625,0.2868855794270833,19.753923311829567,13,False,0.68,0.986328125,0.8829142252604166,0.5,0.6866632699966431
0.938720703125,0.7477828131781683,0.2737223307291667,21.16009396314621,14,False,0.68,0.986328125,0.8843460083007812,0.50048828125,0.6861656904220581
0.9386189778645834,0.7418363359239367,0.2712809244791667,22.559865683317184,15,False,0.68,0.98876953125,0.8876902262369791,0.5,0.6856952905654907
0.9393107096354166,0.7355124155680338,0.273681640625,23.99335725605488,16,False,0.68,0.98388671875,0.8768768310546875,0.5,0.6851906180381775
0.9364420572916666,0.7298016018337674,0.2716267903645833,25.42318780347705,17,False,0.68,0.98681640625,0.8801091512044271,0.5,0.6847119331359863
0.9368489583333334,0.7238052156236437,0.27215576171875,26.856858361512423,18,False,0.68,0.98876953125,0.8826980590820312,0.5,0.6842496395111084
0.9365641276041666,0.7182748582628037,0.2761027018229167,28.284808427095413,19,False,0.68,0.99072265625,0.8755162556966146,0.5,0.6837686896324158
0.9349772135416666,0.712130970425076,0.2801310221354167,29.716614197939634,20,False,0.68,0.9853515625,0.8712285359700521,0.5009765625,0.6832737922668457
0.9330647786458334,0.706576771206326,0.2771809895833333,32.00945721939206,21,False,0.68,0.9814453125,0.8708877563476562,0.5,0.6827893257141113
0.93402099609375,0.7012889650132922,0.2792561848958333,33.41508177295327,22,False,0.68,0.98583984375,0.8732503255208334,0.5,0.6823207139968872
0.9312744140625,0.6958890491061741,0.27874755859375,34.81579127907753,23,False,0.68,0.98388671875,0.8675689697265625,0.5,0.6818340420722961
0.9319254557291666,0.6907352871365018,0.27899169921875,36.215384010225534,24,False,0.68,0.984375,0.8673019409179688,0.5,0.681357741355896
0.92962646484375,0.6853984196980795,0.2837117513020833,37.61547685414553,25,False,0.68,0.9833984375,0.8642298380533854,0.5,0.680872917175293
0.930908203125,0.6800341076321073,0.28125,39.03086802363396,26,False,0.68,0.986328125,0.8581924438476562,0.5,0.6803724765777588
0.92919921875,0.6760412851969401,0.2842000325520833,40.43533395975828,27,True,0.68,0.9892578125,0.8898646036783854,0.5908203125,0.68
0.9266153971354166,0.6707854800754123,0.2830810546875,44.82606087997556,28,False,0.6,0.9833984375,0.8511886596679688,0.5,0.6794842481613159
0.9268798828125,0.6654160817464193,0.27923583984375,46.20694958791137,29,False,0.6,0.98095703125,0.8441696166992188,0.5,0.6789477467536926
0.9236857096354166,0.6596607632107205,0.276611328125,47.59419724717736,30,False,0.6,0.98046875,0.8439814249674479,0.5,0.6784162521362305
0.9216512044270834,0.6540906694200305,0.2787068684895833,49.903483018279076,31,False,0.6,0.9775390625,0.8404464721679688,0.50048828125,0.6778750419616699
0.9211018880208334,0.6486145655314128,0.2816365559895833,51.29978886246681,32,False,0.6,0.97900390625,0.8366063435872396,0.5009765625,0.677329421043396
0.9224446614583334,0.643524063958062,0.2850545247395833,52.68807562068105,33,False,0.6,0.9814453125,0.8323237101236979,0.5,0.6767666339874268
0.9169108072916666,0.637780507405599,0.2801513671875,54.07695260643959,34,False,0.6,0.97509765625,0.8227310180664062,0.5,0.676176130771637
0.9178670247395834,0.6329573525322809,0.2846883138020833,55.476183254271746,35,False,0.6,0.9775390625,0.8274459838867188,0.5,0.67560875415802
0.9137980143229166,0.6272767384847004,0.2787068684895833,56.88284906744957,36,False,0.6,0.9736328125,0.8189671834309896,0.5,0.6750099062919617
0.9124959309895834,0.6221787134806315,0.2799479166666667,58.28473201021552,37,False,0.6,0.96923828125,0.8094406127929688,0.50048828125,0.6743844747543335
0.9140625,0.616659058464898,0.28076171875,59.681532587856054,38,False,0.6,0.97265625,0.8088887532552084,0.5,0.6737662553787231
0.91107177734375,0.6114923689100477,0.27764892578125,61.07110644876957,39,False,0.6,0.9736328125,0.8092219034830729,0.5,0.6731584072113037
0.9087931315104166,0.6065966288248698,0.2787068684895833,62.4523108638823,40,False,0.6,0.966796875,0.8003616333007812,0.5,0.6725174188613892
0.9075927734375,0.6006567213270398,0.2773030598958333,64.81857750564814,41,False,0.6,0.96728515625,0.7968215942382812,0.50048828125,0.6718688011169434
0.9092203776041666,0.596478992038303,0.28265380859375,66.20311094075441,42,False,0.6,0.96728515625,0.7957178751627604,0.5,0.6712257862091064
0.9029947916666666,0.5906236436631945,0.2803548177083333,67.58091722801328,43,False,0.6,0.9677734375,0.7966562906901041,0.5,0.6705882549285889
0.90435791015625,0.5858450995551215,0.2807210286458333,68.96307112649083,44,False,0.6,0.96533203125,0.7821324666341146,0.5,0.6699033975601196
0.8990071614583334,0.5801506042480469,0.2773030598958333,70.34106539189816,45,False,0.6,0.96337890625,0.7783610026041666,0.5,0.6692084074020386
0.8981119791666666,0.5752350489298502,0.2795613606770833,71.75252168625593,46,False,0.6,0.9619140625,0.7787577311197916,0.5009765625,0.6685226559638977
0.8965047200520834,0.5703159968058268,0.2810872395833333,73.17468299716711,47,False,0.6,0.95849609375,0.7729771931966146,0.5,0.667822003364563
0.893310546875,0.5653602812025281,0.2803955078125,74.59557458758354,48,False,0.6,0.95751953125,0.7678451538085938,0.5,0.6671081781387329
0.8931070963541666,0.5601947572496202,0.28204345703125,76.00341812893748,49,False,0.6,0.958984375,0.7704493204752604,0.5009765625,0.6664084196090698
0.8893839518229166,0.5559006796942817,0.2804768880208333,77.38592663034797,50,False,0.6,0.951171875,0.7650222778320312,0.50048828125,0.6656922101974487
0.8866170247395834,0.5506138271755643,0.281005859375,79.67588955163956,51,False,0.6,0.9541015625,0.7648722330729166,0.5,0.6649767756462097
0.8865559895833334,0.5464024013943143,0.2812906901041667,81.07108883932233,52,False,0.6,0.95361328125,0.7615076700846354,0.5,0.6642563939094543
0.8809407552083334,0.5414127773708768,0.2801310221354167,82.46493715792894,53,False,0.6,0.95166015625,0.7579320271809896,0.5,0.6635282039642334
0.8781534830729166,0.5371420118543837,0.2807820638020833,83.86942246556282,54,False,0.6,0.9501953125,0.7559331258138021,0.50048828125,0.6627975702285767
0.8752034505208334,0.5326555040147569,0.28192138671875,85.24933109432459,55,False,0.6,0.94921875,0.7535400390625,0.5,0.6620639562606812
0.87445068359375,0.5283817715115017,0.2842610677083333,86.63818329945207,56,False,0.6,0.9482421875,0.7582778930664062,0.50048828125,0.6613548994064331
0.8678792317708334,0.5237087673611112,0.28131103515625,88.03140064328909,57,False,0.6,0.94189453125,0.7544606526692709,0.5,0.6606320142745972
0.8661702473958334,0.5201930999755859,0.2831013997395833,89.45038348436356,58,False,0.6,0.95361328125,0.7637201944986979,0.5,0.6599453091621399
0.8633015950520834,0.5162817637125651,0.2815958658854167,90.87348041310906,59,False,0.6,0.94482421875,0.7571665445963541,0.5,0.6592423915863037
0.860595703125,0.5126128726535374,0.2846272786458333,92.28947577252984,60,False,0.6,0.93701171875,0.7557805379231771,0.5,0.6585339903831482
0.85986328125,0.5085402594672309,0.2836507161458333,94.60509596765041,61,False,0.6,0.94091796875,0.7521947224934896,0.5,0.657816469669342
0.85272216796875,0.5048344930013021,0.2809855143229167,95.99471663683653,62,False,0.6,0.93994140625,0.7459996541341146,0.50048828125,0.6570863723754883
0.8487141927083334,0.5016876856486002,0.28271484375,97.38624643906951,63,False,0.6,0.93505859375,0.7538503011067709,0.5,0.6563849449157715
0.8462727864583334,0.4978401396009657,0.2845662434895833,98.77746670693159,64,False,0.6,0.9345703125,0.7490208943684896,0.5,0.6556685566902161
0.8422444661458334,0.4944652981228299,0.28424072265625,100.1682062484324,65,False,0.6,0.93896484375,0.7495015462239584,0.5,0.6549549102783203
0.8387044270833334,0.49067645602756077,0.2850341796875,101.56124303489923,66,False,0.6,0.9345703125,0.7503407796223959,0.5,0.6542491912841797
0.8352457682291666,0.487475077311198,0.2838948567708333,102.95282969996333,67,False,0.6,0.9267578125,0.752288818359375,0.5,0.6535542011260986
0.8358357747395834,0.4848461151123047,0.284912109375,104.34926868975163,68,False,0.6,0.9345703125,0.7556381225585938,0.5,0.6528711318969727
0.8264973958333334,0.48167207505967885,0.2829996744791667,105.75415150821209,69,False,0.6,0.9296875,0.7512613932291666,0.5,0.6521764993667603
0.82623291015625,0.4784823523627388,0.2853800455729167,107.16775415092707,70,False,0.6,0.91943359375,0.7486826578776041,0.5,0.65147465467453
0.8219807942708334,0.4753917058308919,0.28173828125,109.49863100424409,71,False,0.6,0.9228515625,0.7544352213541666,0.5,0.6507962942123413
0.8185831705729166,0.4724688000149197,0.2853597005208333,110.90382290631533,72,False,0.6,0.9287109375,0.756256103515625,0.5,0.650123655796051
0.8128662109375,0.46941089630126953,0.2861124674479167,112.29774362966418,73,False,0.6,0.923828125,0.7498092651367188,0.50048828125,0.649432897567749
0.8103434244791666,0.46690018971761066,0.2838948567708333,113.68604993447661,74,False,0.6,0.92431640625,0.7504831949869791,0.5,0.6487442255020142
0.8048299153645834,0.46388477749294704,0.2849934895833333,115.07361024618149,75,False,0.6,0.9169921875,0.7508799235026041,0.50048828125,0.6480613350868225
0.8022054036458334,0.46136167314317494,0.2848307291666667,116.45717711746693,76,False,0.6,0.92724609375,0.7595494588216146,0.5,0.6474078893661499
0.7971598307291666,0.45826795366075307,0.2873942057291667,117.84697810932994,77,False,0.6,0.92333984375,0.7537409464518229,0.5,0.6467379927635193
0.7936604817708334,0.4558900197347005,0.2838541666666667,119.22843711823225,78,False,0.6,0.9208984375,0.7533747355143229,0.5,0.6460673809051514
0.79010009765625,0.4532593621148003,0.2826741536458333,120.6167156510055,79,False,0.6,0.91796875,0.7467269897460938,0.5,0.645377516746521
0.7859090169270834,0.4509139590793186,0.28631591796875,122.0322089008987,80,False,0.6,0.9130859375,0.7482528686523438,0.5,0.644696831703186
0.7828369140625,0.44828361935085725,0.2846272786458333,124.40454798564315,81,False,0.6,0.91943359375,0.7536799112955729,0.5,0.6440356969833374
0.7764078776041666,0.4459159639146593,0.2841389973958333,125.83574346452951,82,False,0.6,0.90869140625,0.7416814168294271,0.5,0.6433360576629639
0.7724202473958334,0.44371912214491105,0.2846883138020833,127.27177768945694,83,False,0.6,0.8984375,0.749237060546875,0.5,0.6426661014556885
0.77325439453125,0.44156657324896925,0.2837727864583333,128.71204563602805,84,False,0.6,0.91064453125,0.7495218912760416,0.50048828125,0.6419962048530579
0.7635498046875,0.4392247729831271,0.2859090169270833,130.14823314920068,85,False,0.6,0.9072265625,0.7462132771809896,0.50048828125,0.6413187384605408
0.7560628255208334,0.4365882873535156,0.2866414388020833,131.58204992115498,86,False,0.6,0.89794921875,0.7500584920247396,0.50048828125,0.6406533718109131
0.75897216796875,0.43450397915310335,0.2866617838541667,133.01487310230732,87,False,0.6,0.89990234375,0.7462336222330729,0.5,0.6399767994880676
0.7526041666666666,0.43226581149631077,0.2861531575520833,134.4447884745896,88,False,0.6,0.90478515625,0.7455647786458334,0.5,0.6392965316772461
0.75054931640625,0.4297957950168185,0.2840983072916667,135.93872860074043,89,False,0.6,0.8935546875,0.7413482666015625,0.50048828125,0.6386032104492188
0.74639892578125,0.42762321896023225,0.28729248046875,137.37652771547437,90,False,0.6,0.9052734375,0.7449111938476562,0.5,0.637924313545227
0.7436116536458334,0.4255978266398112,0.2862955729166667,139.77629058808088,91,False,0.6,0.890625,0.7348302205403646,0.5,0.6372147798538208
0.7377726236979166,0.4229391945732964,0.2873942057291667,141.2430812381208,92,False,0.6,0.90576171875,0.7390365600585938,0.5,0.636523962020874
0.7298177083333334,0.42175176408555776,0.2886962890625,142.68232718110085,93,False,0.6,0.888671875,0.7386118570963541,0.50048828125,0.6358360052108765
0.726806640625,0.4192792044745551,0.28485107421875,144.12072159722447,94,False,0.6,0.89306640625,0.7381820678710938,0.5,0.635142982006073
0.72381591796875,0.4173541598849826,0.2879231770833333,145.56142984330654,95,False,0.6,0.8818359375,0.7274627685546875,0.5,0.6344116926193237
0.7185465494791666,0.4152107238769531,0.2842610677083333,147.0068890452385,96,False,0.6,0.8818359375,0.7323430379231771,0.5,0.6336996555328369
0.7137247721354166,0.4134010738796658,0.2865804036458333,148.43498484045267,97,False,0.6,0.8798828125,0.7265675862630209,0.5,0.6329696774482727
0.7140299479166666,0.4108556111653645,0.28826904296875,149.86422860622406,98,False,0.6,0.880859375,0.7249476114908854,0.5,0.6322347521781921
0.7056681315104166,0.4089525010850695,0.2876383463541667,151.30715076997876,99,False,0.6,0.87548828125,0.7205174763997396,0.5,0.6314893960952759
0.697998046875,0.40697987874348956,0.28594970703125,152.76254608482122,100,False,0.6,0.87451171875,0.7166213989257812,0.5,0.6307331323623657
0.6980183919270834,0.4047861099243164,0.2871297200520833,155.1369573660195,101,False,0.6,0.8720703125,0.7148157755533854,0.5,0.6299737691879272
0.6938883463541666,0.40263154771592885,0.2858479817708333,156.54797928407788,102,False,0.6,0.8896484375,0.7166188557942709,0.50048828125,0.6292163133621216
0.6878865559895834,0.4007447560628255,0.286376953125,157.95391416922212,103,False,0.6,0.8701171875,0.7050755818684896,0.50048828125,0.6284239292144775
0.6833089192708334,0.39888985951741535,0.2874755859375,159.34896847605705,104,False,0.6,0.8779296875,0.7151565551757812,0.5,0.6276654601097107
0.6805419921875,0.39702171749538845,0.2880859375,160.73911732062697,105,False,0.6,0.8642578125,0.7056401570638021,0.5,0.6268774271011353
0.6766153971354166,0.3953246010674371,0.2863566080729167,162.13233637809753,106,False,0.6,0.8671875,0.7081858317057291,0.5,0.6260992288589478
0.67138671875,0.393382920159234,0.28857421875,163.52243688702583,107,False,0.6,0.8623046875,0.7021687825520834,0.5,0.6253029108047485
0.6715291341145834,0.39118226369222003,0.2866414388020833,164.92012568563223,108,False,0.6,0.8583984375,0.6955057779947916,0.5,0.6244809627532959
0.6593017578125,0.38911003536648225,0.28741455078125,166.3102063536644,109,False,0.6,0.86572265625,0.6989110310872396,0.5,0.6236734390258789
0.6580403645833334,0.38730939229329425,0.2868245442708333,167.7032309807837,110,False,0.6,0.8603515625,0.6938527425130209,0.5,0.6228512525558472
0.6575520833333334,0.38574790954589844,0.2863972981770833,170.18605790659785,111,False,0.6,0.86181640625,0.6917673746744791,0.5,0.6220219135284424
0.6524861653645834,0.3834816614786784,0.2870890299479167,171.59760895743966,112,False,0.6,0.8642578125,0.6968587239583334,0.5,0.6212129592895508
0.6438395182291666,0.38131078084309894,0.2865804036458333,172.99366354942322,113,False,0.6,0.8515625,0.6865463256835938,0.50048828125,0.6203742623329163
0.6370646158854166,0.3799448013305664,0.2852986653645833,174.39322324097157,114,False,0.6,0.8466796875,0.6803359985351562,0.50048828125,0.6195128560066223
0.6418660481770834,0.37800757090250653,0.28411865234375,175.7758497595787,115,False,0.6,0.85205078125,0.6764704386393229,0.5,0.6186395883560181
0.6355387369791666,0.3764382468329536,0.2868448893229167,177.16532553359866,116,False,0.6,0.8544921875,0.6789499918619791,0.5,0.6177776455879211
0.6287434895833334,0.3745324876573351,0.2886555989583333,178.5459850989282,117,False,0.6,0.85009765625,0.6726659138997396,0.5,0.6168983578681946
0.6266682942708334,0.3732478883531358,0.28875732421875,179.93862650170922,118,False,0.6,0.8544921875,0.6773274739583334,0.5,0.6160365343093872
0.6169840494791666,0.371657583448622,0.2871907552083333,181.33113548904657,119,False,0.6,0.84326171875,0.6737085978190104,0.5,0.6151599287986755
0.6173299153645834,0.36960400475396055,0.2873738606770833,182.72498535737395,120,False,0.6,0.85400390625,0.6769587198893229,0.50048828125,0.6142991185188293
0.6112467447916666,0.3683268229166667,0.2848103841145833,185.041055444628,121,False,0.6,0.8515625,0.6718673706054688,0.50048828125,0.6134224534034729
0.6075236002604166,0.36657343970404727,0.28741455078125,186.43176801502705,122,False,0.6,0.84814453125,0.6810073852539062,0.5,0.612576425075531
0.6040445963541666,0.3651279873318143,0.2880452473958333,187.8384013287723,123,False,0.6,0.84619140625,0.6786626180013021,0.50048828125,0.6117218136787415
0.6033935546875,0.36400932735866975,0.2877197265625,189.2548997811973,124,False,0.6,0.8525390625,0.6778844197591146,0.5,0.6108714938163757
0.5955607096354166,0.36251375410291886,0.2866414388020833,190.6696902178228,125,False,0.6,0.8544921875,0.6856231689453125,0.5,0.6100448369979858
0.5975138346354166,0.36086082458496094,0.2872517903645833,192.07236800342798,126,False,0.6,0.85498046875,0.6776631673177084,0.5,0.6091992855072021
0.5909830729166666,0.35957124498155385,0.28521728515625,193.4751676619053,127,False,0.6,0.853515625,0.6913808186848959,0.5,0.6083999872207642
0.5874226888020834,0.3585090637207031,0.2884521484375,194.86942264810205,128,False,0.6,0.85791015625,0.6810404459635416,0.5,0.6075717806816101
0.5797119140625,0.35741392771402997,0.2887166341145833,196.26137841120362,129,False,0.6,0.86767578125,0.6904551188151041,0.5,0.6067739725112915
0.58148193359375,0.3557010226779514,0.2861531575520833,197.6579813361168,130,False,0.6,0.8544921875,0.6782353719075521,0.50048828125,0.6059374213218689
0.5771280924479166,0.3545085059271919,0.28582763671875,199.97225672751665,131,False,0.6,0.8583984375,0.6795883178710938,0.5,0.6051076650619507
0.5703531901041666,0.3537853029039171,0.2883707682291667,201.36973477900028,132,False,0.6,0.8564453125,0.6949844360351562,0.5,0.6043294668197632
0.56939697265625,0.3525091807047526,0.2887369791666667,202.76367415860295,133,False,0.6,0.85498046875,0.6819356282552084,0.5,0.6035117506980896
0.5656941731770834,0.3511060078938802,0.28656005859375,204.16524039953947,134,False,0.6,0.8544921875,0.6937967936197916,0.50048828125,0.6027306914329529
0.5595906575520834,0.3500315348307292,0.2882893880208333,205.56956738233566,135,False,0.6,0.87841796875,0.6995875040690104,0.50048828125,0.6019713878631592
0.5630086263020834,0.34877173105875653,0.2892049153645833,206.97549252584577,136,False,0.6,0.859375,0.6792119344075521,0.5,0.6011477708816528
0.55780029296875,0.34809737735324436,0.287353515625,208.37579131498933,137,False,0.6,0.85400390625,0.6845728556315104,0.50048828125,0.6003450155258179
0.5563557942708334,0.34802405039469403,0.28924560546875,209.76634454727173,138,True,0.6,0.939453125,0.8467280069986979,0.732421875,0.6
0.5540771484375,0.34684138827853733,0.2880045572916667,214.0750604532659,139,False,0.5,0.85546875,0.6810480753580729,0.5,0.5991919636726379
0.5507405598958334,0.3455908033582899,0.2885945638020833,215.47104651108384,140,False,0.5,0.85693359375,0.6827621459960938,0.5,0.598382830619812
0.548583984375,0.3450003729926216,0.2896525065104167,217.84824919700623,141,False,0.5,0.8642578125,0.7006810506184896,0.5,0.5976396799087524
0.54541015625,0.34365420871310765,0.28814697265625,219.2408147342503,142,False,0.5,0.86083984375,0.6903966267903646,0.50048828125,0.5968670845031738
0.5418294270833334,0.3429893917507596,0.2872721354166667,220.63864505290985,143,False,0.5,0.85107421875,0.6873728434244791,0.5,0.5960861444473267
0.5426839192708334,0.3421523835923937,0.2861735026041667,222.041198939085,144,False,0.5,0.8837890625,0.6906382242838541,0.5,0.5953115224838257
0.5343831380208334,0.3409361309475369,0.2873942057291667,223.4463286884129,145,False,0.5,0.86181640625,0.6838226318359375,0.50048828125,0.5945202112197876
0.5352376302083334,0.3404339684380426,0.2870076497395833,224.83667421340942,146,False,0.5,0.8505859375,0.672393798828125,0.5,0.593696117401123
0.53472900390625,0.3397878011067708,0.2860514322916667,226.2229297310114,147,False,0.5,0.85009765625,0.6720072428385416,0.5,0.5928691625595093
0.5308634440104166,0.33857186635335285,0.2891031901041667,227.6134147681296,148,False,0.5,0.85595703125,0.6718597412109375,0.5,0.5920406579971313
0.52752685546875,0.3378593656751845,0.2876180013020833,229.00518555566669,149,False,0.5,0.845703125,0.6720326741536459,0.5,0.591221272945404
0.5274251302083334,0.3373806211683485,0.286865234375,230.39469297230244,150,False,0.5,0.857421875,0.6810506184895834,0.5,0.5904279947280884
0.5234781901041666,0.3359976874457465,0.2880045572916667,232.796005949378,151,False,0.5,0.84130859375,0.6640548706054688,0.5,0.5895847678184509
0.5180867513020834,0.33548842536078555,0.2884318033854167,234.1932122334838,152,False,0.5,0.8486328125,0.6653518676757812,0.5,0.588750422000885
0.5167439778645834,0.3347335391574435,0.28729248046875,235.5841941125691,153,False,0.5,0.84423828125,0.6635615030924479,0.5,0.587909996509552
0.5140787760416666,0.3339164521959093,0.2869059244791667,236.98653830587864,154,False,0.5,0.84619140625,0.6637344360351562,0.5,0.5870714783668518
0.5152384440104166,0.3334615495469835,0.2863566080729167,238.39478493109345,155,False,0.5,0.85693359375,0.6655553181966146,0.50048828125,0.5862409472465515
0.5076090494791666,0.3324743906656901,0.28973388671875,239.80869845300913,156,False,0.5,0.849609375,0.6646804809570312,0.5,0.5854096412658691
0.5074462890625,0.33206505245632595,0.2876790364583333,241.21638970822096,157,False,0.5,0.8447265625,0.6620101928710938,0.5,0.5845710039138794
0.5056966145833334,0.3312653435601128,0.2874755859375,242.62921062111855,158,False,0.5,0.849609375,0.6535263061523438,0.50048828125,0.5837112069129944
0.5062052408854166,0.33046733008490664,0.2879435221354167,244.03855178505182,159,False,0.5,0.8544921875,0.6659393310546875,0.5,0.5828890800476074
0.4988199869791667,0.3300513161553276,0.2871907552083333,245.45078293979168,160,False,0.5,0.84765625,0.6628036499023438,0.5,0.5820621848106384
0.4951171875,0.329109615749783,0.2877604166666667,247.88133250176907,161,False,0.5,0.8525390625,0.6596883138020834,0.5,0.581222414970398
0.49346923828125,0.32877424028184676,0.2884318033854167,249.28696244582534,162,False,0.5,0.8505859375,0.6622365315755209,0.50048828125,0.5803924202919006
0.493896484375,0.32810179392496747,0.2878214518229167,250.69513566046953,163,False,0.5,0.86181640625,0.6700897216796875,0.5,0.5795919895172119
0.4900309244791667,0.32775645785861546,0.2901407877604167,252.113126270473,164,False,0.5,0.84521484375,0.6644032796223959,0.5,0.5787761211395264
0.49078369140625,0.32659159766303175,0.2886759440104167,253.5529365837574,165,False,0.5,0.8515625,0.6624272664388021,0.50048828125,0.5779491662979126
0.4879150390625,0.3263894187079535,0.2896321614583333,255.00464262068272,166,False,0.5,0.84912109375,0.6664021809895834,0.5,0.577139139175415
0.4876505533854167,0.32585006290011936,0.2882080078125,256.4393118545413,167,False,0.5,0.86181640625,0.667022705078125,0.5,0.5763314366340637
0.4810994466145833,0.3253643247816298,0.2891438802083333,257.88508566841483,168,False,0.5,0.85546875,0.6610132853190104,0.50048828125,0.5755051970481873
0.4797159830729167,0.3247052298651801,0.2889811197916667,259.29292061179876,169,False,0.5,0.8564453125,0.672088623046875,0.5,0.5747146606445312
0.4800821940104167,0.3245028389824761,0.2888997395833333,260.70877227187157,170,False,0.5,0.8544921875,0.6689325968424479,0.5009765625,0.5739219784736633
0.4742024739583333,0.32394610510932076,0.2892659505208333,263.1161912754178,171,False,0.5,0.85302734375,0.6731643676757812,0.5,0.5731403827667236
0.4734903971354167,0.32381100124782985,0.28875732421875,264.5170702673495,172,False,0.5,0.85302734375,0.6794942220052084,0.50048828125,0.5723769664764404
0.47119140625,0.3232589297824436,0.2875773111979167,265.9276049025357,173,False,0.5,0.84912109375,0.6725311279296875,0.5,0.5715962648391724
0.4689534505208333,0.32240295410156256,0.2885945638020833,267.3344493471086,174,False,0.5,0.85009765625,0.6717427571614584,0.5,0.5708096027374268
0.4682820638020833,0.32199234432644314,0.2899169921875,268.7348783686757,175,False,0.5,0.85302734375,0.6699600219726562,0.5,0.5700203776359558
0.4694620768229167,0.32166576385498047,0.2867228190104167,270.1360629424453,176,False,0.5,0.841796875,0.6654739379882812,0.5,0.5692176222801208
0.464111328125,0.32102659013536244,0.2880859375,271.5432213395834,177,False,0.5,0.85009765625,0.6628011067708334,0.5,0.568413257598877
0.4638671875,0.32071081797281903,0.289306640625,272.94500305503607,178,False,0.5,0.8583984375,0.6709086100260416,0.5,0.5676339864730835
0.45611572265625,0.3197762171427409,0.288818359375,274.3514724634588,179,False,0.5,0.8486328125,0.6693979899088541,0.5,0.5668497085571289
0.4583740234375,0.3199860254923503,0.28948974609375,275.74357317760587,180,False,0.5,0.84033203125,0.6582056681315104,0.5,0.5660322308540344
0.4555460611979167,0.31965563032362193,0.2866007486979167,278.0910301171243,181,False,0.5,0.84912109375,0.66851806640625,0.5,0.5652495622634888
0.4519856770833333,0.3185586929321289,0.2870279947916667,279.489349540323,182,False,0.5,0.83935546875,0.6598052978515625,0.5,0.5644418001174927
0.4544881184895833,0.31865448421902126,0.2893880208333333,280.88234024494886,183,False,0.5,0.84814453125,0.6662851969401041,0.5,0.5636510848999023
0.4515787760416667,0.3183482487996419,0.28668212890625,282.2698671296239,184,False,0.5,0.84326171875,0.669921875,0.5,0.562869668006897
0.447998046875,0.3177552753024631,0.28839111328125,283.6550079025328,185,False,0.5,0.8583984375,0.6596298217773438,0.5,0.562061071395874
0.4451700846354167,0.3172239727444119,0.2888387044270833,285.0386639200151,186,False,0.5,0.85546875,0.6640701293945312,0.50048828125,0.561264157295227
0.4477132161458333,0.3168976042005751,0.28924560546875,286.42903347313404,187,False,0.5,0.84912109375,0.6518656412760416,0.5,0.5604304075241089
0.4426676432291667,0.3162779278225369,0.2882893880208333,287.8226655460894,188,False,0.5,0.84912109375,0.6597951253255209,0.50048828125,0.5596269369125366
0.4398193359375,0.3160116407606337,0.2909138997395833,289.2235738262534,189,False,0.5,0.84423828125,0.6624272664388021,0.5,0.5588271617889404
0.4383341471354167,0.3160438537597656,0.2902018229166667,290.6277103237808,190,False,0.5,0.86474609375,0.65887451171875,0.5,0.5580198764801025
0.4383341471354167,0.31547588772243923,0.2876790364583333,293.0029193274677,191,False,0.5,0.84619140625,0.6560796101888021,0.5,0.5572043657302856
0.4347330729166667,0.31530316670735675,0.2896931966145833,294.3969477005303,192,False,0.5,0.8447265625,0.6530024210611979,0.5,0.5563806891441345
0.4322102864583333,0.3146063486735026,0.2892659505208333,295.78629064559937,193,False,0.5,0.8525390625,0.6667149861653646,0.5,0.5555992722511292
0.4313761393229167,0.31462976667616105,0.2885538736979167,297.1852599494159,194,False,0.5,0.83740234375,0.6518529256184896,0.50048828125,0.5547685623168945
0.42864990234375,0.31415091620551217,0.2872721354166667,298.57340397685766,195,False,0.5,0.8427734375,0.6601791381835938,0.5,0.5539646148681641
0.42633056640625,0.31357256571451825,0.2903645833333333,299.961217969656,196,False,0.5,0.853515625,0.6609878540039062,0.5,0.5531606078147888
0.427734375,0.31324089898003477,0.2894287109375,301.34748888388276,197,False,0.5,0.859375,0.6670252482096354,0.5,0.55237877368927
0.4257609049479167,0.3129190868801541,0.2893880208333333,302.73629293963313,198,False,0.5,0.8623046875,0.6831080118815104,0.5,0.5516461133956909
0.4242146809895833,0.3125656975640191,0.2881266276041667,304.1301075555384,199,False,0.5,0.83984375,0.6657002766927084,0.5,0.550862193107605
0.4211018880208333,0.31241363949245876,0.28863525390625,305.52862449735403,200,False,0.5,0.8466796875,0.6747767130533854,0.5,0.5501053333282471
0.4212239583333333,0.3119222852918837,0.2890828450520833,307.91974675655365,201,False,0.5,0.8515625,0.6818695068359375,0.5,0.5493675470352173
0.4171346028645833,0.3118917677137587,0.28985595703125,309.3095593005419,202,False,0.5,0.85205078125,0.6682917277018229,0.50048828125,0.5485907793045044
0.4197591145833333,0.3114488389756945,0.2884318033854167,310.69979871436954,203,False,0.5,0.84912109375,0.6706186930338541,0.50048828125,0.5478198528289795
0.4170939127604167,0.31113825903998477,0.2907511393229167,312.08985594660044,204,False,0.5,0.8466796875,0.6743113199869791,0.5,0.5470635890960693
0.4174397786458333,0.31090545654296875,0.2914021809895833,313.48809012025595,205,False,0.5,0.85546875,0.6666081746419271,0.5,0.5462795495986938
0.41046142578125,0.3108068042331272,0.28997802734375,314.87499851733446,206,False,0.5,0.8525390625,0.6737162272135416,0.5,0.5455196499824524
0.41070556640625,0.31043095058865017,0.2901407877604167,316.25928664952517,207,False,0.5,0.84765625,0.6681493123372396,0.50048828125,0.5447479486465454
0.4104410807291667,0.31014781528049046,0.2886759440104167,317.6408795826137,208,False,0.5,0.85693359375,0.6735610961914062,0.5,0.5439897775650024
0.4086100260416667,0.3101767434014215,0.2889404296875,319.0222929082811,209,False,0.5,0.84912109375,0.6588211059570312,0.5,0.5431851148605347
0.4091796875,0.30932871500651044,0.2905476888020833,320.40712308883667,210,False,0.5,0.8671875,0.6700032552083334,0.5,0.5424101948738098
0.4023030598958333,0.30937586890326607,0.2894694010416667,322.8547183163464,211,False,0.5,0.8466796875,0.6608937581380209,0.5,0.5416090488433838
0.40045166015625,0.30917941199408633,0.2900187174479167,324.26112062856555,212,False,0.5,0.8447265625,0.6615626017252604,0.5,0.540816068649292
0.3985595703125,0.3089017868041992,0.2903238932291667,325.64529901742935,213,False,0.5,0.845703125,0.6671218872070312,0.5,0.5400384068489075
0.40228271484375,0.30856577555338544,0.2903035481770833,327.04628451541066,214,False,0.5,0.84033203125,0.6570485432942709,0.5,0.5392245650291443
0.3983357747395833,0.3080025778876411,0.289306640625,328.4364877939224,215,False,0.5,0.8349609375,0.6558176676432291,0.5,0.5384109020233154
0.39544677734375,0.3083023495144314,0.2867431640625,329.8281233012676,216,False,0.5,0.8427734375,0.6629969278971354,0.5,0.5376163125038147
0.3983154296875,0.30757225884331596,0.287841796875,331.20966850966215,217,False,0.5,0.84375,0.65740966796875,0.50048828125,0.5368043184280396
0.3914388020833333,0.30707041422526044,0.2900797526041667,332.59194595739245,218,False,0.5,0.82568359375,0.6497014363606771,0.5,0.5359698534011841
0.3971964518229167,0.3070187038845486,0.2872314453125,333.9762808047235,219,False,0.5,0.84912109375,0.6599629720052084,0.5,0.5351676940917969
0.3899739583333333,0.3065315882364909,0.2874348958333333,335.3601951673627,220,False,0.5,0.82470703125,0.6400629679361979,0.5,0.5343024730682373
0.38958740234375,0.3060068554348416,0.28741455078125,337.74809741973877,221,False,0.5,0.828125,0.6426773071289062,0.5,0.533448338508606
0.3886515299479167,0.3063270780775282,0.2896728515625,339.1558347940445,222,False,0.5,0.8251953125,0.6396586100260416,0.5,0.532585859298706
0.3845621744791667,0.3059459262424045,0.2897135416666667,340.5435971133411,223,False,0.5,0.822265625,0.6314875284830729,0.5,0.5316969156265259
0.3855387369791667,0.3054988649156359,0.2901204427083333,341.9333687275648,224,False,0.5,0.82421875,0.6297276814778646,0.50048828125,0.5308001041412354
0.38494873046875,0.3055849075317383,0.29046630859375,343.31942205503583,225,False,0.5,0.837890625,0.6379419962565104,0.5,0.5299317240715027
0.3800455729166667,0.30519951714409727,0.2888997395833333,344.70950128510594,226,False,0.5,0.833984375,0.6375656127929688,0.50048828125,0.5290625095367432
0.3782958984375,0.30477354261610246,0.2899576822916667,346.0964593850076,227,False,0.5,0.8193359375,0.6443125406901041,0.50048828125,0.5282113552093506
0.3813069661458333,0.30424266391330296,0.29150390625,347.485744189471,228,False,0.5,0.830078125,0.6341934204101562,0.5,0.5273287296295166
0.37841796875,0.3041956159803602,0.2907511393229167,348.874219764024,229,False,0.5,0.828125,0.6334660847981771,0.5,0.526446521282196
0.3758544921875,0.3039333555433485,0.2896321614583333,350.26538156718016,230,False,0.5,0.8359375,0.6378504435221354,0.5,0.5255767107009888
0.3777262369791667,0.3041197458902995,0.2916259765625,352.6492119766772,231,False,0.5,0.81787109375,0.6333211263020834,0.5,0.5246938467025757
0.3778076171875,0.30327362484402126,0.2895100911458333,354.05692210048437,232,False,0.5,0.8232421875,0.6379013061523438,0.50048828125,0.523823618888855
0.3731282552083333,0.3030434714423285,0.2896728515625,355.46454590931535,233,False,0.5,0.82470703125,0.6460291544596354,0.5,0.5229787826538086
0.3704833984375,0.30246925354003906,0.2897135416666667,356.8579262159765,234,False,0.5,0.833984375,0.6594263712565104,0.5,0.5221758484840393
0.3714192708333333,0.3027638329399957,0.2908732096354167,358.2563258446753,235,False,0.5,0.82470703125,0.6392644246419271,0.50048828125,0.5213092565536499
0.3689168294270833,0.3028368420071072,0.2901611328125,359.6618354022503,236,False,0.5,0.8369140625,0.6498667399088541,0.5,0.5204775333404541
0.3665771484375,0.30251937442355686,0.2898152669270833,361.0717090293765,237,False,0.5,0.83544921875,0.6559092203776041,0.5,0.5196651816368103
0.3656412760416667,0.30237272050645614,0.2893269856770833,362.4840638116002,238,False,0.5,0.8330078125,0.6489766438802084,0.50048828125,0.518829345703125
0.3661702473958333,0.3029037051730686,0.2902425130208333,363.88388998806477,239,False,0.5,0.8359375,0.6602325439453125,0.50048828125,0.518032968044281
0.3651529947916667,0.3024463653564453,0.2908732096354167,365.2788531407714,240,False,0.5,0.8369140625,0.6638590494791666,0.5,0.517242968082428
0.3617960611979167,0.30240440368652344,0.2911173502604167,367.66889813542366,241,False,0.5,0.8291015625,0.653656005859375,0.5,0.5164259076118469
0.3603108723958333,0.3019817140367296,0.2902628580729167,369.06221879273653,242,False,0.5,0.8271484375,0.6538060506184896,0.5,0.5156083106994629
0.3583577473958333,0.301957024468316,0.2906087239583333,370.4610995873809,243,False,0.5,0.83740234375,0.6577173868815104,0.5,0.514804482460022
0.3628133138020833,0.30160882737901473,0.2909342447916667,371.85141940414906,244,False,0.5,0.83544921875,0.6549097696940104,0.50048828125,0.5139917135238647
0.3560994466145833,0.3016364839341905,0.2911783854166667,373.2529307343066,245,False,0.5,0.83349609375,0.6557871500651041,0.5,0.5131787657737732
0.35540771484375,0.30121729109022355,0.2871500651041667,374.6575193963945,246,False,0.5,0.83837890625,0.656768798828125,0.5,0.5123738050460815
0.3576456705729167,0.3012339274088542,0.2909138997395833,376.0648589245975,247,False,0.5,0.8310546875,0.6527506510416666,0.50048828125,0.5115561485290527
0.3555501302083333,0.3012307484944661,0.2904052734375,377.4702217243612,248,False,0.5,0.826171875,0.6506220499674479,0.5009765625,0.5107309818267822
0.3507283528645833,0.30059358808729386,0.2919108072916667,378.87778959050775,249,False,0.5,0.826171875,0.6435546875,0.5,0.509881854057312
0.3513387044270833,0.30056095123291016,0.2865397135416667,380.2812537625432,250,False,0.5,0.82861328125,0.6452840169270834,0.5,0.5090446472167969
0.3484700520833333,0.30069806840684676,0.29022216796875,382.7046373486519,251,False,0.5,0.81884765625,0.6422551472981771,0.5,0.5081929564476013
0.3507080078125,0.3003806008232965,0.29034423828125,384.10999008640647,252,False,0.5,0.8271484375,0.6449991861979166,0.50048828125,0.5073497295379639
0.3484293619791667,0.300129042731391,0.2902628580729167,385.5100804902613,253,False,0.5,0.83251953125,0.6425043741861979,0.50048828125,0.506500244140625
0.3486328125,0.30006037818060977,0.28955078125,386.91962095722556,254,False,0.5,0.83056640625,0.648834228515625,0.50048828125,0.5056742429733276
0.34527587890625,0.29970953199598527,0.2898966471354167,388.3129034526646,255,False,0.5,0.82080078125,0.6420262654622396,0.5,0.5048196911811829
0.3445638020833333,0.30007584889729816,0.2903035481770833,389.6982341296971,256,False,0.5,0.81689453125,0.6288274129231771,0.5,0.5039336085319519
0.34295654296875,0.29980892605251735,0.2906697591145833,391.07833790779114,257,False,0.5,0.81982421875,0.6453959147135416,0.5,0.5030919313430786
0.343017578125,0.29952441321478945,0.2907511393229167,392.46412893012166,258,False,0.5,0.80224609375,0.6331888834635416,0.50048828125,0.5022194385528564
0.341552734375,0.29945956336127383,0.2912190755208333,393.84704468771815,259,False,0.5,0.81591796875,0.6369578043619791,0.5,0.5013554096221924
0.3395589192708333,0.29938697814941406,0.2909342447916667,395.2275129817426,260,False,0.5,0.8251953125,0.6343154907226562,0.5,0.5004819631576538
0.33966064453125,0.2995033264160156,0.2910563151041667,397.57906137406826,261,True,0.5,0.8916015625,0.7740351359049479,0.6923828125,0.5
0.3359781901041667,0.29945988125271267,0.2914835611979167,402.27023558691144,262,False,0.4,0.8212890625,0.63665771484375,0.5,0.4991362690925598
0.3354695638020833,0.2989504072401259,0.2907918294270833,403.7438003756106,263,False,0.4,0.80810546875,0.6201222737630209,0.5,0.4982234835624695
0.33990478515625,0.2993045383029514,0.2918904622395833,405.14408561587334,264,False,0.4,0.802734375,0.6191126505533854,0.5,0.4973086416721344
0.3330281575520833,0.29900137583414715,0.2895100911458333,406.5345884412527,265,False,0.4,0.802734375,0.6242955525716146,0.5,0.4964088797569275
0.3346761067708333,0.29910829332139754,0.2908121744791667,407.92975276336074,266,False,0.4,0.80322265625,0.6227620442708334,0.5,0.4955042600631714
0.3313802083333333,0.29849497477213544,0.28863525390625,409.3252711929381,267,False,0.4,0.8173828125,0.6222127278645834,0.5,0.4945961833000183
0.3308512369791667,0.29848660363091367,0.28814697265625,410.7188200317323,268,False,0.4,0.7919921875,0.6075007120768229,0.5,0.4936450719833374
0.3270263671875,0.29831790924072266,0.2899169921875,412.11306703835726,269,False,0.4,0.79248046875,0.6127192179361979,0.5,0.49271491169929504
0.33172607421875,0.29798751407199436,0.2898966471354167,413.4996131323278,270,False,0.4,0.8056640625,0.6092681884765625,0.5,0.491768479347229
0.3268839518229167,0.29815758599175346,0.2899576822916667,415.99789654091,271,False,0.4,0.78955078125,0.6061528523763021,0.5,0.4908161759376526
0.32818603515625,0.2981373469034831,0.2902018229166667,417.3967826925218,272,False,0.4,0.80615234375,0.6080525716145834,0.5,0.48986971378326416
0.32562255859375,0.2980107201470269,0.2921142578125,418.799486592412,273,False,0.4,0.80224609375,0.6040623982747396,0.5,0.48890775442123413
0.3298746744791667,0.2979064517550998,0.2904052734375,420.2011029794812,274,False,0.4,0.79638671875,0.6093317667643229,0.5,0.4879665970802307
0.3242390950520833,0.29803329043918186,0.29058837890625,421.58690613135695,275,False,0.4,0.7939453125,0.6082356770833334,0.50048828125,0.4870220422744751
0.32464599609375,0.29788292778862846,0.2910970052083333,422.9750609844923,276,False,0.4,0.80615234375,0.6081619262695312,0.50048828125,0.4860788583755493
0.3230183919270833,0.2977572547064887,0.2873738606770833,424.3657489530742,277,False,0.4,0.80029296875,0.6146469116210938,0.5,0.4851554036140442
0.3247477213541667,0.2978431913587782,0.28973388671875,425.7649653926492,278,False,0.4,0.791015625,0.6133550008138021,0.5,0.48422980308532715
0.3216959635416667,0.29798973931206596,0.28839111328125,427.16065602377057,279,False,0.4,0.79248046875,0.6054484049479166,0.50048828125,0.4832778871059418
0.31646728515625,0.29783089955647785,0.2905476888020833,428.5586378015578,280,False,0.4,0.78955078125,0.613555908203125,0.50048828125,0.482352077960968
0.3145345052083333,0.29807811313205296,0.2876383463541667,431.03659219667315,281,False,0.4,0.79833984375,0.6158447265625,0.5,0.48143529891967773
0.3169148763020833,0.29767576853434247,0.2899169921875,432.42156237363815,282,False,0.4,0.80078125,0.6096750895182291,0.5,0.4805000126361847
0.3145345052083333,0.29806190066867405,0.29144287109375,433.8211141452193,283,False,0.4,0.7978515625,0.6159337361653646,0.5,0.47958487272262573
0.3151448567708333,0.29779836866590714,0.290771484375,435.21777975559235,284,False,0.4,0.8017578125,0.6119155883789062,0.5,0.4786590039730072
0.3148396809895833,0.298241827223036,0.2905069986979167,436.60434345155954,285,False,0.4,0.8046875,0.6266581217447916,0.5,0.47777751088142395
0.3105265299479167,0.29732343885633683,0.2902018229166667,437.99216128885746,286,False,0.4,0.8095703125,0.6208521525065104,0.5,0.47688108682632446
0.3109944661458333,0.2981026967366536,0.2905680338541667,439.37536653131247,287,False,0.4,0.794921875,0.6190439860026041,0.50048828125,0.4759805202484131
0.3069051106770833,0.2977767520480686,0.2896525065104167,440.7605266571045,288,False,0.4,0.79931640625,0.6153132120768229,0.50048828125,0.475069522857666
0.3095703125,0.2982148064507379,0.29229736328125,442.14088321849704,289,False,0.4,0.7939453125,0.6188837687174479,0.5,0.4741690158843994
0.3103434244791667,0.2979835934109158,0.2914632161458333,443.5348554775119,290,False,0.4,0.80078125,0.6178843180338541,0.5,0.47326841950416565
0.3062540690104167,0.2981582217746311,0.2916056315104167,445.9789959490299,291,False,0.4,0.80810546875,0.6256256103515625,0.50048828125,0.4723894000053406
0.3065999348958333,0.29785950978597003,0.2907918294270833,447.3729483373463,292,False,0.4,0.794921875,0.6219863891601562,0.5,0.47150087356567383
0.3044840494791667,0.29785484737820095,0.2898966471354167,448.7776837646961,293,False,0.4,0.8154296875,0.6227366129557291,0.50048828125,0.4706156253814697
0.3043009440104167,0.2976061503092448,0.289306640625,450.18542489409447,294,False,0.4,0.81298828125,0.6295394897460938,0.50048828125,0.46975213289260864
0.3060099283854167,0.29767629835340714,0.29052734375,451.59188989177346,295,False,0.4,0.8037109375,0.6285781860351562,0.5,0.4688831567764282
0.3048299153645833,0.29768964979383683,0.28997802734375,452.9725960418582,296,False,0.4,0.81298828125,0.6329421997070312,0.5,0.46803146600723267
0.3055013020833333,0.2975962956746419,0.288818359375,454.36431094259024,297,False,0.4,0.81298828125,0.6367721557617188,0.5,0.467194527387619
0.3042805989583333,0.29755422804090714,0.2892049153645833,455.7506774663925,298,False,0.4,0.7978515625,0.6272506713867188,0.5,0.4663240313529968
0.3051350911458333,0.2972963121202257,0.2898356119791667,457.13923393934965,299,False,0.4,0.81201171875,0.6427383422851562,0.5,0.4654994308948517
0.3048299153645833,0.29751014709472656,0.2880859375,458.5324668623507,300,False,0.4,0.822265625,0.6364262898763021,0.5,0.4646593928337097
0.30560302734375,0.2979681226942274,0.2893269856770833,460.96421958878636,301,False,0.4,0.7978515625,0.6308619181315104,0.5,0.4638063907623291
0.30499267578125,0.29768837822808164,0.2918497721354167,462.3583002500236,302,False,0.4,0.81298828125,0.6391372680664062,0.50048828125,0.46297329664230347
0.30450439453125,0.297788831922743,0.2909749348958333,463.7519203424454,303,False,0.4,0.81201171875,0.6426010131835938,0.50048828125,0.4621534049510956
0.3082275390625,0.29786184098985463,0.2912801106770833,465.1533081829548,304,False,0.4,0.8017578125,0.6341196695963541,0.5,0.4613149166107178
0.3052164713541667,0.2980652915106879,0.29168701171875,466.55045060813427,305,False,0.4,0.80517578125,0.6360346476236979,0.5,0.4604761004447937
0.3043416341145833,0.29817220899793834,0.2912801106770833,467.94248943030834,306,False,0.4,0.81787109375,0.6503779093424479,0.5,0.4596816599369049
0.3039754231770833,0.29795593685574,0.2909952799479167,469.3401241414249,307,False,0.4,0.80615234375,0.63787841796875,0.5,0.45885008573532104
0.3056437174479167,0.2976849873860677,0.2870890299479167,470.7366183809936,308,False,0.4,0.82421875,0.6573130289713541,0.5,0.4580770432949066
0.30621337890625,0.29823165469699436,0.2906697591145833,472.1332099623978,309,False,0.4,0.80908203125,0.6373697916666666,0.50048828125,0.45724666118621826
0.3046875,0.2981286578708225,0.2914835611979167,473.53359258547425,310,False,0.4,0.81201171875,0.6400680541992188,0.50048828125,0.45642197132110596
0.3052775065104167,0.2982625961303711,0.29168701171875,476.0025691576302,311,False,0.4,0.81884765625,0.6479975382486979,0.5,0.4556203782558441
0.3059895833333333,0.2981300354003906,0.2917683919270833,477.40882002934813,312,False,0.4,0.81201171875,0.6514358520507812,0.50048828125,0.4548274278640747
0.3073933919270833,0.29819403754340273,0.28955078125,478.8092565536499,313,False,0.4,0.83154296875,0.6539789835611979,0.5,0.4540504217147827
0.3046875,0.29818163977728945,0.2908732096354167,480.2194702140987,314,False,0.4,0.81787109375,0.6482137044270834,0.5,0.4532508850097656
0.30511474609375,0.29784054226345485,0.2901611328125,481.6262486949563,315,False,0.4,0.82568359375,0.6716486612955729,0.50048828125,0.4525163173675537
0.3053181966145833,0.2978331247965495,0.29095458984375,483.0395042002201,316,False,0.4,0.8251953125,0.6520970662434896,0.5,0.4517315626144409
0.305908203125,0.29821671379937065,0.2905069986979167,484.44353042915463,317,False,0.4,0.81982421875,0.6563796997070312,0.5,0.45095863938331604
0.3051350911458333,0.2980798085530599,0.2912190755208333,485.853134278208,318,False,0.4,0.81494140625,0.6495310465494791,0.5,0.4501644968986511
0.3064371744791667,0.2984479268391927,0.2879435221354167,487.2641514837742,319,False,0.4,0.81591796875,0.6545206705729166,0.5,0.4493819773197174
0.30609130859375,0.2982630199856228,0.2913818359375,488.6712998598814,320,False,0.4,0.82421875,0.6563517252604166,0.5,0.44861072301864624
0.3051554361979167,0.29768043094211155,0.2863972981770833,491.15660558640957,321,False,0.4,0.8173828125,0.6547495524088541,0.5,0.44783449172973633
0.3050944010416667,0.2978140513102214,0.2878011067708333,492.561584610492,322,False,0.4,0.81005859375,0.64398193359375,0.50048828125,0.4470263421535492
0.3055013020833333,0.29780981275770396,0.2916259765625,493.9624265767634,323,False,0.4,0.81787109375,0.6527125040690104,0.5,0.4462473392486572
0.3065592447916667,0.2981586456298828,0.2906087239583333,495.37106846645474,324,False,0.4,0.80908203125,0.6488291422526041,0.5,0.4454571306705475
0.3046061197916667,0.2983904944525825,0.2909749348958333,496.7776133865118,325,False,0.4,0.8232421875,0.660919189453125,0.5,0.44470155239105225
0.3057454427083333,0.2982480790879991,0.28887939453125,498.1815703250468,326,False,0.4,0.8095703125,0.6488698323567709,0.5,0.4439108967781067
0.3052775065104167,0.298212899102105,0.2909138997395833,499.581371948123,327,False,0.4,0.80859375,0.6497319539388021,0.5,0.4431224763393402
0.3062744140625,0.2980340321858724,0.2914632161458333,500.98745408654213,328,False,0.4,0.81396484375,0.6589914957682291,0.5,0.44236069917678833
0.3055419921875,0.29822709825303817,0.2899169921875,502.3674051463604,329,False,0.4,0.81494140625,0.6533788045247396,0.50048828125,0.4415810704231262
0.30487060546875,0.2980110380384657,0.2910563151041667,503.7531158849597,330,False,0.4,0.81591796875,0.6556650797526041,0.50048828125,0.4408130645751953
0.3050333658854167,0.29778798421223956,0.2886149088541667,506.1855198442936,331,False,0.4,0.80615234375,0.6488418579101562,0.5,0.4400305151939392
0.30670166015625,0.29809051089816624,0.29034423828125,507.5668899938464,332,False,0.4,0.80859375,0.6498743693033854,0.5,0.4392453730106354
0.30572509765625,0.29770035213894314,0.29095458984375,508.94881353899837,333,False,0.4,0.82275390625,0.6398595174153646,0.50048828125,0.43843117356300354
0.3066813151041667,0.2975326114230686,0.2916666666666667,510.3267392218113,334,False,0.4,0.81201171875,0.6498285929361979,0.5,0.4376456141471863
0.30523681640625,0.2982376946343316,0.29150390625,511.70627165958285,335,False,0.4,0.806640625,0.6337025960286459,0.5,0.43681764602661133
0.3069864908854167,0.2984597947862413,0.2920939127604167,513.0925818048418,336,False,0.4,0.826171875,0.6558202107747396,0.50048828125,0.4360508322715759
0.3045247395833333,0.2981092664930555,0.2916259765625,514.4871849566698,337,False,0.4,0.80908203125,0.6514027913411459,0.5,0.43527114391326904
0.3048299153645833,0.2982773251003689,0.28997802734375,515.891924303025,338,False,0.4,0.80908203125,0.6419728597005209,0.5,0.4344688653945923
0.3066609700520833,0.29839028252495664,0.29095458984375,517.2760190777481,339,False,0.4,0.79931640625,0.6396764119466146,0.50048828125,0.4336594045162201
0.3054402669270833,0.29832182990180117,0.2911376953125,518.6619101017714,340,False,0.4,0.8154296875,0.6534907023111979,0.5,0.4328857958316803
0.3060709635416667,0.29823896620008683,0.29266357421875,521.0679709613323,341,False,0.4,0.80517578125,0.6463241577148438,0.5,0.4320950210094452
0.3064982096354167,0.29839494493272567,0.2900187174479167,522.4633886441588,342,False,0.4,0.80419921875,0.6376266479492188,0.5,0.4312824308872223
0.3070068359375,0.29838265313042533,0.2908732096354167,523.8565476350486,343,False,0.4,0.7919921875,0.630096435546875,0.5,0.4304443895816803
0.3055216471354167,0.2984312905205621,0.2878214518229167,525.2467931881547,344,False,0.4,0.8017578125,0.6406275431315104,0.5,0.42964184284210205
0.3053995768229167,0.2984739939371745,0.2897135416666667,526.6399521753192,345,False,0.4,0.8125,0.6434249877929688,0.5,0.42884165048599243
0.3042805989583333,0.2975807189941406,0.2905476888020833,528.0286843106151,346,False,0.4,0.78955078125,0.629241943359375,0.50048828125,0.42800164222717285
0.3045857747395833,0.29831992255316836,0.2904256184895833,529.4296345338225,347,False,0.4,0.80517578125,0.6268793741861979,0.5,0.42716407775878906
0.3073323567708333,0.29808468288845485,0.2932332356770833,530.8290041051805,348,False,0.4,0.7939453125,0.6186192830403646,0.5,0.4262974262237549
0.3048502604166667,0.29817358652750653,0.29052734375,532.2363194935024,349,False,0.4,0.78271484375,0.6230239868164062,0.5,0.4254450798034668
0.3064778645833333,0.2980242835150825,0.2916463216145833,533.6248111575842,350,False,0.4,0.78857421875,0.612060546875,0.5,0.4245647192001343
0.3041788736979167,0.29811869727240664,0.29083251953125,536.0674327462912,351,False,0.4,0.791015625,0.6211471557617188,0.5,0.423709899187088
0.30645751953125,0.29755613538953996,0.2899169921875,537.4566432870924,352,False,0.4,0.78759765625,0.6119232177734375,0.5,0.42282581329345703
0.3046671549479167,0.29768954383002383,0.2919108072916667,538.8467693813145,353,False,0.4,0.7783203125,0.6137237548828125,0.5,0.42195242643356323
0.3050333658854167,0.29813141292995876,0.29083251953125,540.2430138215423,354,False,0.4,0.77001953125,0.6049143473307291,0.5,0.42105087637901306
0.30572509765625,0.2978122499254015,0.2914225260416667,541.6367976181209,355,False,0.4,0.79931640625,0.6271413167317709,0.5,0.42021337151527405
0.3055419921875,0.2983129289415148,0.2895711263020833,543.0205458551645,356,False,0.4,0.7958984375,0.6248118082682291,0.5,0.41937127709388733
0.30499267578125,0.2984144422743055,0.2910563151041667,544.4086702689528,357,False,0.4,0.76904296875,0.6067148844401041,0.5,0.4184766411781311
0.3066813151041667,0.29795508914523655,0.2898763020833333,545.8098913133144,358,False,0.4,0.78369140625,0.6191329956054688,0.5,0.417621910572052
0.30694580078125,0.2981831232706706,0.2914835611979167,547.2158839814365,359,False,0.4,0.77197265625,0.6131820678710938,0.5,0.41674870252609253
0.3050130208333333,0.29788822597927517,0.2895914713541667,548.6260287985206,360,False,0.4,0.77587890625,0.6093648274739584,0.5,0.41586482524871826
0.3058064778645833,0.2982794443766276,0.2901407877604167,551.065180875361,361,False,0.4,0.77099609375,0.6086247762044271,0.50048828125,0.4149821400642395
0.3049519856770833,0.2979685465494792,0.292236328125,552.4596554115415,362,False,0.4,0.7724609375,0.6032765706380209,0.5,0.4140858054161072
0.3060506184895833,0.2981103261311849,0.2889811197916667,553.8534878008068,363,False,0.4,0.7685546875,0.6105880737304688,0.5,0.41321057081222534
0.30609130859375,0.2982199986775716,0.29034423828125,555.2374691590667,364,False,0.4,0.76806640625,0.6003901163736979,0.5,0.41230157017707825
0.3059488932291667,0.29791418711344403,0.2903645833333333,556.616680689156,365,False,0.4,0.78564453125,0.6084467569986979,0.5,0.41141584515571594
0.3054402669270833,0.2979804144965278,0.2913411458333333,558.0064671337605,366,False,0.4,0.767578125,0.5997060139973959,0.5,0.4105122685432434
0.3050333658854167,0.2977859708997938,0.2911173502604167,559.3887387812138,367,False,0.4,0.7919921875,0.6142527262369791,0.5,0.40964967012405396
0.3060099283854167,0.29804250929090714,0.2895711263020833,560.7883120439947,368,False,0.4,0.77197265625,0.5936711629231771,0.50048828125,0.4087252616882324
0.3048502604166667,0.2976963255140516,0.291748046875,562.1924158409238,369,False,0.4,0.7685546875,0.6057459513346354,0.5,0.40784215927124023
0.3055013020833333,0.29766474829779727,0.2898152669270833,563.5917427800596,370,False,0.4,0.77001953125,0.6072591145833334,0.50048828125,0.40696030855178833
0.30572509765625,0.29799800448947483,0.28765869140625,566.0249517336488,371,False,0.4,0.76904296875,0.5957489013671875,0.5,0.40604740381240845
0.3062744140625,0.29778724246554905,0.29095458984375,567.4196802005172,372,False,0.4,0.7666015625,0.6079991658528646,0.5,0.40517544746398926
0.3038330078125,0.2977191077338324,0.2912801106770833,568.8103408254683,373,False,0.4,0.76708984375,0.6081415812174479,0.50146484375,0.4043028950691223
0.3050333658854167,0.2982920540703668,0.2899169921875,570.206118889153,374,False,0.4,0.76123046875,0.5969874064127604,0.5,0.40339499711990356
0.30682373046875,0.2978136274549696,0.2907307942708333,571.5972920805216,375,False,0.4,0.7744140625,0.6097208658854166,0.5,0.40253007411956787
0.3038533528645833,0.2980367872450087,0.2909342447916667,572.9935835637152,376,False,0.4,0.767578125,0.5908635457356771,0.50048828125,0.40161097049713135
0.3050944010416667,0.29816193050808376,0.2908121744791667,574.3854585438967,377,False,0.4,0.76318359375,0.6001917521158854,0.5,0.400717169046402
0.30621337890625,0.2983400556776259,0.2897542317708333,575.7733825333416,378,True,0.4,0.81103515625,0.6634419759114584,0.56396484375,0.4
0.30401611328125,0.2982978820800781,0.2905680338541667,580.7287023551762,379,False,0.3,0.763671875,0.6001739501953125,0.5,0.3991115689277649
0.3049519856770833,0.2984502580430773,0.2928263346354167,582.1325906515121,380,False,0.3,0.759765625,0.5974629720052084,0.5,0.3982146382331848
0.3042805989583333,0.2980658213297526,0.2917683919270833,584.7040134556592,381,False,0.3,0.76953125,0.598541259765625,0.5,0.3973245918750763
0.3053995768229167,0.2980777952406142,0.2906901041666667,586.1083070859313,382,False,0.3,0.76904296875,0.6048533121744791,0.5,0.39645081758499146
0.30633544921875,0.29799630906846786,0.2907918294270833,587.5145004279912,383,False,0.3,0.76611328125,0.6038233439127604,0.5,0.39557981491088867
0.3044637044270833,0.29798348744710285,0.29071044921875,588.9294355101883,384,False,0.3,0.765625,0.6048177083333334,0.5,0.39470741152763367
0.3052978515625,0.2982015609741211,0.2916666666666667,590.3372689150274,385,False,0.3,0.77685546875,0.6103973388671875,0.5,0.3938522934913635
0.3056640625,0.2982336680094401,0.2918497721354167,591.7477636635303,386,False,0.3,0.76513671875,0.5979283650716146,0.5,0.39295992255210876
0.30706787109375,0.29823917812771267,0.2925618489583333,593.1563331894577,387,False,0.3,0.767578125,0.5946248372395834,0.5,0.39206403493881226
0.3033447265625,0.29767756991916233,0.29095458984375,594.5603461824358,388,False,0.3,0.7509765625,0.59014892578125,0.5,0.3911505341529846
0.30487060546875,0.2980640199449327,0.2913004557291667,595.957937695086,389,False,0.3,0.7470703125,0.5912017822265625,0.5,0.39024433493614197
0.30706787109375,0.29829968346489805,0.29229736328125,597.3628552220762,390,False,0.3,0.75439453125,0.6014684041341146,0.5,0.38937193155288696
0.30572509765625,0.29811763763427734,0.28912353515625,599.925454813987,391,False,0.3,0.7548828125,0.6006851196289062,0.50048828125,0.3884933590888977
0.30474853515625,0.2979895273844401,0.2916463216145833,601.3335312604904,392,False,0.3,0.7578125,0.5947189331054688,0.5,0.3875977396965027
0.3057454427083333,0.29796695709228516,0.2902628580729167,602.7327410690486,393,False,0.3,0.75390625,0.58673095703125,0.5,0.3866855800151825
0.3056844075520833,0.2979948255750868,0.2895100911458333,604.1418758928776,394,False,0.3,0.75146484375,0.5957514444986979,0.5,0.38579821586608887
0.3038126627604167,0.2977485656738281,0.289794921875,605.546323530376,395,False,0.3,0.75341796875,0.6005884806315104,0.5,0.3849254250526428
0.305419921875,0.2979324128892687,0.2904256184895833,606.9521289244294,396,False,0.3,0.76513671875,0.5977020263671875,0.5,0.38404566049575806
0.305908203125,0.29787476857503253,0.2913411458333333,608.3520487248898,397,False,0.3,0.75732421875,0.5984700520833334,0.5,0.38317006826400757
0.3077189127604167,0.29823027716742617,0.290771484375,609.7486416511238,398,False,0.3,0.751953125,0.5932083129882812,0.50048828125,0.38227859139442444
0.30804443359375,0.29828495449490017,0.2900187174479167,611.1358163096011,399,False,0.3,0.76171875,0.5885289510091146,0.50048828125,0.3813752233982086
0.3066202799479167,0.29822222391764325,0.28887939453125,612.5425747483969,400,False,0.3,0.755859375,0.5936940511067709,0.5,0.3804851174354553
0.3052978515625,0.2980968687269423,0.29144287109375,615.0465549714863,401,False,0.3,0.763671875,0.5931727091471354,0.5,0.37959757447242737
0.3057454427083333,0.29853396945529515,0.2894083658854167,616.428474266082,402,False,0.3,0.7734375,0.6066385904947916,0.5,0.37875211238861084
0.303955078125,0.2980075412326389,0.2913411458333333,617.8127889670432,403,False,0.3,0.74658203125,0.5876235961914062,0.5,0.37784913182258606
0.3060506184895833,0.2983569039238824,0.2911580403645833,619.1986081674695,404,False,0.3,0.74267578125,0.5878041585286459,0.5,0.37694862484931946
0.3047688802083333,0.29800595177544487,0.2876180013020833,620.5876827910542,405,False,0.3,0.75537109375,0.5976893107096354,0.5,0.3760783076286316
0.3059895833333333,0.29851531982421875,0.2873331705729167,621.9735315963626,406,False,0.3,0.75927734375,0.5941670735677084,0.5,0.3751956522464752
0.3072509765625,0.29845672183566624,0.2913818359375,623.3608397319913,407,False,0.3,0.7666015625,0.6099090576171875,0.5,0.3743564486503601
0.3038533528645833,0.29803572760687935,0.29107666015625,624.7547427304089,408,False,0.3,0.7548828125,0.6059773763020834,0.50048828125,0.3735119104385376
0.3056233723958333,0.29829650455051,0.2923990885416667,626.1557690277696,409,False,0.3,0.740234375,0.5942509969075521,0.50048828125,0.3726383149623871
0.3064982096354167,0.29873296949598527,0.2925008138020833,627.5610210224986,410,False,0.3,0.7509765625,0.6017023722330729,0.5,0.37178391218185425
0.3064778645833333,0.29834895663791233,0.2906494140625,630.0762463510036,411,False,0.3,0.744140625,0.5867436726888021,0.50048828125,0.37089091539382935
0.3056844075520833,0.2989072799682617,0.2894287109375,631.4675066284835,412,False,0.3,0.734375,0.5960744222005209,0.5,0.37002140283584595
0.3058878580729167,0.29826111263699,0.2909138997395833,632.860761731863,413,False,0.3,0.75732421875,0.5994338989257812,0.50048828125,0.36916494369506836
0.3045450846354167,0.298556645711263,0.291748046875,634.2519418522716,414,False,0.3,0.748046875,0.5961863199869791,0.5,0.368297278881073
0.3051961263020833,0.29861852857801646,0.29150390625,635.6448482498527,415,False,0.3,0.7529296875,0.6001536051432291,0.5,0.36744576692581177
0.30633544921875,0.29826312594943577,0.29241943359375,637.0263743363321,416,False,0.3,0.7529296875,0.6044896443684896,0.5,0.36660635471343994
0.304931640625,0.29859934912787545,0.2897135416666667,638.4163120985031,417,False,0.3,0.75732421875,0.6112416585286459,0.5009765625,0.36578840017318726
0.305908203125,0.29874822828504777,0.2921142578125,639.8044540695846,418,False,0.3,0.75244140625,0.6041412353515625,0.5,0.36495131254196167
0.3066813151041667,0.2985578113132053,0.2921956380208333,641.2063895128667,419,False,0.3,0.7412109375,0.5905380249023438,0.5,0.3640763759613037
0.30645751953125,0.29850472344292533,0.2908121744791667,642.6080670021474,420,False,0.3,0.7734375,0.6252034505208334,0.5,0.3632963001728058
0.30517578125,0.2990037070380317,0.2909138997395833,645.1513894610107,421,False,0.3,0.74462890625,0.6144536336263021,0.5,0.3624887764453888
0.3071695963541667,0.29849667019314235,0.2906901041666667,646.5411101542413,422,False,0.3,0.74169921875,0.5978825887044271,0.5,0.36163586378097534
0.3064168294270833,0.29810343848334414,0.2898966471354167,647.9207901917398,423,False,0.3,0.74853515625,0.6045735677083334,0.5,0.3608023226261139
0.30609130859375,0.29846763610839844,0.2923787434895833,649.3044476285577,424,False,0.3,0.73779296875,0.5929438273111979,0.5,0.35993924736976624
0.3068644205729167,0.2984244028727214,0.2919108072916667,650.6867460049689,425,False,0.3,0.75048828125,0.6025924682617188,0.50048828125,0.35910293459892273
0.3089803059895833,0.2985120349460178,0.2884521484375,652.0800566114485,426,False,0.3,0.7421875,0.5996678670247396,0.5,0.3582581877708435
0.306640625,0.29810089535183376,0.2901814778645833,653.4677007049322,427,False,0.3,0.74755859375,0.6098759969075521,0.5,0.3574413061141968
0.3040568033854167,0.29811615414089626,0.2896321614583333,654.8479748293757,428,False,0.3,0.77099609375,0.6171493530273438,0.50048828125,0.35664451122283936
0.3075764973958333,0.2983581754896376,0.2915445963541667,656.2342867515981,429,False,0.3,0.7607421875,0.6089070638020834,0.5,0.35582754015922546
0.3051554361979167,0.2983006371392144,0.2881062825520833,657.631040584296,430,False,0.3,0.7392578125,0.5970789591471354,0.50048828125,0.3549783229827881
0.3047892252604167,0.29831907484266496,0.2896931966145833,660.2073917761445,431,False,0.3,0.765625,0.6013285319010416,0.5,0.3541456162929535
0.3049519856770833,0.2981577979193793,0.290771484375,661.6123429425061,432,False,0.3,0.7529296875,0.6113713582356771,0.5,0.35334187746047974
0.3047688802083333,0.29877207014295787,0.2906697591145833,663.0176892206073,433,False,0.3,0.75439453125,0.5988210042317709,0.5,0.3525065779685974
0.306396484375,0.2983517116970486,0.290771484375,664.4212692677975,434,False,0.3,0.748046875,0.6090215047200521,0.5,0.3516956567764282
0.305419921875,0.29852040608723956,0.2894694010416667,665.8202165402472,435,False,0.3,0.751953125,0.6070658365885416,0.5,0.3508802056312561
0.3070882161458333,0.29872671763102215,0.292724609375,667.2205043770373,436,False,0.3,0.74462890625,0.6068700154622396,0.5,0.35005998611450195
0.30706787109375,0.2987828784518772,0.2909138997395833,668.6142807155848,437,False,0.3,0.7529296875,0.6000111897786459,0.5,0.34922564029693604
0.3050333658854167,0.29832373725043404,0.2916056315104167,670.0134435705841,438,False,0.3,0.734375,0.5933074951171875,0.5,0.3483697772026062
0.3052775065104167,0.29842599232991535,0.2921142578125,671.4122965075076,439,False,0.3,0.72998046875,0.5835774739583334,0.5,0.3474898338317871
0.3055826822916667,0.2982935375637478,0.2917277018229167,672.8248522877693,440,False,0.3,0.73486328125,0.5911788940429688,0.5,0.3466373085975647
0.3082071940104167,0.29856660630967885,0.2902425130208333,675.3701269552112,441,False,0.3,0.73193359375,0.5894571940104166,0.5,0.3457803428173065
0.3046671549479167,0.29851733313666445,0.29010009765625,676.768484249711,442,False,0.3,0.73193359375,0.5924479166666666,0.5,0.3449316918849945
0.3065999348958333,0.29802174038357204,0.2893473307291667,678.1536641232669,443,False,0.3,0.72119140625,0.5866368611653646,0.5,0.34407055377960205
0.30804443359375,0.29867712656656903,0.2906290690104167,679.5541365891695,444,False,0.3,0.73779296875,0.5901056925455729,0.50048828125,0.34321531653404236
0.3057657877604167,0.2984003490871853,0.2912190755208333,680.9474567994475,445,False,0.3,0.724609375,0.5925038655598959,0.5,0.34236854314804077
0.30474853515625,0.29837788475884336,0.2923380533854167,682.3469069376588,446,False,0.3,0.7294921875,0.5950241088867188,0.5,0.341532826423645
0.30474853515625,0.2984701792399089,0.2885335286458333,683.7422221414745,447,False,0.3,0.724609375,0.5842844645182291,0.50048828125,0.34066736698150635
0.30511474609375,0.2981386184692383,0.2915242513020833,685.1387175023556,448,False,0.3,0.7275390625,0.5790278116861979,0.5,0.33978790044784546
0.3072102864583333,0.2984642452663846,0.2910970052083333,686.5307739190757,449,False,0.3,0.728515625,0.5865325927734375,0.5,0.3389303684234619
0.3078409830729167,0.29827340443929035,0.29058837890625,687.9372821487486,450,False,0.3,0.732421875,0.5782241821289062,0.5,0.33804747462272644
0.3055216471354167,0.29868125915527344,0.2919718424479167,690.5038359090686,451,False,0.3,0.71875,0.58221435546875,0.5,0.33718341588974
0.30548095703125,0.29857264624701607,0.2887776692708333,691.9164087735116,452,False,0.3,0.7392578125,0.5939407348632812,0.5,0.3363504409790039
0.3061319986979167,0.29848988850911456,0.289306640625,693.3243030570447,453,False,0.3,0.72802734375,0.5887196858723959,0.5,0.33550700545310974
0.3054606119791667,0.29826492733425564,0.29046630859375,694.7408397272229,454,False,0.3,0.7119140625,0.589324951171875,0.50048828125,0.33466118574142456
0.3057861328125,0.2983998192681207,0.2923787434895833,696.1518403962255,455,False,0.3,0.7314453125,0.5874913533528646,0.5,0.3338116705417633
0.3055013020833333,0.2983051935831706,0.2898356119791667,697.5689135715365,456,False,0.3,0.71044921875,0.5798314412434896,0.5,0.33293989300727844
0.3064778645833333,0.29837152693006724,0.2904256184895833,698.9699331074953,457,False,0.3,0.70703125,0.5744857788085938,0.5,0.33205950260162354
0.3050130208333333,0.2984064949883355,0.2930094401041667,700.3880387321115,458,False,0.3,0.7109375,0.57708740234375,0.50048828125,0.33118683099746704
0.3070271809895833,0.2987343470255534,0.29217529296875,701.7971805520356,459,False,0.3,0.71875,0.5859095255533854,0.50048828125,0.3303403854370117
0.3059895833333333,0.29850016699896914,0.2917277018229167,703.2013270929456,460,False,0.3,0.71337890625,0.5784454345703125,0.5,0.32947108149528503
0.3071695963541667,0.2983700434366862,0.2913411458333333,705.7458870969713,461,False,0.3,0.71337890625,0.5823516845703125,0.5,0.3286150097846985
0.3053385416666667,0.2983631557888455,0.2891031901041667,707.1628423444927,462,False,0.3,0.71826171875,0.5831273396809896,0.5,0.3277616500854492
0.3053181966145833,0.29835965898301864,0.29168701171875,708.5663559138775,463,False,0.3,0.70263671875,0.5710779825846354,0.5,0.3268771171569824
0.3040974934895833,0.298386467827691,0.29150390625,709.9725609235466,464,False,0.3,0.6982421875,0.5703455607096354,0.5,0.3259941637516022
0.30419921875,0.2984180450439453,0.2896931966145833,711.3791991509497,465,False,0.3,0.71923828125,0.5815327962239584,0.5,0.32513952255249023
0.30755615234375,0.29844432406955296,0.29150390625,712.7835106886923,466,False,0.3,0.70703125,0.5752817789713541,0.5,0.3242673873901367
0.3075154622395833,0.298587163289388,0.2911580403645833,714.1839734651148,467,False,0.3,0.71728515625,0.5809046427408854,0.5,0.3234117031097412
0.3063151041666667,0.29840087890625,0.2911580403645833,715.5989092960954,468,False,0.3,0.701171875,0.5772120157877604,0.5,0.3225533366203308
0.3056233723958333,0.2986920674641927,0.2905069986979167,717.0250127986073,469,False,0.3,0.7060546875,0.5815099080403646,0.50048828125,0.3217046856880188
0.3057657877604167,0.29909367031521267,0.2907918294270833,718.4605161100626,470,False,0.3,0.70361328125,0.5744883219401041,0.50048828125,0.32083719968795776
0.3057047526041667,0.29888778262668186,0.2916259765625,721.0280277989805,471,False,0.3,0.70849609375,0.5807037353515625,0.5,0.3199899196624756
0.3057657877604167,0.2987496058146159,0.2921549479166667,722.4351806379855,472,False,0.3,0.70361328125,0.5731964111328125,0.5,0.31911659240722656
0.3056437174479167,0.2986063427395291,0.2910359700520833,723.8382831923664,473,False,0.3,0.724609375,0.5893402099609375,0.5,0.31829166412353516
0.3048299153645833,0.2981168958875868,0.2908121744791667,725.2384754642844,474,False,0.3,0.69970703125,0.5750376383463541,0.5,0.3174300789833069
0.3066202799479167,0.2982264624701606,0.2913004557291667,726.633868843317,475,False,0.3,0.689453125,0.5794881184895834,0.5,0.316586434841156
0.3052978515625,0.29838519626193577,0.29217529296875,728.0269757136703,476,False,0.3,0.70458984375,0.57220458984375,0.5,0.31572407484054565
0.305908203125,0.29847176869710285,0.2920328776041667,729.4231103509665,477,False,0.3,0.7001953125,0.5815251668294271,0.50048828125,0.31488436460494995
0.3054402669270833,0.29828855726453996,0.2917887369791667,730.8159385472536,478,False,0.3,0.69873046875,0.5792109171549479,0.50048828125,0.31404098868370056
0.30401611328125,0.29809241824679905,0.2909342447916667,732.2153807654977,479,False,0.3,0.68798828125,0.5606435139973959,0.5,0.3131493926048279
0.3058268229166667,0.2986604902479384,0.2902628580729167,733.6168749965727,480,False,0.3,0.7001953125,0.5761820475260416,0.5,0.31229767203330994
0.30474853515625,0.2987688912285699,0.2904052734375,736.1161442361772,481,False,0.3,0.6884765625,0.5697708129882812,0.50048828125,0.3114326000213623
0.3043009440104167,0.29842397901746964,0.2903035481770833,737.5494356043637,482,False,0.3,0.69287109375,0.571929931640625,0.5,0.31057536602020264
0.3078816731770833,0.29922368791368276,0.29168701171875,738.9948233738542,483,False,0.3,0.69384765625,0.5797449747721354,0.50048828125,0.3097354769706726
0.30584716796875,0.29834567175971144,0.2904866536458333,740.4081471525133,484,False,0.3,0.70361328125,0.5745010375976562,0.5,0.3088878393173218
0.3057454427083333,0.2984777026706272,0.2920939127604167,741.7981464229524,485,False,0.3,0.6845703125,0.565948486328125,0.5,0.3080173432826996
0.3057454427083333,0.29857858022054035,0.2923787434895833,743.187986344099,486,False,0.3,0.70068359375,0.5714441935221354,0.5,0.307162344455719
0.3058675130208333,0.29872989654541016,0.2902425130208333,744.5875225514174,487,False,0.3,0.6865234375,0.5682551066080729,0.50048828125,0.306301474571228
0.3058878580729167,0.2983839246961806,0.29034423828125,745.9749252870679,488,False,0.3,0.68701171875,0.5686620076497396,0.5,0.305439293384552
0.3049112955729167,0.29854806264241535,0.2926228841145833,747.366580080241,489,False,0.3,0.68505859375,0.5625940958658854,0.5,0.3045641779899597
0.3055216471354167,0.29859140184190536,0.28955078125,748.7539002597332,490,False,0.3,0.7001953125,0.5762252807617188,0.5,0.303729772567749
0.3045247395833333,0.29837195078531903,0.29168701171875,751.2613209635019,491,False,0.3,0.6845703125,0.5661061604817709,0.5,0.3028685450553894
0.3060506184895833,0.29840988583034944,0.2912801106770833,752.6633138135076,492,False,0.3,0.6865234375,0.5665384928385416,0.50048828125,0.30200809240341187
0.30419921875,0.29835934109157985,0.2916463216145833,754.0776800960302,493,False,0.3,0.6796875,0.5671284993489584,0.5,0.30115485191345215
0.3050130208333333,0.2982586754692925,0.2917683919270833,755.4906086474657,494,False,0.3,0.68310546875,0.564178466796875,0.5,0.30029240250587463
0.305419921875,0.2986095216539171,0.2925211588541667,756.8840407393873,495,True,0.3,0.8876953125,0.8232243855794271,0.7841796875,0.3
0.3060099283854167,0.2987373140123155,0.2910563151041667,762.0822537951171,496,False,0.2,0.68994140625,0.5701166788736979,0.5,0.29915645718574524
0.307373046875,0.29858356051974827,0.2916056315104167,763.4863581396639,497,False,0.2,0.6796875,0.5726979573567709,0.5,0.2983207702636719
0.3072102864583333,0.29881276024712455,0.2927449544270833,764.8908442258835,498,False,0.2,0.6953125,0.573760986328125,0.50048828125,0.2974897623062134
0.306640625,0.29872152540418834,0.2918294270833333,766.2895816117525,499,False,0.2,0.6796875,0.5658162434895834,0.5,0.2966337203979492
0.30511474609375,0.29855908287896055,0.2919514973958333,767.6950216218829,500,False,0.2,0.66845703125,0.5575790405273438,0.5,0.29576122760772705
0.3068440755208333,0.29868168301052517,0.28961181640625,770.3583643659949,501,False,0.2,0.70361328125,0.5788192749023438,0.5,0.2949478030204773
0.3043416341145833,0.29859129587809247,0.2917277018229167,771.7637525126338,502,False,0.2,0.68359375,0.5694605509440104,0.5,0.29411137104034424
0.3071695963541667,0.2986116409301758,0.28955078125,773.1596422679722,503,False,0.2,0.685546875,0.5641148885091146,0.5,0.2932600975036621
0.3046671549479167,0.2986299726698134,0.29150390625,774.5583337321877,504,False,0.2,0.673828125,0.5619862874348959,0.5,0.29240548610687256
0.3088582356770833,0.2985770967271593,0.2911173502604167,775.9561557993293,505,False,0.2,0.6708984375,0.5619761149088541,0.5,0.2915527820587158
0.30474853515625,0.2985158496432834,0.2921142578125,777.349496088922,506,False,0.2,0.67041015625,0.5566431681315104,0.5,0.29068809747695923
0.3052571614583333,0.29849031236436635,0.2922770182291667,778.7452383339405,507,False,0.2,0.67529296875,0.5623143513997396,0.5,0.28983771800994873
0.3052164713541667,0.2980804443359375,0.2902628580729167,780.1434073895216,508,False,0.2,0.68408203125,0.5670445760091146,0.5,0.28900328278541565
0.3050740559895833,0.2986574172973633,0.2906901041666667,781.5386951602995,509,False,0.2,0.66357421875,0.5574061075846354,0.5,0.2881447672843933
0.3044840494791667,0.29840130276150173,0.28863525390625,782.9361376389861,510,False,0.2,0.66748046875,0.5584309895833334,0.5,0.2872852385044098
0.3050333658854167,0.29857953389485675,0.2901814778645833,785.5841388143599,511,False,0.2,0.66845703125,0.5655975341796875,0.50048828125,0.2864490747451782
0.3051961263020833,0.29873402913411456,0.292236328125,786.9950889572501,512,False,0.2,0.67529296875,0.5612640380859375,0.5,0.2856022119522095
0.3054606119791667,0.2984887229071723,0.29052734375,788.3947352766991,513,False,0.2,0.6845703125,0.5711619059244791,0.5,0.2847819924354553
0.3047078450520833,0.29837142096625435,0.2920735677083333,789.7882316224277,514,False,0.2,0.66748046875,0.5617319742838541,0.5,0.28394585847854614
0.30712890625,0.2981218761867947,0.2890625,791.1884594038129,515,False,0.2,0.67431640625,0.5662587483723959,0.5,0.28311431407928467
0.30474853515625,0.2984751595391168,0.2896321614583333,792.5839835368097,516,False,0.2,0.671875,0.5775578816731771,0.50048828125,0.2823162078857422
0.3044026692708333,0.2984198464287652,0.2901611328125,793.9826892614365,517,False,0.2,0.67431640625,0.5679829915364584,0.5,0.28149735927581787
0.3052775065104167,0.29832956526014537,0.2913614908854167,795.3779588863254,518,False,0.2,0.658203125,0.5551630655924479,0.50048828125,0.2806437611579895
0.30474853515625,0.29796886444091797,0.2902628580729167,796.7792750671506,519,False,0.2,0.67822265625,0.5705998738606771,0.5,0.2798333764076233
0.3081258138020833,0.29856141408284503,0.2912394205729167,798.1629016324878,520,False,0.2,0.6748046875,0.5800628662109375,0.5,0.2790510058403015
0.3072713216145833,0.29806476169162327,0.2910970052083333,800.7895453423262,521,False,0.2,0.68359375,0.5747706095377604,0.5,0.27825427055358887
0.303955078125,0.29875066545274526,0.2896931966145833,802.2085429020226,522,False,0.2,0.666015625,0.5640436808268229,0.5,0.27743226289749146
0.3059285481770833,0.2983744939168294,0.2922566731770833,803.6287048943341,523,False,0.2,0.6689453125,0.5749766031901041,0.5,0.27663925290107727
0.3060302734375,0.2985082202487522,0.2919718424479167,805.0578827150166,524,False,0.2,0.689453125,0.5714848836263021,0.5,0.27583935856819153
0.30670166015625,0.2988552517361111,0.2908732096354167,806.4606449343264,525,False,0.2,0.66748046875,0.5571721394856771,0.5,0.2750035524368286
0.3047281901041667,0.298616197374132,0.29180908203125,807.865934483707,526,False,0.2,0.666015625,0.5660781860351562,0.5,0.2741941809654236
0.3062744140625,0.2986843321058485,0.29046630859375,809.265314552933,527,False,0.2,0.66552734375,0.5681966145833334,0.5,0.2733895778656006
0.3055623372395833,0.29839335547553164,0.2914225260416667,810.6673590540886,528,False,0.2,0.6669921875,0.5690409342447916,0.5,0.2725883722305298
0.3049112955729167,0.29825878143310547,0.2911376953125,812.0683961696923,529,False,0.2,0.67529296875,0.5796635945638021,0.5,0.2718163728713989
0.3077596028645833,0.2984263102213542,0.28948974609375,813.4665923044086,530,False,0.2,0.677734375,0.581878662109375,0.5,0.27104994654655457
0.3054402669270833,0.29888894822862416,0.29156494140625,816.113758996129,531,False,0.2,0.6689453125,0.5657246907552084,0.5,0.2702414393424988
0.30615234375,0.29874197642008465,0.29119873046875,817.5250825807452,532,False,0.2,0.6650390625,0.5720392862955729,0.5,0.26945436000823975
0.3046875,0.2982718149820964,0.2905069986979167,818.9539868682623,533,False,0.2,0.65771484375,0.5588912963867188,0.5,0.2686365842819214
0.30572509765625,0.2984026802910699,0.2895711263020833,820.3745303489268,534,False,0.2,0.66357421875,0.5681660970052084,0.5,0.2678449749946594
0.30645751953125,0.29887368943956166,0.29150390625,821.8017749115825,535,False,0.2,0.6806640625,0.5784047444661459,0.5,0.26708075404167175
0.3050130208333333,0.29886553022596574,0.2911173502604167,823.296730902046,536,False,0.2,0.669921875,0.5775349934895834,0.5,0.26631301641464233
0.3062540690104167,0.29900169372558594,0.2903849283854167,824.7042408883572,537,False,0.2,0.65576171875,0.5566889444986979,0.5,0.26549309492111206
0.3051554361979167,0.29870965745713973,0.2902018229166667,826.1047711260617,538,False,0.2,0.67724609375,0.57757568359375,0.5,0.2647290825843811
0.3053385416666667,0.29861990610758465,0.2914835611979167,827.5146203972399,539,False,0.2,0.68798828125,0.588592529296875,0.5,0.26398971676826477
0.30596923828125,0.29906611972384983,0.2927042643229167,828.9174288846552,540,False,0.2,0.65185546875,0.5629984537760416,0.5,0.26319247484207153
0.30706787109375,0.29864109887017143,0.2917887369791667,831.5276296436787,541,False,0.2,0.64794921875,0.5631027221679688,0.5,0.26239508390426636
0.3067220052083333,0.29865582784016925,0.2922770182291667,832.9426825009286,542,False,0.2,0.6494140625,0.5619939168294271,0.5,0.26159703731536865
0.3059488932291667,0.29849539862738717,0.2910359700520833,834.342324309051,543,False,0.2,0.66943359375,0.5719045003255209,0.5,0.26082563400268555
0.3057047526041667,0.29903316497802734,0.29010009765625,835.7591714784503,544,False,0.2,0.65478515625,0.5622431437174479,0.5,0.2600320279598236
0.3044026692708333,0.29832416110568577,0.29052734375,837.1515604779124,545,False,0.2,0.65869140625,0.55987548828125,0.5,0.2592355012893677
0.30517578125,0.2989061143663195,0.2913614908854167,838.5413515754044,546,False,0.2,0.66357421875,0.5709482828776041,0.5,0.2584664225578308
0.306396484375,0.2989786995781793,0.29150390625,839.9293870665133,547,False,0.2,0.64794921875,0.5604883829752604,0.5,0.25766873359680176
0.3053995768229167,0.298665894402398,0.2915445963541667,841.3214735127985,548,False,0.2,0.65478515625,0.5668004353841146,0.5,0.25688862800598145
0.3068644205729167,0.2990892198350694,0.29345703125,842.7089107111096,549,False,0.2,0.66845703125,0.5667572021484375,0.50048828125,0.2561148405075073
0.3061726888020833,0.29900572035047746,0.2920125325520833,844.0941243059933,550,False,0.2,0.65625,0.5682957967122396,0.5,0.2553443908691406
0.30487060546875,0.2990517086452908,0.2908121744791667,846.6735875681043,551,False,0.2,0.6455078125,0.5667292277018229,0.5,0.2545706033706665
0.3049112955729167,0.29889859093560117,0.2879638671875,848.06225727126,552,False,0.2,0.6484375,0.5613174438476562,0.5,0.25378596782684326
0.3064778645833333,0.2984975179036458,0.2920328776041667,849.4622007496655,553,False,0.2,0.65185546875,0.5579935709635416,0.5,0.2529942989349365
0.3067830403645833,0.2985954284667969,0.29119873046875,850.8621433638036,554,False,0.2,0.65478515625,0.5617726643880209,0.5,0.25221526622772217
0.3064778645833333,0.2982731925116645,0.28961181640625,852.2563678361475,555,False,0.2,0.66650390625,0.5644683837890625,0.5,0.25144046545028687
0.3078206380208333,0.2990282906426324,0.2922770182291667,853.6425466611981,556,False,0.2,0.6708984375,0.5717926025390625,0.50048828125,0.2506895959377289
0.3067423502604167,0.29895496368408203,0.2922770182291667,855.0312515832484,557,False,0.2,0.662109375,0.5758260091145834,0.5,0.24994495511054993
0.3058268229166667,0.2992747624715169,0.2924397786458333,856.4295230656862,558,False,0.2,0.65966796875,0.5785115559895834,0.5,0.24921146035194397
0.3053792317708333,0.2984932793511285,0.2916666666666667,857.8154169172049,559,False,0.2,0.65380859375,0.5584538777669271,0.5,0.24842989444732666
0.30755615234375,0.29822974734836155,0.2908935546875,859.2067972235382,560,False,0.2,0.66943359375,0.5701471964518229,0.5,0.2476797103881836
0.3055826822916667,0.29878997802734375,0.2908121744791667,861.7814546301961,561,False,0.2,0.65673828125,0.5636316935221354,0.5,0.246911883354187
0.306396484375,0.298771964179145,0.2905476888020833,863.1805572621524,562,False,0.2,0.66162109375,0.5743382771809896,0.5,0.24617302417755127
0.3055419921875,0.29860443539089626,0.2925008138020833,864.5862254016101,563,False,0.2,0.66455078125,0.5704574584960938,0.5,0.24542886018753052
0.3052775065104167,0.29825878143310547,0.291015625,865.9961003065109,564,False,0.2,0.6552734375,0.5640487670898438,0.50048828125,0.24467051029205322
0.30792236328125,0.2985604604085286,0.29058837890625,867.3973553664982,565,False,0.2,0.65478515625,0.5684865315755209,0.5,0.24392224848270416
0.3087361653645833,0.29923873477511936,0.2918701171875,868.7957226000726,566,False,0.2,0.66015625,0.5685373942057291,0.5,0.2431754171848297
0.3058268229166667,0.2988855573866102,0.2921956380208333,870.1900940835476,567,False,0.2,0.658203125,0.5658137003580729,0.50048828125,0.24242521822452545
0.30621337890625,0.29874928792317706,0.29010009765625,871.5882504470646,568,False,0.2,0.65771484375,0.5727717081705729,0.5,0.24168789386749268
0.3057047526041667,0.29859574635823566,0.2920125325520833,872.9832770675421,569,False,0.2,0.66650390625,0.5765508015950521,0.50048828125,0.24096041917800903
0.3073527018229167,0.2990054024590386,0.29095458984375,874.3787982203066,570,False,0.2,0.67578125,0.5774612426757812,0.5,0.2402399182319641
0.3066813151041667,0.29886648390028214,0.2911376953125,876.9484689570963,571,False,0.2,0.6748046875,0.5808080037434896,0.5,0.23952984809875488
0.3076375325520833,0.2991098827785916,0.29144287109375,878.3349016606808,572,False,0.2,0.65869140625,0.5797170003255209,0.50048828125,0.23881728947162628
0.30560302734375,0.2990791532728407,0.2924397786458333,879.7253103479743,573,False,0.2,0.66259765625,0.5618438720703125,0.5,0.23806597292423248
0.30535888671875,0.2985425525241428,0.2920939127604167,881.1234823837876,574,False,0.2,0.6494140625,0.5539296468098959,0.5,0.23729592561721802
0.3052164713541667,0.299239370557997,0.2909749348958333,882.5193323679268,575,False,0.2,0.65771484375,0.57525634765625,0.5,0.23657912015914917
0.30584716796875,0.2992195553249783,0.29132080078125,883.9078883491457,576,False,0.2,0.65771484375,0.5652618408203125,0.5,0.23584121465682983
0.3072713216145833,0.2988422181871202,0.2903035481770833,885.2917765490711,577,False,0.2,0.66650390625,0.5814870198567709,0.5,0.23514235019683838
0.3056640625,0.2989350424872504,0.2885538736979167,886.6787354126573,578,False,0.2,0.64306640625,0.5710220336914062,0.5,0.23441925644874573
0.306640625,0.2989867528279622,0.2923380533854167,888.0621798448265,579,False,0.2,0.66552734375,0.5841522216796875,0.5,0.23372429609298706
0.3049723307291667,0.29885843065049916,0.291259765625,889.452809471637,580,False,0.2,0.662109375,0.5811996459960938,0.5,0.2330271303653717
0.3079427083333333,0.2989234924316406,0.2923177083333333,892.0003964677453,581,False,0.2,0.65185546875,0.5717671712239584,0.5,0.23231102526187897
0.3052775065104167,0.2988311979505751,0.2908732096354167,893.3921570442617,582,False,0.2,0.6640625,0.5852152506510416,0.5,0.2316223531961441
0.3070475260416667,0.29882028367784286,0.2920939127604167,894.7872335575521,583,False,0.2,0.65625,0.5886255900065104,0.5,0.23094525933265686
0.3069864908854167,0.2987610499064128,0.2920328776041667,896.1999298110604,584,False,0.2,0.6474609375,0.5702794392903646,0.50048828125,0.23022888600826263
0.3046671549479167,0.2985393736097548,0.29156494140625,897.600187510252,585,False,0.2,0.6728515625,0.5810343424479166,0.5,0.22953927516937256
0.3049112955729167,0.2986777623494466,0.2906290690104167,898.991451844573,586,False,0.2,0.65869140625,0.5701853434244791,0.50048828125,0.22882571816444397
0.3066609700520833,0.2987970776028103,0.2923990885416667,900.3839697241783,587,False,0.2,0.677734375,0.5783564249674479,0.5,0.22813133895397186
0.3045450846354167,0.29852867126464844,0.2903238932291667,901.7774326615036,588,False,0.2,0.65380859375,0.577850341796875,0.5,0.22743842005729675
0.30474853515625,0.29893599616156685,0.2917683919270833,903.170653950423,589,False,0.2,0.67041015625,0.5851008097330729,0.5,0.22676071524620056
0.3065388997395833,0.2990747027926975,0.2926228841145833,904.5683244876564,590,False,0.2,0.6552734375,0.5854899088541666,0.5,0.22608673572540283
0.3070068359375,0.2989671495225694,0.2925821940104167,907.1458573415875,591,False,0.2,0.6484375,0.578033447265625,0.5,0.2253984808921814
0.30670166015625,0.29863209194607204,0.2897745768229167,908.5415619425476,592,False,0.2,0.6640625,0.5754063924153646,0.5,0.22470682859420776
0.3077596028645833,0.29973718855116105,0.29248046875,909.9406031556427,593,False,0.2,0.67919921875,0.5883611043294271,0.5,0.22404108941555023
0.3059488932291667,0.2990281846788194,0.2931111653645833,911.3403824530542,594,False,0.2,0.65087890625,0.5720036824544271,0.50048828125,0.22334375977516174
0.3057657877604167,0.29889901479085285,0.2910970052083333,912.7439949735999,595,False,0.2,0.65185546875,0.5808512369791666,0.5,0.22266492247581482
0.3051554361979167,0.2986409929063585,0.2896728515625,914.1437233872712,596,False,0.2,0.66015625,0.5834452311197916,0.5,0.2219940572977066
0.30615234375,0.29868804083930117,0.2936197916666667,915.5435320436954,597,False,0.2,0.66650390625,0.5799687703450521,0.5,0.2213195562362671
0.3068440755208333,0.2985668182373047,0.2919718424479167,916.9405920952559,598,False,0.2,0.64013671875,0.5677312215169271,0.5,0.22061768174171448
0.3055419921875,0.29908593495686847,0.29278564453125,918.3393962830305,599,False,0.2,0.65087890625,0.5798924763997396,0.50048828125,0.21994513273239136
0.3056844075520833,0.2992129855685764,0.2911783854166667,919.7366697862744,600,False,0.2,0.65771484375,0.5739313761393229,0.50048828125,0.21925921738147736
0.3075154622395833,0.2990725835164388,0.2903645833333333,922.3713405095041,601,False,0.2,0.6650390625,0.5858179728190104,0.5,0.21860003471374512
0.305908203125,0.29883744981553817,0.29241943359375,923.7774630784988,602,False,0.2,0.638671875,0.5676625569661459,0.5,0.2179059386253357
0.3082071940104167,0.29874451955159503,0.2926025390625,925.1857234537601,603,False,0.2,0.66064453125,0.5736567179361979,0.5,0.21722449362277985
0.307373046875,0.298783090379503,0.2916666666666667,926.5943068563938,604,False,0.2,0.66748046875,0.5793940226236979,0.5,0.21655714511871338
0.3081258138020833,0.29925208621554905,0.2926025390625,928.0080360770226,605,False,0.2,0.65185546875,0.5680516560872396,0.5,0.2158646583557129
0.3062540690104167,0.299208747016059,0.2920735677083333,929.419078219682,606,False,0.2,0.6435546875,0.5708821614583334,0.5,0.2151821404695511
0.3064778645833333,0.29912037319607204,0.29254150390625,930.8319122456014,607,False,0.2,0.64892578125,0.5747095743815104,0.5,0.21450772881507874
0.3052164713541667,0.29930782318115234,0.2938435872395833,932.2284633480012,608,False,0.2,0.64404296875,0.5783055623372396,0.50048828125,0.2138434201478958
0.3064371744791667,0.29903560214572483,0.2928263346354167,933.6271589174867,609,False,0.2,0.64453125,0.5792795817057291,0.5,0.21318300068378448
0.3075154622395833,0.2989652421739366,0.29034423828125,935.0202474705875,610,False,0.2,0.646484375,0.5636622111002604,0.5,0.2124883234500885
0.3062744140625,0.2988243103027344,0.291259765625,937.6243135109544,611,False,0.2,0.619140625,0.5598424275716146,0.5,0.21178659796714783
0.305908203125,0.29862181345621747,0.2903238932291667,939.0271009653807,612,False,0.2,0.642578125,0.567657470703125,0.5,0.211105078458786
0.3058268229166667,0.29912471771240234,0.2919718424479167,940.426366224885,613,False,0.2,0.6630859375,0.5906143188476562,0.5,0.21047307550907135
0.3070271809895833,0.29909547170003253,0.2918497721354167,941.8241565600038,614,False,0.2,0.65576171875,0.5660552978515625,0.5,0.20979169011116028
0.3047688802083333,0.2987754609849718,0.2917683919270833,943.2303013689816,615,False,0.2,0.6494140625,0.5691680908203125,0.5,0.20911842584609985
0.3062337239583333,0.29843129052056205,0.2898152669270833,944.6406237073243,616,False,0.2,0.65087890625,0.5841547648111979,0.50048828125,0.20847579836845398
0.3052978515625,0.2989535861545139,0.2900390625,946.0515349581838,617,False,0.2,0.6494140625,0.5865275065104166,0.50048828125,0.20783817768096924
0.3058064778645833,0.2987794876098633,0.2909952799479167,947.4591930620372,618,False,0.2,0.65087890625,0.5800298055013021,0.5,0.2071903496980667
0.3066813151041667,0.29868899451361763,0.2931111653645833,948.8586824685335,619,False,0.2,0.66015625,0.5628840128580729,0.5,0.2065083533525467
0.3054606119791667,0.2988149854871962,0.2915242513020833,950.259748980403,620,False,0.2,0.62451171875,0.5555140177408854,0.5,0.20581351220607758
0.3062744140625,0.2990422778659397,0.2923177083333333,952.8600191734731,621,False,0.2,0.63671875,0.5599899291992188,0.50048828125,0.2051316201686859
0.3053792317708333,0.29914400312635636,0.2917887369791667,954.2573654688895,622,False,0.2,0.65185546875,0.5734888712565104,0.50048828125,0.20447415113449097
0.3071695963541667,0.29874430762396914,0.2915242513020833,955.6424845345318,623,False,0.2,0.6650390625,0.5814387003580729,0.5,0.20383372902870178
0.3059285481770833,0.2988925509982639,0.29052734375,957.0331188179553,624,False,0.2,0.62939453125,0.5638478597005209,0.5,0.20316272974014282
0.30859375,0.2988215552435981,0.29241943359375,958.4203309901059,625,False,0.2,0.64208984375,0.5672098795572916,0.5,0.2025000900030136
0.3057861328125,0.29883564843071836,0.2882893880208333,959.822167918086,626,False,0.2,0.65771484375,0.5752665201822916,0.5,0.20185549557209015
0.3038533528645833,0.29848607381184894,0.2916056315104167,961.225793261081,627,False,0.2,0.63134765625,0.5695826212565104,0.5,0.20120133459568024
0.3057047526041667,0.2989278369479709,0.2917683919270833,962.637740958482,628,False,0.2,0.6337890625,0.5548426310221354,0.5,0.20051833987236023
0.3067423502604167,0.29889678955078125,0.2925211588541667,964.0339269638062,629,True,0.2,0.71044921875,0.6392008463541666,0.57275390625,0.2
0.3050944010416667,0.2991088231404622,0.29150390625,969.5683136880398,630,False,0.1,0.62646484375,0.55523681640625,0.5,0.19931718707084656
0.3066813151041667,0.29886934492323136,0.292724609375,972.2280694320798,631,False,0.1,0.6220703125,0.5623016357421875,0.5,0.19865113496780396
0.30487060546875,0.2983663347032335,0.2911580403645833,973.6238425113261,632,False,0.1,0.6337890625,0.5638987223307291,0.5,0.19799233973026276
0.3054606119791667,0.29891618092854816,0.2909138997395833,975.025624293834,633,False,0.1,0.6396484375,0.5711415608723959,0.5,0.19734737277030945
0.3068033854166667,0.2991570366753472,0.2912190755208333,976.4302126131952,634,False,0.1,0.64697265625,0.5694249471028646,0.5,0.19669823348522186
0.3044026692708333,0.2989676793416341,0.2920735677083333,977.8380152955651,635,False,0.1,0.64453125,0.5639444986979166,0.5,0.19604212045669556
0.3070882161458333,0.29887157016330296,0.29071044921875,979.2408152781427,636,False,0.1,0.63623046875,0.5599568684895834,0.5,0.1953820288181305
0.305419921875,0.2989439434475369,0.2904052734375,980.640254739672,637,False,0.1,0.6416015625,0.5685475667317709,0.5,0.19474056363105774
0.3070882161458333,0.2989974551730686,0.2910970052083333,982.0368218161166,638,False,0.1,0.61328125,0.5526250203450521,0.5,0.1940639764070511
0.30474853515625,0.2988362842135959,0.2903238932291667,983.4349579438567,639,False,0.1,0.63427734375,0.5665613810221354,0.5,0.19341892004013062
0.30718994140625,0.29905181460910374,0.2920735677083333,984.8312815949321,640,False,0.1,0.62548828125,0.5608342488606771,0.50048828125,0.1927664428949356
0.3069864908854167,0.2991321351793077,0.2894083658854167,987.5058092772961,641,False,0.1,0.6416015625,0.5565160115559896,0.50048828125,0.19210436940193176
0.3052164713541667,0.29886775546603733,0.29150390625,988.9046256504953,642,False,0.1,0.6259765625,0.5567499796549479,0.5,0.19144637882709503
0.3066813151041667,0.2987497117784288,0.2928059895833333,990.308588411659,643,False,0.1,0.64599609375,0.5670903523763021,0.5,0.19080579280853271
0.3051961263020833,0.298934194776747,0.2913004557291667,991.7167325019836,644,False,0.1,0.64208984375,0.5733642578125,0.5,0.19018153846263885
0.3088582356770833,0.2989433076646593,0.2907307942708333,993.1327489353716,645,False,0.1,0.63671875,0.5731964111328125,0.50048828125,0.1895608901977539
0.30743408203125,0.2990325291951497,0.2908732096354167,994.543076723814,646,False,0.1,0.65478515625,0.5685399373372396,0.5,0.18893226981163025
0.30767822265625,0.29889678955078125,0.2890218098958333,995.945446588099,647,False,0.1,0.62646484375,0.5692621866861979,0.5,0.1883063018321991
0.30657958984375,0.29897160000271267,0.2925618489583333,997.3428919091821,648,False,0.1,0.63720703125,0.5598983764648438,0.5,0.1876622438430786
0.30426025390625,0.2986416286892361,0.2896728515625,998.738540917635,649,False,0.1,0.63916015625,0.5612386067708334,0.5,0.18702468276023865
0.3067423502604167,0.29915258619520396,0.29132080078125,1000.1358850039542,650,False,0.1,0.64013671875,0.5645497639973959,0.5,0.18639636039733887
0.30584716796875,0.2988456090291341,0.2922159830729167,1002.8240359127522,651,False,0.1,0.6259765625,0.5571823120117188,0.5,0.18574953079223633
0.3071695963541667,0.29905859629313153,0.2921142578125,1004.2290068715811,652,False,0.1,0.63037109375,0.5507609049479166,0.50048828125,0.1850937455892563
0.3072916666666667,0.29947789510091144,0.2919718424479167,1005.6312436647713,653,False,0.1,0.66162109375,0.5640945434570312,0.5,0.18446698784828186
0.30523681640625,0.29890187581380206,0.29241943359375,1007.028508182615,654,False,0.1,0.64013671875,0.5553639729817709,0.5,0.18382665514945984
0.30712890625,0.2991230222913954,0.29254150390625,1008.440820671618,655,False,0.1,0.63720703125,0.5591837565104166,0.5,0.18319067358970642
0.3060302734375,0.2988940344916449,0.29144287109375,1009.8524516113102,656,False,0.1,0.630859375,0.550445556640625,0.5,0.18254242837429047
0.3049723307291667,0.2989588843451606,0.2908935546875,1011.2578675933182,657,False,0.1,0.62109375,0.5564778645833334,0.5,0.181906595826149
0.3046671549479167,0.29853778415256077,0.2898763020833333,1012.6525221504271,658,False,0.1,0.634765625,0.5610834757486979,0.5,0.18127824366092682
0.3055419921875,0.29856120215521914,0.2913411458333333,1014.0585484430194,659,False,0.1,0.63916015625,0.5641199747721354,0.50048828125,0.18065904080867767
0.307373046875,0.29886447058783633,0.2905680338541667,1015.4591487124562,660,False,0.1,0.650390625,0.5637537638346354,0.5,0.18003922700881958
0.3058268229166667,0.2992513444688585,0.2934773763020833,1018.1025388613343,661,False,0.1,0.6181640625,0.5619481404622396,0.5,0.1794157773256302
0.3053385416666667,0.29919444190131295,0.2912394205729167,1019.5054634213448,662,False,0.1,0.63525390625,0.5581690470377604,0.5,0.1787867546081543
0.3059488932291667,0.2989242341783312,0.29205322265625,1020.907531734556,663,False,0.1,0.64208984375,0.5606613159179688,0.5,0.1781708300113678
0.30755615234375,0.2993192672729492,0.2904459635416667,1022.3094009570777,664,False,0.1,0.64794921875,0.5690765380859375,0.50048828125,0.17756840586662292
0.30645751953125,0.2988291846381293,0.2910970052083333,1023.7306319735944,665,False,0.1,0.63671875,0.5567855834960938,0.50048828125,0.1769440770149231
0.3073933919270833,0.2991551293267144,0.2913614908854167,1025.1544973812997,666,False,0.1,0.63037109375,0.5524012247721354,0.5,0.1763143092393875
0.3058064778645833,0.29871347215440536,0.2921346028645833,1026.5903417132795,667,False,0.1,0.6240234375,0.5565287272135416,0.5,0.17569372057914734
0.3057047526041667,0.298934194776747,0.2897135416666667,1028.031283710152,668,False,0.1,0.6201171875,0.5603230794270834,0.5,0.1750839352607727
0.3052978515625,0.29892275068495006,0.2918497721354167,1029.4963813014328,669,False,0.1,0.6376953125,0.5692647298177084,0.5,0.17448848485946655
0.3058675130208333,0.29884762234157985,0.290283203125,1030.9425389319658,670,False,0.1,0.6298828125,0.5544331868489584,0.50048828125,0.17386797070503235
0.3069864908854167,0.29911602867974174,0.2901611328125,1033.836449071765,671,False,0.1,0.6181640625,0.5596338907877604,0.5,0.1732567399740219
0.3059488932291667,0.29852930704752606,0.2902628580729167,1035.239893950522,672,False,0.1,0.62744140625,0.5600916544596354,0.5,0.17264941334724426
0.3051554361979167,0.2988029056125217,0.2918294270833333,1036.6382951326668,673,False,0.1,0.61474609375,0.5539169311523438,0.5,0.1720310002565384
0.30462646484375,0.29908169640435117,0.29266357421875,1038.0352345146239,674,False,0.1,0.62548828125,0.5584564208984375,0.5,0.1714259833097458
0.3054402669270833,0.29876380496554905,0.2924601236979167,1039.4346707426012,675,False,0.1,0.6279296875,0.5583012898763021,0.5,0.17081765830516815
0.30511474609375,0.29874176449245876,0.2906697591145833,1040.8358933925629,676,False,0.1,0.6240234375,0.5628534952799479,0.5,0.17022357881069183
0.3062540690104167,0.2990068859524197,0.2913004557291667,1042.2391273491085,677,False,0.1,0.62060546875,0.5705388387044271,0.5,0.1696450561285019
0.3051961263020833,0.299305068122016,0.293212890625,1043.6411620341241,678,False,0.1,0.63818359375,0.5592575073242188,0.50048828125,0.16904474794864655
0.3069661458333333,0.29910140567355686,0.2940470377604167,1045.0422166772187,679,False,0.1,0.6376953125,0.5670572916666666,0.50048828125,0.16846230626106262
0.3065388997395833,0.29880915747748477,0.2894694010416667,1046.4411466382444,680,False,0.1,0.6328125,0.5617167154947916,0.5,0.1678716093301773
0.3072102864583333,0.2988025877210829,0.2927449544270833,1049.1067364551127,681,False,0.1,0.6328125,0.5516255696614584,0.5,0.16726377606391907
0.3084513346354167,0.29904715220133465,0.2909138997395833,1050.5158237814903,682,False,0.1,0.625,0.5562642415364584,0.5,0.16666555404663086
0.3059895833333333,0.29901578691270614,0.2916666666666667,1051.923920661211,683,False,0.1,0.63330078125,0.5661519368489584,0.5,0.1660863310098648
0.3058064778645833,0.299231317308214,0.2923787434895833,1053.3370656631887,684,False,0.1,0.62890625,0.5790964762369791,0.5,0.16553039848804474
0.3070068359375,0.2987508773803711,0.292236328125,1054.749882478267,685,False,0.1,0.6259765625,0.5577545166015625,0.5,0.1649390012025833
0.3058878580729167,0.299632920159234,0.2935384114583333,1056.1641509495676,686,False,0.1,0.625,0.5707855224609375,0.5,0.16437062621116638
0.3059488932291667,0.2993043263753255,0.291748046875,1057.5673125237226,687,False,0.1,0.6318359375,0.5708033243815104,0.5,0.16380755603313446
0.3057454427083333,0.29927603403727215,0.2930094401041667,1058.9688036330044,688,False,0.1,0.630859375,0.5555648803710938,0.5,0.16321566700935364
0.3058675130208333,0.29903750949435765,0.2926228841145833,1060.3650552295148,689,False,0.1,0.62451171875,0.5600509643554688,0.5,0.16263318061828613
0.3068440755208333,0.2990466223822699,0.2922566731770833,1061.7597983181477,690,False,0.1,0.62109375,0.5545730590820312,0.50048828125,0.16204479336738586
0.30743408203125,0.2988997565375434,0.2914835611979167,1064.4046959020197,691,False,0.1,0.6240234375,0.5688349405924479,0.5,0.1614842563867569
0.306640625,0.29888068305121523,0.2913818359375,1065.795555446297,692,False,0.1,0.623046875,0.5571517944335938,0.5,0.16090485453605652
0.3051961263020833,0.29869577619764537,0.291748046875,1067.1778223961592,693,False,0.1,0.6181640625,0.5545094807942709,0.5009765625,0.16032257676124573
0.3055419921875,0.2993005116780599,0.2918497721354167,1068.5663672834635,694,False,0.1,0.63232421875,0.5670750935872396,0.50048828125,0.1597604900598526
0.3050130208333333,0.2987561755710178,0.2910970052083333,1069.9474189281464,695,False,0.1,0.626953125,0.5565973917643229,0.50048828125,0.1591840386390686
0.3054606119791667,0.2991650899251302,0.2918497721354167,1071.3484953716397,696,False,0.1,0.64306640625,0.5623881022135416,0.5,0.15861718356609344
0.3052775065104167,0.29892645941840273,0.2908528645833333,1072.7587832696736,697,False,0.1,0.625,0.55010986328125,0.5,0.1580323874950409
0.3063151041666667,0.29935052659776473,0.2924397786458333,1074.1717550046742,698,False,0.1,0.61669921875,0.5543543497721354,0.5,0.15745414793491364
0.3060506184895833,0.2990295622083876,0.29315185546875,1075.5575224719942,699,False,0.1,0.62451171875,0.5590591430664062,0.5,0.15688802301883698
0.3055419921875,0.29903125762939453,0.2923380533854167,1076.9436247050762,700,False,0.1,0.62744140625,0.5613174438476562,0.5,0.15632417798042297
0.3051350911458333,0.2989452150132921,0.2913818359375,1079.5703497678041,701,False,0.1,0.6259765625,0.5681304931640625,0.50048828125,0.15577492117881775
0.3061319986979167,0.2989697986178928,0.293212890625,1080.9642144590616,702,False,0.1,0.62451171875,0.5629196166992188,0.5,0.15521825850009918
0.30535888671875,0.2985845141940647,0.2912394205729167,1082.3522336520255,703,False,0.1,0.623046875,0.552581787109375,0.50048828125,0.15464511513710022
0.3055623372395833,0.29895030127631295,0.2910563151041667,1083.7465961575508,704,False,0.1,0.60546875,0.5480702718098959,0.5,0.15406645834445953
0.3056233723958333,0.2986118528578017,0.2916666666666667,1085.1346816644073,705,False,0.1,0.60693359375,0.5626449584960938,0.5,0.15351268649101257
0.3045857747395833,0.29902278052435977,0.2931111653645833,1086.5281450077891,706,False,0.1,0.62744140625,0.5667750040690104,0.5,0.15296995639801025
0.30584716796875,0.29877291785346133,0.2921142578125,1087.9301932677627,707,False,0.1,0.61572265625,0.5545018513997396,0.5,0.1524066925048828
0.3047281901041667,0.2989812427096897,0.2918497721354167,1089.3447843119502,708,False,0.1,0.6123046875,0.5606053670247396,0.5,0.1518522948026657
0.305908203125,0.29864173465304905,0.29266357421875,1090.746366839856,709,False,0.1,0.61181640625,0.5566024780273438,0.5,0.15129762887954712
0.30706787109375,0.29888778262668186,0.2911580403645833,1092.143087733537,710,False,0.1,0.638671875,0.560211181640625,0.5,0.1507483273744583
0.30828857421875,0.2991853290134006,0.2919718424479167,1094.7812272422016,711,False,0.1,0.615234375,0.5530827840169271,0.5,0.15018944442272186
0.3059488932291667,0.29903210533989805,0.291259765625,1096.1744225472212,712,False,0.1,0.6220703125,0.5666275024414062,0.5,0.1496545970439911
0.30828857421875,0.2989796532524957,0.2923380533854167,1097.5663327500224,713,False,0.1,0.6337890625,0.5646591186523438,0.50048828125,0.14911550283432007
0.3054606119791667,0.2993480894300673,0.29278564453125,1098.9497569724917,714,False,0.1,0.611328125,0.5548578898111979,0.5,0.14856299757957458
0.3058268229166667,0.2990294562445746,0.2922566731770833,1100.3375969976187,715,False,0.1,0.619140625,0.5622329711914062,0.5,0.14802396297454834
0.3053995768229167,0.2992526160346137,0.2925821940104167,1101.7309700325131,716,False,0.1,0.61962890625,0.5507558186848959,0.50048828125,0.14746630191802979
0.30865478515625,0.29882823096381295,0.2919718424479167,1103.1408912725747,717,False,0.1,0.61279296875,0.5538660685221354,0.5,0.14691606163978577
0.3070068359375,0.29890844557020396,0.2911376953125,1104.5412481762469,718,False,0.1,0.62158203125,0.5587895711263021,0.5,0.14637626707553864
0.3075358072916667,0.29899077945285374,0.2922159830729167,1105.9525307454169,719,False,0.1,0.6083984375,0.5468673706054688,0.5,0.14581753313541412
0.30584716796875,0.29897679222954643,0.29168701171875,1107.3610708378255,720,False,0.1,0.63671875,0.5586675008138021,0.50048828125,0.14527937769889832
0.3060302734375,0.2989125781589084,0.2928263346354167,1109.9900471046567,721,False,0.1,0.60888671875,0.5539143880208334,0.5,0.14473405480384827
0.3060709635416667,0.29899024963378906,0.2920939127604167,1111.3828332461417,722,False,0.1,0.6103515625,0.5494918823242188,0.50048828125,0.144182950258255
0.30731201171875,0.29882611168755424,0.2914632161458333,1112.7774027325213,723,False,0.1,0.61181640625,0.5402323404947916,0.5,0.14361947774887085
0.3104451497395833,0.29892084333631724,0.2929484049479167,1114.1715398393571,724,False,0.1,0.62255859375,0.5546315511067709,0.50048828125,0.14308232069015503
0.30548095703125,0.29911359151204425,0.2919921875,1115.568186108023,725,False,0.1,0.61279296875,0.5512949625651041,0.50048828125,0.14253869652748108
0.3071492513020833,0.29876232147216797,0.292724609375,1116.9639902375638,726,False,0.1,0.62060546875,0.5621388753255209,0.5,0.14201568067073822
0.3060302734375,0.2990858289930555,0.2917887369791667,1118.3564729094505,727,False,0.1,0.63525390625,0.5675913492838541,0.5,0.14150255918502808
0.3056233723958333,0.298942142062717,0.2924397786458333,1119.7509139664471,728,False,0.1,0.60888671875,0.5537541707356771,0.5,0.14096933603286743
0.3058268229166667,0.298996713426378,0.2930094401041667,1121.1508181504905,729,False,0.1,0.63671875,0.5662384033203125,0.50048828125,0.14045709371566772
0.3064778645833333,0.29907088809543186,0.2911783854166667,1122.5520374141634,730,False,0.1,0.59912109375,0.5437291463216146,0.5009765625,0.1399102658033371
0.3048502604166667,0.29899459415011936,0.291748046875,1125.1868938989937,731,False,0.1,0.6240234375,0.5477956136067709,0.5,0.13937383890151978
0.3047281901041667,0.2987356185913086,0.2907918294270833,1126.5818807333708,732,False,0.1,0.60400390625,0.5497817993164062,0.5,0.1388397216796875
0.3050333658854167,0.29872269100613064,0.2933349609375,1127.9717316292226,733,False,0.1,0.61669921875,0.553314208984375,0.50048828125,0.13831490278244019
0.3067423502604167,0.2991693284776476,0.29168701171875,1129.3568858914077,734,False,0.1,0.60546875,0.5530827840169271,0.5,0.13779106736183167
0.305419921875,0.2992427614000108,0.2915445963541667,1130.7499000616372,735,False,0.1,0.62255859375,0.5526123046875,0.5,0.13726651668548584
0.3057047526041667,0.29907237158881295,0.2935384114583333,1132.1415596343577,736,False,0.1,0.61181640625,0.5543111165364584,0.5,0.1367473006248474
0.3045247395833333,0.2989169226752387,0.29052734375,1133.5310427993536,737,False,0.1,0.61572265625,0.5507787068684896,0.5,0.13622237741947174
0.306640625,0.29876401689317494,0.291015625,1134.9282135404646,738,False,0.1,0.6123046875,0.5618209838867188,0.5,0.1357158124446869
0.3067830403645833,0.2991912629869249,0.2921956380208333,1136.3246709257364,739,False,0.1,0.60498046875,0.543121337890625,0.5009765625,0.13518044352531433
0.3057657877604167,0.2987222671508789,0.2928059895833333,1137.7161942645907,740,False,0.1,0.62548828125,0.5578460693359375,0.50048828125,0.1346711367368698
0.3063557942708333,0.2990702523125543,0.2927652994791667,1140.3927622511983,741,False,0.1,0.63232421875,0.5618260701497396,0.5,0.1341709941625595
0.3068644205729167,0.2992813322279188,0.29168701171875,1141.8078910075128,742,False,0.1,0.615234375,0.5558954874674479,0.5,0.13366462290287018
0.3087361653645833,0.29929129282633465,0.2908528645833333,1143.2159098014235,743,False,0.1,0.6298828125,0.5667088826497396,0.50048828125,0.13317343592643738
0.3053385416666667,0.2994277742173937,0.2894490559895833,1144.627666208893,744,False,0.1,0.5927734375,0.5427932739257812,0.5,0.1326485276222229
0.30535888671875,0.29909345838758683,0.2897135416666667,1146.0361333563924,745,False,0.1,0.611328125,0.5447845458984375,0.50048828125,0.1321243941783905
0.3058064778645833,0.2988617155287001,0.29119873046875,1147.4445908404887,746,False,0.1,0.603515625,0.5407943725585938,0.5,0.13159579038619995
0.30609130859375,0.29907480875651044,0.2915445963541667,1148.8471084274352,747,False,0.1,0.60498046875,0.5516357421875,0.50048828125,0.13108573853969574
0.308837890625,0.2995789845784505,0.2933756510416667,1150.2472746819258,748,False,0.1,0.60302734375,0.543609619140625,0.5,0.1305658221244812
0.3050537109375,0.2987736596001519,0.2921346028645833,1151.6529910564423,749,False,0.1,0.59716796875,0.5387369791666666,0.50048828125,0.1300404965877533
0.306396484375,0.2987131542629666,0.29034423828125,1153.0551349669695,750,False,0.1,0.59716796875,0.5409698486328125,0.5,0.1295211911201477
0.3067423502604167,0.2991217507256402,0.2925211588541667,1155.7554506883025,751,False,0.1,0.61376953125,0.5482889811197916,0.5,0.12901464104652405
0.3060709635416667,0.29894108242458767,0.29193115234375,1157.167229603976,752,False,0.1,0.60546875,0.5454864501953125,0.50048828125,0.12850412726402283
0.3061319986979167,0.29876189761691624,0.2892252604166667,1158.5654492042959,753,False,0.1,0.60107421875,0.5484797159830729,0.5,0.12799958884716034
0.3052164713541667,0.2989814546373155,0.29278564453125,1159.9646522328258,754,False,0.1,0.60302734375,0.5434392293294271,0.5009765625,0.12749195098876953
0.3050333658854167,0.298815303378635,0.29107666015625,1161.3626294769347,755,False,0.1,0.59619140625,0.5479151407877604,0.5,0.12699098885059357
0.3069254557291667,0.2989366319444444,0.2915852864583333,1162.7644103690982,756,False,0.1,0.6201171875,0.5509745279947916,0.5,0.12649616599082947
0.3060302734375,0.2989211612277561,0.2911783854166667,1164.158941436559,757,False,0.1,0.61474609375,0.5436833699544271,0.5,0.12599273025989532
0.306640625,0.29910098181830513,0.2925821940104167,1165.5584591664374,758,False,0.1,0.60205078125,0.5491129557291666,0.5,0.12549656629562378
0.3064982096354167,0.29880555470784503,0.2913614908854167,1166.9595607817173,759,False,0.1,0.607421875,0.5462849934895834,0.50048828125,0.12499639391899109
0.3068644205729167,0.2986740536159939,0.2915852864583333,1168.3561626300216,760,False,0.1,0.5966796875,0.5443929036458334,0.5,0.12449683248996735
0.306396484375,0.2989456388685438,0.2927449544270833,1171.0298402309418,761,False,0.1,0.6005859375,0.5411198933919271,0.5,0.12399306893348694
0.3070882161458333,0.2991641362508138,0.2893880208333333,1172.428633928299,762,False,0.1,0.595703125,0.5433247884114584,0.50048828125,0.12349506467580795
0.306396484375,0.2994964387681749,0.29290771484375,1173.8265890330076,763,False,0.1,0.607421875,0.5448557535807291,0.5,0.12300151586532593
0.3098551432291667,0.29893726772732204,0.2904866536458333,1175.226931270212,764,False,0.1,0.59619140625,0.5442682902018229,0.50048828125,0.12250512093305588
0.306884765625,0.2993636661105686,0.2929890950520833,1176.6223107464612,765,False,0.1,0.60498046875,0.54022216796875,0.5,0.12200778722763062
0.30523681640625,0.2993493609958225,0.2923583984375,1178.0182174555957,766,False,0.1,0.60400390625,0.549713134765625,0.5,0.12152660638093948
0.3065592447916667,0.29924752977159286,0.2898763020833333,1179.405949588865,767,False,0.1,0.60498046875,0.5346247355143229,0.5,0.1210208609700203
0.30511474609375,0.2990411122639974,0.2909952799479167,1180.7940145768225,768,False,0.1,0.59716796875,0.538116455078125,0.5,0.12052437663078308
0.3055826822916667,0.2988648944430881,0.2918294270833333,1182.183726992458,769,False,0.1,0.60888671875,0.5436579386393229,0.5,0.1200379803776741
0.3048909505208333,0.2989268832736545,0.2907307942708333,1183.5836179219186,770,False,0.1,0.6025390625,0.5345458984375,0.5,0.11953702569007874
0.3060099283854167,0.29918257395426434,0.2895914713541667,1186.2700917311013,771,False,0.1,0.58935546875,0.5428085327148438,0.5,0.11905384808778763
0.3085734049479167,0.29925579494900173,0.2913411458333333,1187.6717074029148,772,False,0.1,0.58447265625,0.5411275227864584,0.5,0.11856754869222641
0.3065388997395833,0.2993265787760417,0.2909749348958333,1189.0675069652498,773,False,0.1,0.595703125,0.5468419392903646,0.5,0.11809046566486359
0.30743408203125,0.29953161875406903,0.2930094401041667,1190.4672565199435,774,False,0.1,0.59619140625,0.5360260009765625,0.5,0.11759939789772034
0.3055419921875,0.29909780290391713,0.29241943359375,1191.8611884489655,775,False,0.1,0.60107421875,0.5348917643229166,0.5,0.11710891127586365
0.3051350911458333,0.29894087049696183,0.2931315104166667,1193.263053510338,776,False,0.1,0.609375,0.5561040242513021,0.5,0.11665008962154388
0.3048095703125,0.29894860585530597,0.2922159830729167,1194.6576986014843,777,False,0.1,0.6044921875,0.5447285970052084,0.50048828125,0.11617860198020935
0.3060099283854167,0.29889827304416233,0.29046630859375,1196.0547797642648,778,False,0.1,0.6064453125,0.5409927368164062,0.5,0.11570361256599426
0.305908203125,0.29925303988986546,0.2916463216145833,1197.4434271007776,779,False,0.1,0.6064453125,0.5512186686197916,0.5,0.11524331569671631
0.3047688802083333,0.2988375557793511,0.2911783854166667,1198.8445909917355,780,False,0.1,0.59423828125,0.5416386922200521,0.5,0.11476905643939972
0.3075968424479167,0.2991662555270725,0.29296875,1201.5442640967667,781,False,0.1,0.611328125,0.5418472290039062,0.5,0.11429794877767563
0.3056233723958333,0.29895983801947695,0.2925618489583333,1202.934338092804,782,False,0.1,0.61865234375,0.5566991170247396,0.5,0.1138489842414856
0.3065592447916667,0.29918850792778867,0.2931315104166667,1204.3231448717415,783,False,0.1,0.6015625,0.5377477010091146,0.50048828125,0.11337459087371826
0.3063761393229167,0.29934459262424046,0.2933349609375,1205.7235515229404,784,False,0.1,0.60888671875,0.5397211710611979,0.50048828125,0.11290653049945831
0.30841064453125,0.299088372124566,0.2903238932291667,1207.1151225790381,785,False,0.1,0.59326171875,0.532745361328125,0.5,0.11242794990539551
0.3053181966145833,0.2994149525960286,0.2928873697916667,1208.5033965967596,786,False,0.1,0.6044921875,0.5473047892252604,0.5,0.11197098344564438
0.3062744140625,0.2992575963338216,0.2925618489583333,1209.895712852478,787,False,0.1,0.59228515625,0.5477142333984375,0.50048828125,0.11151683330535889
0.307861328125,0.29945723215738934,0.2930501302083333,1211.2945239394903,788,False,0.1,0.5966796875,0.5391133626302084,0.5,0.11105166375637054
0.3058878580729167,0.2995329962836371,0.2904459635416667,1212.6919492594898,789,False,0.1,0.5849609375,0.5446802775065104,0.5,0.11059641093015671
0.3059285481770833,0.2990357081095378,0.2921142578125,1214.0994288995862,790,False,0.1,0.6005859375,0.5423380533854166,0.50048828125,0.1101388931274414
0.3082682291666667,0.29915883806016713,0.2923787434895833,1217.1277939639986,791,False,0.1,0.59033203125,0.5389506022135416,0.5,0.10967710614204407
0.3051961263020833,0.298800786336263,0.2910359700520833,1218.521097574383,792,False,0.1,0.6064453125,0.5493748982747396,0.5,0.1092318743467331
0.3067423502604167,0.29877662658691406,0.29052734375,1219.9108348861337,793,False,0.1,0.595703125,0.5434646606445312,0.50048828125,0.10877802968025208
0.3107096354166667,0.29907894134521484,0.29034423828125,1221.3133676461875,794,False,0.1,0.60986328125,0.5505269368489584,0.5,0.10833702236413956
0.3065388997395833,0.2989240222507053,0.292724609375,1222.711504228413,795,False,0.1,0.60302734375,0.5447438557942709,0.5,0.10789094865322113
0.30810546875,0.2993766996595595,0.2903238932291667,1224.1115671694279,796,False,0.1,0.57177734375,0.5299301147460938,0.5,0.10742788016796112
0.3086344401041667,0.29946263631184894,0.29144287109375,1225.5019449703395,797,False,0.1,0.59521484375,0.5400924682617188,0.50048828125,0.10697772353887558
0.3076985677083333,0.2989789115058051,0.2900594075520833,1226.8994812443852,798,False,0.1,0.59423828125,0.5389251708984375,0.5,0.1065269261598587
0.3051350911458333,0.29936970604790586,0.2932332356770833,1228.2919988185167,799,False,0.1,0.5810546875,0.5416107177734375,0.5,0.10608366876840591
0.3063151041666667,0.2992979685465495,0.29290771484375,1229.6974838115275,800,False,0.1,0.5927734375,0.5397847493489584,0.5,0.1056390032172203
0.30792236328125,0.29905806647406685,0.29107666015625,1232.4318180009723,801,False,0.1,0.59228515625,0.5423990885416666,0.5,0.10519994795322418
0.3074951171875,0.2992738087972005,0.2922566731770833,1233.8295910134912,802,False,0.1,0.6025390625,0.5524113972981771,0.50048828125,0.104775071144104
0.3080037434895833,0.29927423265245223,0.2926228841145833,1235.2250908054411,803,False,0.1,0.595703125,0.5504913330078125,0.5,0.1043490469455719
0.3104044596354167,0.29953204260932076,0.29071044921875,1236.6245247721672,804,False,0.1,0.583984375,0.544647216796875,0.50048828125,0.10391505807638168
0.3066609700520833,0.2990652720133464,0.2928059895833333,1238.0148111023009,805,False,0.1,0.59423828125,0.5344924926757812,0.50048828125,0.10347110778093338
0.3057657877604167,0.29920652177598744,0.29315185546875,1239.4123022444546,806,False,0.1,0.58349609375,0.5359980265299479,0.5,0.103030264377594
0.3095296223958333,0.29928991529676646,0.2927449544270833,1240.8056608960032,807,False,0.1,0.61962890625,0.5473480224609375,0.5009765625,0.10260550677776337
0.3070475260416667,0.2992382049560547,0.2924397786458333,1242.2093914113939,808,False,0.1,0.5908203125,0.533203125,0.5,0.10216306149959564
0.3049723307291667,0.29915491739908856,0.2921549479166667,1243.6082794889808,809,False,0.1,0.591796875,0.5421015421549479,0.50048828125,0.10173428058624268
0.3069254557291667,0.29893536037868923,0.29144287109375,1245.012811012566,810,False,0.1,0.5966796875,0.5366363525390625,0.5,0.10130112618207932
0.30731201171875,0.29929669698079425,0.2916259765625,1247.723908558488,811,False,0.1,0.59423828125,0.5452245076497396,0.50048828125,0.10087815672159195
0.3077392578125,0.29929521348741317,0.2912190755208333,1249.1337117440999,812,False,0.1,0.59814453125,0.5466257731119791,0.5,0.10045960545539856
0.3073933919270833,0.2994522518581814,0.2935994466145833,1250.5455659478903,813,False,0.1,0.6025390625,0.5469080607096354,0.5,0.10004179179668427
0.3060506184895833,0.2989358901977539,0.2936197916666667,1251.962499037385,814,True,0.1,0.95849609375,0.9418182373046875,0.927734375,0.1
0.3054606119791667,0.2991877661810981,0.2923990885416667,1257.6801547259092,815,False,0.05,0.60791015625,0.5401382446289062,0.5,0.09957674145698547
0.3061319986979167,0.2994404898749457,0.2925211588541667,1259.0826596617699,816,False,0.05,0.59228515625,0.5394236246744791,0.5,0.0991506278514862
0.3063557942708333,0.29932106865776914,0.2917887369791667,1260.4924871139228,817,False,0.05,0.587890625,0.5421880086263021,0.50048828125,0.09873323142528534
0.3060302734375,0.2991843753390842,0.29302978515625,1261.8982912115753,818,False,0.05,0.5966796875,0.5356699625651041,0.5,0.09830892831087112
0.3048095703125,0.2988686031765408,0.2925618489583333,1263.3046642541885,819,False,0.05,0.580078125,0.5433324178059896,0.5,0.09789383411407471
0.3072306315104167,0.2994057337443034,0.2918904622395833,1264.719007536769,820,False,0.05,0.5830078125,0.5361429850260416,0.50048828125,0.09747087210416794
0.3063557942708333,0.2990161048041449,0.2906494140625,1267.5595739223063,821,False,0.05,0.587890625,0.5476455688476562,0.5,0.09706473350524902
0.30511474609375,0.29925907982720273,0.2912190755208333,1268.9717393405735,822,False,0.05,0.6083984375,0.5353546142578125,0.5,0.09664513170719147
0.306884765625,0.2992125617133246,0.2918904622395833,1270.3909553438425,823,False,0.05,0.6015625,0.5497385660807291,0.50048828125,0.09624431282281876
0.3050130208333333,0.2990263832939996,0.2922566731770833,1271.8044328950346,824,False,0.05,0.60302734375,0.5371907552083334,0.5,0.09582896530628204
0.3066813151041667,0.2992676628960504,0.2916666666666667,1273.21791684255,825,False,0.05,0.5888671875,0.5335439046223959,0.5,0.09541153907775879
0.30560302734375,0.2990519205729167,0.2910359700520833,1274.6294706463814,826,False,0.05,0.58056640625,0.5344823201497396,0.5,0.09499529004096985
0.3053181966145833,0.29932594299316406,0.2939046223958333,1276.0388564877212,827,False,0.05,0.58642578125,0.5430552164713541,0.50048828125,0.09459307789802551
0.3067626953125,0.29932742648654515,0.292236328125,1277.441944424063,828,False,0.05,0.5908203125,0.5379511515299479,0.5,0.09418494999408722
0.30706787109375,0.2992161644829644,0.2920939127604167,1278.8484140895307,829,False,0.05,0.5888671875,0.5382080078125,0.50048828125,0.09378063678741455
0.3055623372395833,0.2993580500284831,0.2919514973958333,1280.2556847333908,830,False,0.05,0.576171875,0.5369847615559896,0.50048828125,0.09337426722049713
0.30670166015625,0.2996458477444119,0.2926432291666667,1283.0305169336498,831,False,0.05,0.58251953125,0.5340347290039062,0.5,0.09296471625566483
0.3055419921875,0.2993600633409288,0.2928263346354167,1284.4331224821508,832,False,0.05,0.57421875,0.53826904296875,0.5,0.09256290644407272
0.30615234375,0.29933240678575307,0.29266357421875,1285.832091100514,833,False,0.05,0.5869140625,0.5317560831705729,0.50048828125,0.09215585142374039
0.3070882161458333,0.29897933536105686,0.29119873046875,1287.2290196679533,834,False,0.05,0.595703125,0.5428873697916666,0.50048828125,0.09176108241081238
0.3058064778645833,0.29889647165934247,0.292236328125,1288.6297365762293,835,False,0.05,0.60693359375,0.5373611450195312,0.5,0.09136176109313965
0.3061930338541667,0.2993977864583333,0.2929280598958333,1290.0300339385867,836,False,0.05,0.58447265625,0.5352605183919271,0.5,0.09096266329288483
0.3068644205729167,0.29892105526394314,0.2911783854166667,1291.4455332048237,837,False,0.05,0.5751953125,0.5331242879231771,0.50048828125,0.09056168794631958
0.3057657877604167,0.29923439025878906,0.29248046875,1292.8472785651684,838,False,0.05,0.587890625,0.5380172729492188,0.5,0.09016799926757812
0.3052164713541667,0.299069086710612,0.2918294270833333,1294.3062643520534,839,False,0.05,0.60791015625,0.5418675740559896,0.5,0.08977969735860825
0.3077189127604167,0.29921870761447483,0.2910970052083333,1295.7557560727,840,False,0.05,0.5966796875,0.5445429484049479,0.50048828125,0.08939523994922638
0.3073527018229167,0.2992921405368381,0.2935791015625,1298.5367133803666,841,False,0.05,0.58056640625,0.5363235473632812,0.5,0.08900313079357147
0.3058675130208333,0.299166997273763,0.2897745768229167,1299.9337988831103,842,False,0.05,0.5859375,0.5355606079101562,0.5,0.08861248195171356
0.30572509765625,0.29892857869466144,0.2923990885416667,1301.3333875499666,843,False,0.05,0.57568359375,0.5322519938151041,0.5,0.08821859955787659
0.3063557942708333,0.29911231994628906,0.2908935546875,1302.7262049019337,844,False,0.05,0.59814453125,0.5474192301432291,0.5,0.0878450870513916
0.3086954752604167,0.299361440870497,0.2908528645833333,1304.1211027652025,845,False,0.05,0.583984375,0.5382741292317709,0.5,0.08746302127838135
0.3061930338541667,0.29932488335503477,0.29168701171875,1305.5103950500488,846,False,0.05,0.59130859375,0.5439122517903646,0.5,0.08708468079566956
0.3060099283854167,0.29939619700113934,0.2935384114583333,1306.905159138143,847,False,0.05,0.583984375,0.5429738362630209,0.5,0.08670924603939056
0.3044840494791667,0.29874738057454425,0.291748046875,1308.2930131070316,848,False,0.05,0.5810546875,0.5367584228515625,0.5,0.08632718026638031
0.3055013020833333,0.2991371154785156,0.2903238932291667,1309.725509289652,849,False,0.05,0.58544921875,0.5347162882486979,0.5,0.08594546467065811
0.3066202799479167,0.29920917087131077,0.2919921875,1311.166637904942,850,False,0.05,0.59033203125,0.5376408894856771,0.5,0.08556900918483734
0.3059285481770833,0.2990017996893989,0.29150390625,1313.9041229523718,851,False,0.05,0.580078125,0.5341059366861979,0.50048828125,0.08518820255994797
0.305419921875,0.2992780473497179,0.29248046875,1315.3223528936505,852,False,0.05,0.57861328125,0.5363438924153646,0.5,0.08481313288211823
0.3053181966145833,0.29919762081570095,0.28851318359375,1316.7201517373323,853,False,0.05,0.5966796875,0.5427500406901041,0.5,0.08444556593894958
0.3066813151041667,0.299038569132487,0.2910359700520833,1318.127318419516,854,False,0.05,0.5771484375,0.5304387410481771,0.5,0.08406507968902588
0.3057657877604167,0.2989283667670356,0.292724609375,1319.5262010619044,855,False,0.05,0.59423828125,0.5416310628255209,0.5,0.08369916677474976
0.3060302734375,0.29925282796223956,0.2930704752604167,1320.926388669759,856,False,0.05,0.615234375,0.5574264526367188,0.50048828125,0.08335186541080475
0.30511474609375,0.2991817262437609,0.2913411458333333,1322.3249950110912,857,False,0.05,0.58935546875,0.5330149332682291,0.50048828125,0.0829787328839302
0.30615234375,0.29897212982177734,0.2930094401041667,1323.7121251001954,858,False,0.05,0.5927734375,0.5489679972330729,0.5,0.08262397348880768
0.30755615234375,0.2994622124565972,0.2917073567708333,1325.1181282959878,859,False,0.05,0.57861328125,0.5343449910481771,0.5,0.08225499838590622
0.3054402669270833,0.29874112870958114,0.2919921875,1326.5224961191416,860,False,0.05,0.60693359375,0.5398635864257812,0.5009765625,0.08189324289560318
0.3058675130208333,0.2990072038438585,0.2926839192708333,1329.3034238815308,861,False,0.05,0.57568359375,0.5338083902994791,0.5,0.08152693510055542
0.3074747721354167,0.29937945471869576,0.2927449544270833,1330.7067309841514,862,False,0.05,0.5810546875,0.5353342692057291,0.5,0.08116234838962555
0.3064371744791667,0.29905467563205296,0.29083251953125,1332.1047763861716,863,False,0.05,0.57666015625,0.5318476359049479,0.5,0.08079568296670914
0.30657958984375,0.29874123467339414,0.2915852864583333,1333.506044484675,864,False,0.05,0.59130859375,0.5432179768880209,0.5,0.08044221997261047
0.3058268229166667,0.2990885840521918,0.2917073567708333,1334.9020506218076,865,False,0.05,0.5810546875,0.5397262573242188,0.50048828125,0.08008740842342377
0.3049519856770833,0.29909197489420575,0.2918904622395833,1336.3049585409462,866,False,0.05,0.58251953125,0.5320917765299479,0.5,0.07972664386034012
0.3068644205729167,0.2987392213609484,0.29022216796875,1337.705109525472,867,False,0.05,0.58544921875,0.5396397908528646,0.50048828125,0.07937407493591309
0.3054606119791667,0.2988427480061849,0.29248046875,1339.0963805168867,868,False,0.05,0.58447265625,0.5386759440104166,0.50048828125,0.07902200520038605
0.30731201171875,0.29878605736626523,0.2911783854166667,1340.494355775416,869,False,0.05,0.58984375,0.5329335530598959,0.50048828125,0.07866480201482773
0.3072713216145833,0.2990029652913411,0.2908732096354167,1341.9049649201334,870,False,0.05,0.6025390625,0.5490239461263021,0.5,0.07832570374011993
0.30670166015625,0.2987845738728841,0.2924397786458333,1344.7296286039054,871,False,0.05,0.58203125,0.5327657063802084,0.5,0.07797158509492874
0.3077799479166667,0.2990422778659397,0.2921956380208333,1346.131212644279,872,False,0.05,0.57763671875,0.5387827555338541,0.5,0.0776248574256897
0.3068440755208333,0.29944801330566406,0.2921346028645833,1347.5268236622214,873,False,0.05,0.59765625,0.5428314208984375,0.5,0.07728352397680283
0.3075154622395833,0.29928186204698354,0.2909138997395833,1348.9283180087805,874,False,0.05,0.59619140625,0.5417429606119791,0.50048828125,0.07694250345230103
0.30645751953125,0.2994179195827908,0.2917683919270833,1350.324114460498,875,False,0.05,0.5927734375,0.5400644938151041,0.5,0.07660059630870819
0.30767822265625,0.2994740804036458,0.2924397786458333,1351.7248286232352,876,False,0.05,0.58984375,0.5326665242513021,0.5,0.07625217735767365
0.3066609700520833,0.2995149824354384,0.2940470377604167,1353.1238975599408,877,False,0.05,0.60546875,0.5388768513997396,0.5,0.07591225951910019
0.3055826822916667,0.29942576090494794,0.2940673828125,1354.5232980698347,878,False,0.05,0.6015625,0.5433807373046875,0.50048828125,0.07557680457830429
0.3047688802083333,0.29923650953504777,0.2897745768229167,1355.9350631833076,879,False,0.05,0.5771484375,0.5380859375,0.5,0.07523884624242783
0.3063557942708333,0.299224853515625,0.29095458984375,1357.3479334712029,880,False,0.05,0.587890625,0.5367762247721354,0.50048828125,0.07490026205778122
0.3051961263020833,0.29928673638237846,0.2922159830729167,1360.1188647300005,881,False,0.05,0.5810546875,0.5362014770507812,0.50048828125,0.07456234097480774
0.3061726888020833,0.29923004574245876,0.291015625,1361.5340821556747,882,False,0.05,0.57763671875,0.5340983072916666,0.5,0.07422317564487457
0.3065185546875,0.29934204949273,0.29248046875,1362.9420775659382,883,False,0.05,0.5869140625,0.5407079060872396,0.5,0.07389247417449951
0.3077189127604167,0.2990221447414822,0.29180908203125,1364.3554437495768,884,False,0.05,0.59765625,0.5345026652018229,0.50146484375,0.07355719804763794
0.3071695963541667,0.2991641362508138,0.2918701171875,1365.7710115797818,885,False,0.05,0.57080078125,0.5339304606119791,0.5,0.07322192192077637
0.3086954752604167,0.2993446985880534,0.2929890950520833,1367.1827333532274,886,False,0.05,0.58642578125,0.5349960327148438,0.5,0.07288822531700134
0.3061319986979167,0.2992075814141168,0.2927449544270833,1368.5838077366352,887,False,0.05,0.59375,0.5405782063802084,0.50048828125,0.07256157696247101
0.3047688802083333,0.29919475979275173,0.29241943359375,1369.9889841899276,888,False,0.05,0.5859375,0.5384368896484375,0.5,0.07223474979400635
0.3068644205729167,0.29954634772406685,0.2928466796875,1371.3987646251917,889,False,0.05,0.59912109375,0.5373433430989584,0.5,0.07190869748592377
0.3077189127604167,0.29931026034884983,0.2902018229166667,1372.8078681491315,890,False,0.05,0.60009765625,0.5327199300130209,0.5,0.0715809166431427
0.3072306315104167,0.29909706115722656,0.29266357421875,1375.608866583556,891,False,0.05,0.58740234375,0.5403569539388021,0.5,0.07126019150018692
0.3064371744791667,0.29868306054009336,0.2907511393229167,1377.0339362621307,892,False,0.05,0.5771484375,0.5308380126953125,0.5,0.0709313303232193
0.30572509765625,0.29927900102403426,0.29229736328125,1378.4483720362186,893,False,0.05,0.59130859375,0.5412394205729166,0.5,0.07061316072940826
0.3062744140625,0.2990111245049371,0.2909749348958333,1379.8564390167594,894,False,0.05,0.58154296875,0.54083251953125,0.50048828125,0.07029606401920319
0.3069864908854167,0.2989659839206272,0.28955078125,1381.2820855751634,895,False,0.05,0.6064453125,0.5466817220052084,0.5,0.069986492395401
0.3075764973958333,0.2993362214830187,0.2909342447916667,1382.6925777420402,896,False,0.05,0.60498046875,0.5364735921223959,0.50048828125,0.06966711580753326
0.30694580078125,0.2992747624715169,0.2901407877604167,1384.10830193758,897,False,0.05,0.572265625,0.5357259114583334,0.5,0.06935029476881027
0.3068033854166667,0.2990692986382379,0.2911173502604167,1385.5267811715603,898,False,0.05,0.5771484375,0.5315450032552084,0.5,0.0690288245677948
0.3061319986979167,0.2994911405775282,0.2907511393229167,1386.9281145520508,899,False,0.05,0.5859375,0.537322998046875,0.5,0.06871341168880463
0.3059285481770833,0.2993329366048177,0.29071044921875,1388.3375815041363,900,False,0.05,0.5830078125,0.5410130818684896,0.5,0.0684029757976532
0.3060302734375,0.2991468641493055,0.2916056315104167,1391.1664867289364,901,False,0.05,0.5849609375,0.5360870361328125,0.5,0.0680905133485794
0.3063151041666667,0.2992635303073459,0.2919718424479167,1392.5938696712255,902,False,0.05,0.5927734375,0.5460764567057291,0.5,0.06778748333454132
0.3055826822916667,0.2990009519788954,0.2916463216145833,1393.993564184755,903,False,0.05,0.5966796875,0.5418268839518229,0.5009765625,0.06748297810554504
0.3086344401041667,0.29924996693929035,0.2916666666666667,1395.3953431099653,904,False,0.05,0.58154296875,0.5389175415039062,0.50048828125,0.06717778742313385
0.3053792317708333,0.299425654941135,0.292724609375,1396.7940010093153,905,False,0.05,0.5888671875,0.5396143595377604,0.5,0.0668741762638092
0.3060302734375,0.29919105105929905,0.2917887369791667,1398.1935429126024,906,False,0.05,0.58251953125,0.5293197631835938,0.5,0.06656023859977722
0.3058268229166667,0.29929542541503906,0.2926432291666667,1399.5798072516918,907,False,0.05,0.580078125,0.5399068196614584,0.5009765625,0.0662587434053421
0.3072509765625,0.29928790198432076,0.2912801106770833,1400.9728145822883,908,False,0.05,0.58349609375,0.5353215535481771,0.5,0.0659538209438324
0.3057454427083333,0.29910235934787327,0.2927042643229167,1402.3604782111943,909,False,0.05,0.5810546875,0.5397567749023438,0.50048828125,0.06565437465906143
0.3048095703125,0.29921542273627383,0.2920939127604167,1403.7534345909953,910,False,0.05,0.5888671875,0.535430908203125,0.5,0.0653509572148323
0.3062337239583333,0.29935359954833984,0.29339599609375,1406.4973168075085,911,False,0.05,0.56884765625,0.5329742431640625,0.50048828125,0.06504705548286438
0.3068644205729167,0.2991185718112522,0.2909342447916667,1407.9032309539616,912,False,0.05,0.603515625,0.5425262451171875,0.50048828125,0.06475179642438889
0.3080851236979167,0.2994120915730794,0.2916056315104167,1409.2995576411486,913,False,0.05,0.57275390625,0.5343017578125,0.50048828125,0.06445232033729553
0.30596923828125,0.2996356752183702,0.2925821940104167,1410.6924335323274,914,False,0.05,0.578125,0.5344670613606771,0.50048828125,0.06415347754955292
0.3065388997395833,0.299218389723036,0.2928670247395833,1412.090932585299,915,False,0.05,0.5830078125,0.5369822184244791,0.5,0.06385812908411026
0.3049723307291667,0.2989831500583225,0.2914021809895833,1413.494516633451,916,False,0.05,0.58740234375,0.5348739624023438,0.5,0.06356145441532135
0.3097941080729167,0.29944101969401044,0.2914021809895833,1414.8951411657035,917,False,0.05,0.59130859375,0.5347468058268229,0.5,0.06326701492071152
0.3066813151041667,0.29899014366997606,0.2919718424479167,1416.2973798885942,918,False,0.05,0.587890625,0.5443903605143229,0.50048828125,0.06298162043094635
0.305908203125,0.2994072172376845,0.2916056315104167,1417.6940990500152,919,False,0.05,0.591796875,0.5395711263020834,0.5,0.062691330909729
0.3061116536458333,0.29910850524902344,0.2914225260416667,1419.083777513355,920,False,0.05,0.58740234375,0.5334243774414062,0.50048828125,0.06239879131317139
0.3059488932291667,0.2992384168836806,0.2929484049479167,1421.8156577162445,921,False,0.05,0.58154296875,0.5354690551757812,0.5,0.06210959702730179
0.3052571614583333,0.2991024653116862,0.2895711263020833,1423.2232215069234,922,False,0.05,0.60009765625,0.5584564208984375,0.50048828125,0.06184086948633194
0.30780029296875,0.2996193567911784,0.2919718424479167,1424.628935109824,923,False,0.05,0.57861328125,0.5291620890299479,0.5009765625,0.061547793447971344
0.3069051106770833,0.29921287960476345,0.2910970052083333,1426.0279349461198,924,False,0.05,0.58203125,0.5404688517252604,0.50048828125,0.06126432865858078
0.30462646484375,0.2991594738430447,0.2915852864583333,1427.4249882139266,925,False,0.05,0.578125,0.5330632527669271,0.5,0.06097719073295593
0.3053181966145833,0.29915830824110246,0.2916056315104167,1428.8157022595406,926,False,0.05,0.60693359375,0.545135498046875,0.5,0.060702987015247345
0.3063557942708333,0.2994728088378906,0.2916463216145833,1430.2064470760524,927,False,0.05,0.60302734375,0.5419540405273438,0.50048828125,0.06042633205652237
0.30877685546875,0.2996966044108073,0.29278564453125,1431.5964340232313,928,False,0.05,0.5732421875,0.5324198404947916,0.5,0.06014178320765495
0.3069661458333333,0.2998771667480469,0.29144287109375,1432.9826348274946,929,False,0.05,0.5849609375,0.5399220784505209,0.50048828125,0.059864893555641174
0.3090413411458333,0.2992568545871311,0.29290771484375,1434.370991267264,930,False,0.05,0.58544921875,0.5308176676432291,0.5,0.05958203226327896
0.3063557942708333,0.2988861931694879,0.2918701171875,1437.0903352200985,931,False,0.05,0.5673828125,0.530792236328125,0.5,0.05929984524846077
0.3052775065104167,0.29946253034803605,0.2916056315104167,1438.50742931664,932,False,0.05,0.5751953125,0.5313084920247396,0.5,0.05901972949504852
0.3074951171875,0.29929637908935547,0.29254150390625,1439.9266074299812,933,False,0.05,0.57763671875,0.5340118408203125,0.5,0.05874214321374893
0.3081461588541667,0.29981856875949436,0.2933756510416667,1441.332314889878,934,False,0.05,0.5810546875,0.5362294514973959,0.5,0.05846686661243439
0.3053181966145833,0.2993149227566189,0.2913411458333333,1442.7478614524007,935,False,0.05,0.6015625,0.5452957153320312,0.50048828125,0.05819962918758392
0.3055623372395833,0.29911920759412974,0.2911376953125,1444.147590227425,936,False,0.05,0.59814453125,0.5465367635091146,0.5,0.057935312390327454
0.3051961263020833,0.2995272742377387,0.2905476888020833,1445.548880469054,937,False,0.05,0.58154296875,0.5335744222005209,0.5,0.05766180902719498
0.3079427083333333,0.2994565963745117,0.2914021809895833,1446.9542060568929,938,False,0.05,0.58642578125,0.5430170694986979,0.5,0.05739819258451462
0.3056640625,0.2995951970418294,0.28997802734375,1448.3551997877657,939,False,0.05,0.59912109375,0.5431060791015625,0.5,0.05713387578725815
0.30743408203125,0.29959064059787327,0.2918294270833333,1449.7603083774447,940,False,0.05,0.58984375,0.5370330810546875,0.5,0.056866712868213654
0.3053792317708333,0.29953299628363717,0.2927042643229167,1452.5060169138014,941,False,0.05,0.57470703125,0.5343068440755209,0.5,0.05659888684749603
0.3065388997395833,0.29889000786675346,0.2921549479166667,1453.921147365123,942,False,0.05,0.5771484375,0.5287043253580729,0.5,0.05632791668176651
0.30584716796875,0.29919158087836367,0.2928670247395833,1455.338478077203,943,False,0.05,0.58447265625,0.5406138102213541,0.5,0.0560678131878376
0.3067423502604167,0.29906770918104386,0.29180908203125,1456.7423243671656,944,False,0.05,0.58935546875,0.5356521606445312,0.5,0.05580388382077217
0.3053385416666667,0.2987804412841797,0.2919108072916667,1458.140029579401,945,False,0.05,0.59814453125,0.5548629760742188,0.5,0.055556681007146835
0.3101399739583333,0.2987942165798611,0.2915445963541667,1459.533809673041,946,False,0.05,0.59423828125,0.5416793823242188,0.50048828125,0.055300842970609665
0.30908203125,0.29945214589436847,0.29327392578125,1460.9290487878025,947,False,0.05,0.5791015625,0.5298817952473959,0.50048828125,0.05503540858626366
0.30517578125,0.29928239186604816,0.2923990885416667,1462.3295516520739,948,False,0.05,0.5732421875,0.5330886840820312,0.5,0.05477362126111984
0.306396484375,0.2991143332587348,0.2926025390625,1463.725892920047,949,False,0.05,0.56787109375,0.5327987670898438,0.5,0.05451338738203049
0.3072509765625,0.29942671457926434,0.2917277018229167,1465.128092341125,950,False,0.05,0.57861328125,0.5371805826822916,0.50048828125,0.05425756424665451
0.3069661458333333,0.2994284100002713,0.291259765625,1467.8645490333438,951,False,0.05,0.5908203125,0.5414555867513021,0.5,0.054005805402994156
0.30780029296875,0.2993047502305773,0.2915445963541667,1469.350659236312,952,False,0.05,0.5849609375,0.5378443400065104,0.50048828125,0.053752437233924866
0.3074747721354167,0.2994447284274631,0.2923787434895833,1470.8161024861038,953,False,0.05,0.57177734375,0.5336201985677084,0.50048828125,0.053496602922677994
0.3060099283854167,0.29890791575113934,0.2930704752604167,1472.2526673674583,954,False,0.05,0.61376953125,0.5416005452473959,0.5,0.05324828624725342
0.30694580078125,0.2993881437513563,0.2934977213541667,1473.6861982755363,955,False,0.05,0.59228515625,0.541473388671875,0.5009765625,0.05300045385956764
0.3067626953125,0.2993032667371962,0.292236328125,1475.129456549883,956,False,0.05,0.57275390625,0.5358708699544271,0.5009765625,0.05274931713938713
0.307861328125,0.2993058098687066,0.2920735677083333,1476.5670001097023,957,False,0.05,0.5908203125,0.5368932088216146,0.50048828125,0.05249945819377899
0.30615234375,0.29929500155978733,0.2912394205729167,1478.0145885236561,958,False,0.05,0.57568359375,0.5300216674804688,0.5,0.05224626138806343
0.30548095703125,0.2994007534450955,0.2921549479166667,1479.4576062336564,959,False,0.05,0.5908203125,0.5429356892903646,0.5,0.052003469318151474
0.3053385416666667,0.29901695251464844,0.29119873046875,1480.8915454484522,960,False,0.05,0.60205078125,0.5338516235351562,0.5009765625,0.051754798740148544
0.3042805989583333,0.2989178763495551,0.2919514973958333,1483.697123605758,961,False,0.05,0.6015625,0.5335744222005209,0.5,0.05150684714317322
0.3054606119791667,0.29909737904866535,0.29205322265625,1485.1163469664752,962,False,0.05,0.5869140625,0.5425262451171875,0.5009765625,0.05126696825027466
0.3067220052083333,0.29900116390652126,0.2919718424479167,1486.526205331087,963,False,0.05,0.58544921875,0.5454279581705729,0.5,0.051030177623033524
0.3072306315104167,0.29948563045925564,0.2919108072916667,1487.9378146976233,964,False,0.05,0.57275390625,0.5325469970703125,0.50048828125,0.05078624561429024
0.3057047526041667,0.29944727155897355,0.2935384114583333,1489.3563173487782,965,False,0.05,0.59228515625,0.5523274739583334,0.5,0.05055590718984604
0.3102213541666667,0.2997092141045465,0.2926839192708333,1490.768246665597,966,False,0.05,0.58447265625,0.5346476236979166,0.50048828125,0.050313372164964676
0.3075154622395833,0.2993928061591254,0.2926228841145833,1492.1841809935868,967,False,0.05,0.5947265625,0.5423609415690104,0.50048828125,0.05007782205939293
0.3064168294270833,0.2994841469658746,0.2925008138020833,1493.605430740863,968,True,0.05,0.8408203125,0.8176396687825521,0.78369140625,0.05
0.30609130859375,0.29947545793321395,0.29107666015625,1499.8619151636958,969,False,0.03,0.587890625,0.5431009928385416,0.5,0.049766696989536285
0.3085530598958333,0.29931216769748265,0.2925618489583333,1501.2669843696058,970,False,0.03,0.5888671875,0.5348485310872396,0.5,0.049528345465660095
0.3062337239583333,0.29932096269395614,0.29327392578125,1504.1837910972536,971,False,0.03,0.57470703125,0.5364812215169271,0.50048828125,0.049293119460344315
0.3059285481770833,0.29923121134440106,0.29241943359375,1505.5878500975668,972,False,0.03,0.58642578125,0.5321044921875,0.50048828125,0.049055568873882294
0.3064168294270833,0.2992495430840386,0.2923380533854167,1506.9881954193115,973,False,0.03,0.57958984375,0.5301259358723959,0.5,0.048817671835422516
0.30902099609375,0.2993146048651801,0.293701171875,1508.3852953612804,974,False,0.03,0.599609375,0.5378875732421875,0.5,0.04858638346195221
0.3056844075520833,0.2997443940904405,0.2942301432291667,1509.7884798943996,975,False,0.03,0.58056640625,0.5347010294596354,0.5,0.048353757709264755
0.3069051106770833,0.29955005645751953,0.29217529296875,1511.183466412127,976,False,0.03,0.57275390625,0.5374806722005209,0.5,0.04812350124120712
0.3060302734375,0.29955069224039715,0.2938435872395833,1512.5741380043328,977,False,0.03,0.59912109375,0.5377883911132812,0.50048828125,0.04789457470178604
0.3051350911458333,0.2992335425482856,0.2923990885416667,1513.9645258821547,978,False,0.03,0.58056640625,0.5354537963867188,0.50048828125,0.04766417294740677
0.306884765625,0.29933834075927734,0.2928670247395833,1515.3564597405493,979,False,0.03,0.59521484375,0.5386250813802084,0.5,0.04743659496307373
0.3079020182291667,0.29955365922715926,0.2891031901041667,1516.748068727553,980,False,0.03,0.57666015625,0.5295613606770834,0.50048828125,0.047205034643411636
0.30621337890625,0.29953458574083114,0.2921956380208333,1519.6173102781177,981,False,0.03,0.5849609375,0.5333251953125,0.5,0.046976830810308456
0.3084920247395833,0.2998459074232313,0.2940266927083333,1521.0217904113233,982,False,0.03,0.57568359375,0.5333124796549479,0.5,0.046748965978622437
0.30804443359375,0.29975212944878477,0.2920328776041667,1522.4246544204652,983,False,0.03,0.57861328125,0.5332590738932291,0.50048828125,0.046522293239831924
0.3062744140625,0.2993895212809245,0.29193115234375,1523.8180226385593,984,False,0.03,0.583984375,0.5324452718098959,0.50048828125,0.046295665204524994
0.3075154622395833,0.29941590627034503,0.2920735677083333,1525.2172456271946,985,False,0.03,0.58447265625,0.53692626953125,0.5,0.04607386887073517
0.3067423502604167,0.2995918061998155,0.2927042643229167,1526.6118875928223,986,False,0.03,0.58740234375,0.5409571329752604,0.50048828125,0.045856982469558716
0.3052571614583333,0.2992146809895833,0.29150390625,1528.0133756883442,987,False,0.03,0.58935546875,0.5441004435221354,0.5,0.0456414595246315
0.3051554361979167,0.2993033727010091,0.29095458984375,1529.4082921482623,988,False,0.03,0.5888671875,0.5376358032226562,0.5,0.04542252793908119
0.3065388997395833,0.29949039883083767,0.2923583984375,1530.815244924277,989,False,0.03,0.58203125,0.5383758544921875,0.5,0.04520552232861519
0.3065592447916667,0.29970677693684894,0.2922566731770833,1532.2170132175088,990,False,0.03,0.58154296875,0.5332107543945312,0.50048828125,0.04498578608036041
0.3075154622395833,0.29955599043104386,0.29052734375,1535.0827698111534,991,False,0.03,0.5869140625,0.5408121744791666,0.5,0.0447719544172287
0.3066202799479167,0.29933124118381077,0.2925821940104167,1536.4901260212064,992,False,0.03,0.58544921875,0.5334803263346354,0.50048828125,0.04455365240573883
0.30780029296875,0.29943264855278856,0.291259765625,1537.896141525358,993,False,0.03,0.59375,0.5510152180989584,0.5,0.044347282499074936
0.306640625,0.2994258668687608,0.292236328125,1539.2926911376417,994,False,0.03,0.5830078125,0.5389200846354166,0.50048828125,0.04413498938083649
0.3054402669270833,0.2995978461371528,0.2906087239583333,1540.684835460037,995,False,0.03,0.58203125,0.542327880859375,0.5,0.04392485320568085
0.3097737630208333,0.29915279812282985,0.2863566080729167,1542.0719846859574,996,False,0.03,0.57666015625,0.531158447265625,0.50048828125,0.04371047392487526
0.3055013020833333,0.29919317033555776,0.2915242513020833,1543.4651839621365,997,False,0.03,0.5888671875,0.5323918660481771,0.5,0.04349696636199951
0.30731201171875,0.29940022362603075,0.2931111653645833,1544.8584147840738,998,False,0.03,0.57373046875,0.5365651448567709,0.5,0.04328709840774536
0.3056640625,0.29929478963216144,0.2919108072916667,1546.255510210991,999,False,0.03,0.580078125,0.53704833984375,0.5,0.043078020215034485
0.3055826822916667,0.29928355746799046,0.29156494140625,1547.6476256288588,1000,False,0.03,0.5751953125,0.5356190999348959,0.5,0.04286874830722809
0.3061930338541667,0.2991950776841905,0.2931315104166667,1550.5200518853962,1001,False,0.03,0.57666015625,0.5337727864583334,0.50048828125,0.042658768594264984
0.3067626953125,0.2991821500990126,0.2923787434895833,1551.9392673298717,1002,False,0.03,0.587890625,0.5390065511067709,0.5,0.04245394468307495
0.3058268229166667,0.2993916405571832,0.2909749348958333,1553.3497658781707,1003,False,0.03,0.60107421875,0.5446446736653646,0.50048828125,0.04225386679172516
0.3059488932291667,0.29910755157470703,0.2918701171875,1554.7488817498088,1004,False,0.03,0.5947265625,0.5377324422200521,0.5,0.04204956069588661
0.3072102864583333,0.299599117702908,0.2922159830729167,1556.1488455310464,1005,False,0.03,0.599609375,0.5361760457356771,0.50048828125,0.04184480011463165
0.3086344401041667,0.29951773749457467,0.29052734375,1557.5490754954517,1006,False,0.03,0.57275390625,0.5312423706054688,0.5,0.04163849353790283
0.3072102864583333,0.29943052927652997,0.2918701171875,1558.9557816386223,1007,False,0.03,0.58056640625,0.5350240071614584,0.50048828125,0.04143486171960831
0.308349609375,0.2997673882378472,0.2921346028645833,1560.346141565591,1008,False,0.03,0.576171875,0.5352656046549479,0.50048828125,0.04123387485742569
0.3064371744791667,0.2991484536064996,0.2916463216145833,1561.7360572591424,1009,False,0.03,0.5771484375,0.5323537190755209,0.5,0.041031014174222946
0.30572509765625,0.2992076873779297,0.29345703125,1563.1209155209363,1010,False,0.03,0.57470703125,0.5356369018554688,0.5009765625,0.04083120822906494
0.30621337890625,0.29913446638319224,0.2922159830729167,1565.9099736846983,1011,False,0.03,0.5771484375,0.5343678792317709,0.5,0.04063120484352112
0.3069864908854167,0.29952462514241535,0.2933553059895833,1567.3208842501044,1012,False,0.03,0.5810546875,0.5406468709309896,0.5,0.04043575003743172
0.30548095703125,0.2993474536471897,0.2917683919270833,1568.7301062494516,1013,False,0.03,0.59033203125,0.5359725952148438,0.5,0.040239352732896805
0.30755615234375,0.2993914286295573,0.2933349609375,1570.13211767748,1014,False,0.03,0.58203125,0.5342508951822916,0.5009765625,0.04004102572798729
0.3079020182291667,0.2997263802422418,0.29339599609375,1571.533460650593,1015,False,0.03,0.5791015625,0.5411605834960938,0.5009765625,0.039848316460847855
0.3066202799479167,0.2997261683146159,0.2931315104166667,1572.9312414042652,1016,False,0.03,0.5908203125,0.5383148193359375,0.5009765625,0.0396549291908741
0.3044026692708333,0.29933929443359375,0.2929890950520833,1574.3305666781962,1017,False,0.03,0.59912109375,0.5506973266601562,0.50048828125,0.03946951404213905
0.3062744140625,0.2996678882175022,0.2931315104166667,1575.72860166803,1018,False,0.03,0.58251953125,0.5348561604817709,0.5009765625,0.03927632048726082
0.3061930338541667,0.29913987053765195,0.2923380533854167,1577.1299068145454,1019,False,0.03,0.5859375,0.5415802001953125,0.5,0.0390872023999691
0.3058268229166667,0.29923152923583984,0.2912190755208333,1578.527770474553,1020,False,0.03,0.57763671875,0.5356190999348959,0.50048828125,0.03889552503824234
0.3075968424479167,0.2995370229085286,0.2918904622395833,1581.337440278381,1021,False,0.03,0.56982421875,0.5297775268554688,0.5,0.038701046258211136
0.3089803059895833,0.29967085520426434,0.29254150390625,1582.7438701353967,1022,False,0.03,0.57666015625,0.5315144856770834,0.50048828125,0.0385085754096508
0.30511474609375,0.2993498908148871,0.2928466796875,1584.149252165109,1023,False,0.03,0.59326171875,0.5418167114257812,0.5,0.038322560489177704
0.3058268229166667,0.2993595335218641,0.2919514973958333,1585.5626682527363,1024,False,0.03,0.58203125,0.5390192667643229,0.5009765625,0.038136012852191925
0.3064371744791667,0.29930369059244794,0.2911376953125,1586.9663782715797,1025,False,0.03,0.5888671875,0.5444920857747396,0.5,0.037954092025756836
0.3064168294270833,0.29939693874782985,0.2923787434895833,1588.3662119731307,1026,False,0.03,0.6005859375,0.5370305379231771,0.5,0.03776809573173523
0.307373046875,0.299297226799859,0.291259765625,1589.7750424332917,1027,False,0.03,0.5810546875,0.5431543986002604,0.50048828125,0.03758659213781357
0.3058268229166667,0.2992563247680664,0.2929484049479167,1591.1868943497539,1028,False,0.03,0.58056640625,0.5377731323242188,0.50048828125,0.037402741611003876
0.3074137369791667,0.2994575500488281,0.2939453125,1592.5897655151784,1029,False,0.03,0.58056640625,0.5384597778320312,0.5009765625,0.03721928596496582
0.3070882161458333,0.2995239893595378,0.2934773763020833,1593.9960415624082,1030,False,0.03,0.5888671875,0.5375467936197916,0.5,0.03703609108924866
0.30535888671875,0.29920609792073566,0.293701171875,1596.847434334457,1031,False,0.03,0.5888671875,0.5386988321940104,0.5,0.03685562312602997
0.3064982096354167,0.2991388108995226,0.2933349609375,1598.2568984255195,1032,False,0.03,0.58349609375,0.5406697591145834,0.50048828125,0.036676742136478424
0.3074137369791667,0.29955344729953337,0.2936808268229167,1599.6664566621184,1033,False,0.03,0.58935546875,0.5367177327473959,0.50048828125,0.036496616899967194
0.3050740559895833,0.29937161339653867,0.2920939127604167,1601.0704631134868,1034,False,0.03,0.57861328125,0.5420125325520834,0.5009765625,0.03631935268640518
0.30743408203125,0.2995012071397569,0.29168701171875,1602.469661284238,1035,False,0.03,0.61279296875,0.5503768920898438,0.5,0.03614778071641922
0.3063761393229167,0.29946857028537327,0.2905680338541667,1603.8723936453462,1036,False,0.03,0.59619140625,0.5448226928710938,0.5,0.03597356379032135
0.307373046875,0.29950565761990017,0.29180908203125,1605.2861576080322,1037,False,0.03,0.583984375,0.5424626668294271,0.50048828125,0.03579864278435707
0.30914306640625,0.29916498396131724,0.29150390625,1606.6990907974541,1038,False,0.03,0.58642578125,0.5331929524739584,0.5009765625,0.035620082169771194
0.30517578125,0.29910776350233287,0.2909138997395833,1608.1055202111602,1039,False,0.03,0.58984375,0.5338083902994791,0.5,0.035443030297756195
0.3073323567708333,0.2995169957478841,0.2911173502604167,1609.5166350156069,1040,False,0.03,0.57958984375,0.5390574137369791,0.50048828125,0.035269156098365784
0.3072713216145833,0.2995021608140734,0.2921142578125,1612.3648453243077,1041,False,0.03,0.58740234375,0.5375391642252604,0.5009765625,0.03509598970413208
0.3069661458333333,0.2993600633409288,0.29345703125,1613.7848854139447,1042,False,0.03,0.5849609375,0.534576416015625,0.5,0.03492170572280884
0.3069864908854167,0.29946009318033856,0.29339599609375,1615.198009353131,1043,False,0.03,0.576171875,0.5368550618489584,0.5,0.03474908694624901
0.3058064778645833,0.29951710171169704,0.2933349609375,1616.6177109666169,1044,False,0.03,0.57568359375,0.5363388061523438,0.50048828125,0.03457702696323395
0.3067220052083333,0.2994076410929362,0.2927042643229167,1618.0319286361337,1045,False,0.03,0.58984375,0.5433731079101562,0.5,0.03440888226032257
0.3069864908854167,0.2994100782606337,0.2922566731770833,1619.4356435276568,1046,False,0.03,0.59130859375,0.5349502563476562,0.5,0.03423771262168884
0.3069864908854167,0.2992406421237522,0.2909138997395833,1620.8306637071073,1047,False,0.03,0.583984375,0.5424626668294271,0.50048828125,0.03407052904367447
0.3053995768229167,0.29939312405056423,0.29248046875,1622.217657584697,1048,False,0.03,0.5888671875,0.5429153442382812,0.5,0.03390537202358246
0.3064778645833333,0.29946115281846786,0.2916259765625,1623.6062941811979,1049,False,0.03,0.59619140625,0.5513102213541666,0.5,0.03374449163675308
0.3073323567708333,0.2995001475016276,0.2903849283854167,1624.9940404184163,1050,False,0.03,0.5888671875,0.5358606974283854,0.5,0.0335768461227417
0.3092041015625,0.29957209693060977,0.29229736328125,1627.7917504273355,1051,False,0.03,0.58544921875,0.5388412475585938,0.5,0.033411018550395966
0.30615234375,0.2997673882378472,0.2890828450520833,1629.1911343969405,1052,False,0.03,0.57666015625,0.5365854899088541,0.50048828125,0.033245690166950226
0.3061930338541667,0.29930464426676434,0.29229736328125,1630.586190149188,1053,False,0.03,0.5712890625,0.5370712280273438,0.50048828125,0.033080823719501495
0.3052164713541667,0.299197514851888,0.2919514973958333,1632.0014030225575,1054,False,0.03,0.59423828125,0.5383504231770834,0.5,0.03291711583733559
0.3067626953125,0.2994214163886176,0.2904052734375,1633.4102575480938,1055,False,0.03,0.5830078125,0.5294698079427084,0.5,0.032750412821769714
0.3070068359375,0.299374262491862,0.2922770182291667,1634.815997183323,1056,False,0.03,0.5869140625,0.5498504638671875,0.50048828125,0.03259347379207611
0.3083699544270833,0.2994089126586914,0.2917277018229167,1636.2163615301251,1057,False,0.03,0.583984375,0.5365498860677084,0.5,0.03243068605661392
0.3059895833333333,0.2994538413153754,0.2903849283854167,1637.614812064916,1058,False,0.03,0.6005859375,0.5426737467447916,0.5009765625,0.03227171301841736
0.30517578125,0.2990230984157986,0.29083251953125,1639.0133731737733,1059,False,0.03,0.58349609375,0.5359293619791666,0.50048828125,0.03211061656475067
0.3072509765625,0.2993493609958225,0.29150390625,1640.412355415523,1060,False,0.03,0.580078125,0.5378087361653646,0.50048828125,0.03195073828101158
0.3072102864583333,0.29972913530137807,0.2927652994791667,1643.227315030992,1061,False,0.03,0.5810546875,0.5410435994466146,0.5,0.03179432451725006
0.3062744140625,0.2997312545776367,0.2931315104166667,1644.6268918961287,1062,False,0.03,0.57568359375,0.5399195353190104,0.5009765625,0.03163699433207512
0.307373046875,0.2995596991644965,0.2912190755208333,1646.025372184813,1063,False,0.03,0.57763671875,0.5438613891601562,0.50048828125,0.03148224204778671
0.3071492513020833,0.2993868721856011,0.2913818359375,1647.4364697784185,1064,False,0.03,0.58447265625,0.5337244669596354,0.5,0.03132310509681702
0.307373046875,0.29997709062364364,0.2933756510416667,1648.8516741544008,1065,False,0.03,0.60400390625,0.5513687133789062,0.5009765625,0.031174015253782272
0.3069661458333333,0.29951032002766925,0.2933756510416667,1650.2725484520197,1066,False,0.03,0.6015625,0.5521799723307291,0.5,0.03102557547390461
0.3065185546875,0.2999619377983941,0.2912190755208333,1651.6700961515307,1067,False,0.03,0.59033203125,0.5404612223307291,0.5009765625,0.030871998518705368
0.3060709635416667,0.29958852132161456,0.2923990885416667,1653.0693100765347,1068,False,0.03,0.58642578125,0.5421778361002604,0.50048828125,0.03071979247033596
0.3062947591145833,0.29970942603217227,0.2921956380208333,1654.4720418415964,1069,False,0.03,0.59521484375,0.5449091593424479,0.5,0.0305690485984087
0.3067830403645833,0.2994558546278212,0.2916259765625,1655.8735054843128,1070,False,0.03,0.59228515625,0.5422312418619791,0.50048828125,0.03041793964803219
0.3061930338541667,0.29943593343098956,0.2930704752604167,1658.68228777498,1071,False,0.03,0.5859375,0.5351282755533854,0.50048828125,0.03026539273560047
0.30596923828125,0.29935540093315977,0.2919514973958333,1660.0801974460483,1072,False,0.03,0.59130859375,0.5355682373046875,0.5,0.030112726613879204
0.3076171875,0.2992227342393663,0.2919718424479167,1661.4690660499036,1073,True,0.03,0.67236328125,0.6271336873372396,0.58642578125,0.03
0.3063557942708333,0.29943211873372394,0.2931722005208333,1667.8095542676747,1074,False,0.02,0.58935546875,0.5445760091145834,0.5,0.029853451997041702
0.3067423502604167,0.2991946538289388,0.2921956380208333,1669.2067501172423,1075,False,0.02,0.58740234375,0.535400390625,0.5,0.02970295399427414
0.3062337239583333,0.299510849846734,0.2926228841145833,1670.6064737848938,1076,False,0.02,0.58349609375,0.5427729288736979,0.5,0.029556892812252045
0.3065185546875,0.29917271931966144,0.292236328125,1672.002782896161,1077,False,0.02,0.5908203125,0.5379689534505209,0.50048828125,0.029409177601337433
0.30767822265625,0.29930252499050564,0.2915852864583333,1673.4028179049492,1078,False,0.02,0.595703125,0.5383351643880209,0.5,0.02926255576312542
0.3064778645833333,0.2990008460150824,0.29168701171875,1674.7982407398522,1079,False,0.02,0.57666015625,0.5397593180338541,0.5,0.029116526246070862
0.3058064778645833,0.29923343658447266,0.2932535807291667,1676.2020446583629,1080,False,0.02,0.5810546875,0.5437444051106771,0.5,0.02897326648235321
0.3065388997395833,0.29920175340440536,0.2927449544270833,1679.1290987096727,1081,False,0.02,0.5791015625,0.535888671875,0.50048828125,0.02882644161581993
0.30718994140625,0.2991376452975803,0.29351806640625,1680.542878523469,1082,False,0.02,0.58837890625,0.5515670776367188,0.50048828125,0.028687607496976852
0.30718994140625,0.29929712083604604,0.28900146484375,1681.9496910050511,1083,False,0.02,0.59619140625,0.5465011596679688,0.50048828125,0.028546782210469246
0.3089803059895833,0.29966142442491317,0.2922159830729167,1683.3507946878672,1084,False,0.02,0.60302734375,0.5425160725911459,0.5,0.028405990451574326
0.30535888671875,0.2996330261230469,0.29339599609375,1684.7411069869995,1085,False,0.02,0.595703125,0.5477294921875,0.5,0.028266921639442444
0.305908203125,0.2993941836886936,0.2931111653645833,1686.1314023844898,1086,False,0.02,0.5712890625,0.5327351888020834,0.50048828125,0.028122639283537865
0.3079630533854167,0.29986498090955943,0.29248046875,1687.5204496905208,1087,False,0.02,0.580078125,0.5331929524739584,0.5,0.02797950990498066
0.3066609700520833,0.2996550665961372,0.29193115234375,1688.9104912132025,1088,False,0.02,0.580078125,0.5398661295572916,0.50048828125,0.027840107679367065
0.3063761393229167,0.2993821038140191,0.2926432291666667,1690.298547964543,1089,False,0.02,0.5869140625,0.5380223592122396,0.5009765625,0.02770024724304676
0.3094889322916667,0.2993499967787001,0.2926839192708333,1691.6995871327817,1090,False,0.02,0.5888671875,0.543060302734375,0.5009765625,0.02756277099251747
0.3092447916666667,0.29930686950683594,0.2925618489583333,1694.5998505353928,1091,False,0.02,0.58154296875,0.5384902954101562,0.5,0.02742447517812252
0.3061930338541667,0.2995147705078125,0.2935791015625,1696.0073102600873,1092,False,0.02,0.5810546875,0.5414632161458334,0.50048828125,0.027287613600492477
0.30609130859375,0.29965782165527344,0.2925821940104167,1697.4175044745207,1093,False,0.02,0.58544921875,0.5372721354166666,0.50048828125,0.027149653062224388
0.3060099283854167,0.2995177374945746,0.2931722005208333,1698.8257491476834,1094,False,0.02,0.59033203125,0.5356496175130209,0.50048828125,0.02701234444975853
0.3063761393229167,0.2995784547593858,0.2943929036458333,1700.2236307263374,1095,False,0.02,0.5859375,0.5422312418619791,0.50048828125,0.02687777765095234
0.3052775065104167,0.29927656385633683,0.29083251953125,1701.6293058618903,1096,False,0.02,0.60009765625,0.5597788492838541,0.5009765625,0.026750903576612473
0.3045654296875,0.29903486039903426,0.2923583984375,1703.0302086658776,1097,False,0.02,0.59912109375,0.5436986287434896,0.5,0.02661789581179619
0.3109944661458333,0.299600707160102,0.2928670247395833,1704.4409655965865,1098,False,0.02,0.58447265625,0.5356725056966146,0.5,0.026482176035642624
0.30657958984375,0.29920917087131077,0.2923380533854167,1705.842148475349,1099,False,0.02,0.5771484375,0.5338541666666666,0.50048828125,0.026346730068325996
0.3050740559895833,0.29940223693847656,0.2928059895833333,1707.255339872092,1100,False,0.02,0.587890625,0.5392252604166666,0.50048828125,0.026214435696601868
0.3072306315104167,0.2996074888441298,0.2907307942708333,1710.1618247814476,1101,False,0.02,0.6005859375,0.5448201497395834,0.50048828125,0.026084743440151215
0.30718994140625,0.29942205217149526,0.2928466796875,1711.5670418292284,1102,False,0.02,0.587890625,0.5340092976888021,0.5,0.025950707495212555
0.306884765625,0.29927582210964626,0.2917683919270833,1712.9700568839908,1103,False,0.02,0.57373046875,0.5386505126953125,0.5,0.02581946924328804
0.30572509765625,0.29946380191379124,0.2930704752604167,1714.3862374313176,1104,False,0.02,0.57861328125,0.5418752034505209,0.50048828125,0.02568959631025791
0.3068440755208333,0.2998139063517253,0.2912190755208333,1715.7934246510267,1105,False,0.02,0.5908203125,0.5405960083007812,0.5009765625,0.025560656562447548
0.30694580078125,0.29959975348578555,0.2932942708333333,1717.203136317432,1106,False,0.02,0.58447265625,0.5411936442057291,0.50146484375,0.02543303743004799
0.3052978515625,0.29925515916612416,0.2917073567708333,1718.6297560445964,1107,False,0.02,0.59423828125,0.5355784098307291,0.5,0.02530275471508503
0.30712890625,0.2996591991848416,0.2925618489583333,1720.0534436739981,1108,False,0.02,0.603515625,0.5439097086588541,0.5,0.025176646187901497
0.30584716796875,0.2991691165500217,0.2919108072916667,1721.4706285893917,1109,False,0.02,0.58984375,0.5459620157877604,0.50048828125,0.02505207061767578
0.3057047526041667,0.29930633968777126,0.29241943359375,1722.8833709917963,1110,False,0.02,0.59326171875,0.5415395100911459,0.50048828125,0.024925824254751205
0.30804443359375,0.29938093821207684,0.2922159830729167,1725.8314333185554,1111,False,0.02,0.5966796875,0.5515874226888021,0.50048828125,0.024804119020700455
0.3060506184895833,0.29960176679823136,0.2907511393229167,1727.246413461864,1112,False,0.02,0.6005859375,0.5378189086914062,0.5009765625,0.024678371846675873
0.3084513346354167,0.2995884153578017,0.2911173502604167,1728.667973279953,1113,False,0.02,0.58349609375,0.5392023722330729,0.50048828125,0.02455388382077217
0.3089803059895833,0.2997062471177843,0.2908732096354167,1730.0895674489439,1114,False,0.02,0.59326171875,0.5480880737304688,0.50146484375,0.024433553218841553
0.3056844075520833,0.29893377092149526,0.28955078125,1731.504435196519,1115,False,0.02,0.57763671875,0.5369211832682291,0.5,0.0243094302713871
0.30645751953125,0.29891014099121094,0.2921956380208333,1732.9112334623933,1116,False,0.02,0.5751953125,0.5352401733398438,0.5009765625,0.0241854265332222
0.3060099283854167,0.2994094424777561,0.2927449544270833,1734.3179662190378,1117,False,0.02,0.6025390625,0.5544179280598959,0.50048828125,0.02406838908791542
0.3065592447916667,0.29963821834988064,0.2940877278645833,1735.7261639609933,1118,False,0.02,0.5751953125,0.5389277140299479,0.5,0.023946184664964676
0.3060302734375,0.29932234022352433,0.2934773763020833,1737.1318099200726,1119,False,0.02,0.5859375,0.5388615926106771,0.50048828125,0.02382427453994751
0.3062540690104167,0.2991918987698025,0.29052734375,1738.535831619054,1120,False,0.02,0.58203125,0.5415115356445312,0.50146484375,0.02370438724756241
0.3094075520833333,0.299512333340115,0.29217529296875,1741.390777669847,1121,False,0.02,0.58935546875,0.5370737711588541,0.50048828125,0.02358328551054001
0.3078206380208333,0.299692259894477,0.2930094401041667,1742.7824127525091,1122,False,0.02,0.587890625,0.5413691202799479,0.5,0.02346472069621086
0.3087361653645833,0.29971546596950954,0.2909952799479167,1744.183441221714,1123,False,0.02,0.59228515625,0.5428975423177084,0.5,0.0233472753316164
0.3060302734375,0.2993958791097005,0.2912394205729167,1745.5880883820355,1124,False,0.02,0.59716796875,0.5508143107096354,0.5,0.023232370615005493
0.3048299153645833,0.2995321485731337,0.29290771484375,1747.0118986219168,1125,False,0.02,0.5810546875,0.5347646077473959,0.5009765625,0.023112908005714417
0.3060709635416667,0.29935794406467015,0.29266357421875,1748.3966328762472,1126,False,0.02,0.5849609375,0.5336990356445312,0.5,0.022993288934230804
0.3056233723958333,0.2994670867919922,0.29400634765625,1749.7808531671762,1127,False,0.02,0.595703125,0.5420405069986979,0.5,0.022877831012010574
0.3062337239583333,0.2995355394151476,0.2935791015625,1751.1895926631987,1128,False,0.02,0.591796875,0.5388031005859375,0.5009765625,0.02276173233985901
0.3074544270833333,0.298977533976237,0.2917887369791667,1752.573589283973,1129,False,0.02,0.57958984375,0.5358632405598959,0.50048828125,0.02264449931681156
0.3074951171875,0.29946814643012154,0.2915242513020833,1753.9756568856537,1130,False,0.02,0.58447265625,0.5419108072916666,0.50048828125,0.022529974579811096
0.3074137369791667,0.2995430628458659,0.2925821940104167,1756.8327502310276,1131,False,0.02,0.59375,0.5402755737304688,0.50048828125,0.022415293380618095
0.3066609700520833,0.29923555586073136,0.2903035481770833,1758.2328100726008,1132,False,0.02,0.60546875,0.5532989501953125,0.5,0.022305719554424286
0.3079833984375,0.2996545367770725,0.2919514973958333,1759.644753858447,1133,False,0.02,0.5771484375,0.5372161865234375,0.5009765625,0.022191543132066727
0.3053792317708333,0.2992052502102322,0.2926839192708333,1761.0976104326546,1134,False,0.02,0.5849609375,0.5466842651367188,0.5009765625,0.022081244736909866
0.3061930338541667,0.29956256018744576,0.291748046875,1762.5381933823228,1135,False,0.02,0.572265625,0.5353724161783854,0.5009765625,0.02196701616048813
0.3050740559895833,0.2990826500786675,0.2915852864583333,1763.9498456045985,1136,False,0.02,0.58837890625,0.5379969278971354,0.50146484375,0.021854206919670105
0.3057861328125,0.2994234297010634,0.2925211588541667,1765.3459320142865,1137,False,0.02,0.58642578125,0.5386784871419271,0.50048828125,0.02174260839819908
0.3063761393229167,0.2993509504530165,0.2922770182291667,1766.750079791993,1138,False,0.02,0.5908203125,0.5484746297200521,0.50048828125,0.021634921431541443
0.30743408203125,0.2997402615017361,0.2935384114583333,1768.1504124961793,1139,False,0.02,0.5830078125,0.5389455159505209,0.5009765625,0.02152424491941929
0.3067423502604167,0.29945193396674263,0.2918904622395833,1769.5458106957376,1140,False,0.02,0.5888671875,0.53326416015625,0.50048828125,0.021412499248981476
0.3094889322916667,0.2991731431749132,0.2914225260416667,1772.434726946056,1141,False,0.02,0.59228515625,0.5412089029947916,0.50048828125,0.02130403369665146
0.305419921875,0.2990845574273004,0.2935791015625,1773.8354902677238,1142,False,0.02,0.59521484375,0.5440699259440104,0.5,0.02119700238108635
0.306396484375,0.2993304994371202,0.2928466796875,1775.2385307364166,1143,False,0.02,0.59423828125,0.5395787556966146,0.5009765625,0.02108849585056305
0.30743408203125,0.2995835410224067,0.2936197916666667,1776.6536541692913,1144,False,0.02,0.60693359375,0.5507837931315104,0.50048828125,0.020984411239624023
0.3086954752604167,0.29999616410997176,0.2947998046875,1778.0687567219138,1145,False,0.02,0.58203125,0.5412953694661459,0.5009765625,0.020877573639154434
0.3072916666666667,0.2994874318440755,0.29302978515625,1779.469571441412,1146,False,0.02,0.5927734375,0.5348637898763021,0.5009765625,0.020769106224179268
0.3058064778645833,0.2996704313490126,0.2930501302083333,1780.8670469745994,1147,False,0.02,0.58740234375,0.5405705769856771,0.50048828125,0.020663343369960785
0.30609130859375,0.29960303836398655,0.28997802734375,1782.263672646135,1148,False,0.02,0.5986328125,0.5502522786458334,0.50048828125,0.02056111767888069
0.30670166015625,0.29982513851589626,0.2928059895833333,1783.6502603664994,1149,False,0.02,0.6015625,0.5469487508138021,0.5,0.02045820653438568
0.3051554361979167,0.2995165718926324,0.2913004557291667,1785.036082483828,1150,False,0.02,0.5859375,0.5413411458333334,0.50048828125,0.020353350788354874
0.3060709635416667,0.2993107901679145,0.2926228841145833,1787.895085837692,1151,False,0.02,0.5859375,0.5422159830729166,0.50048828125,0.020249437540769577
0.3054402669270833,0.2992566426595052,0.2923380533854167,1789.2928014285862,1152,False,0.02,0.5947265625,0.5441029866536459,0.50048828125,0.020146653056144714
0.3078206380208333,0.2992525100708008,0.2902628580729167,1790.6894584596157,1153,False,0.02,0.5869140625,0.539520263671875,0.50048828125,0.020043358206748962
0.3050333658854167,0.2994506624009874,0.2925211588541667,1792.099408235401,1154,True,0.02,0.8076171875,0.771484375,0.740234375,0.02
